run_family	training_mode	profile	detector	n	auroc_mean	auroc_std	best_signal_auroc_mean	best_signal_auroc_std	auroc_logit_mean	auroc_logit_std	auroc_aleatoric_mean	auroc_aleatoric_std	auroc_residual_mean	auroc_residual_std	auroc_forecast_mean	auroc_forecast_std	auroc_epistemic_mean	auroc_epistemic_std	auroc_staleness_mean	auroc_staleness_std	auroc_coherence_mean	auroc_coherence_std	auroc_drift_mean	auroc_drift_std
ablation	det_aug	human	fault_detection/test_id/encoder_dropout	3.0000	0.9455	0.0003	0.9772	0.0043	0.9772	0.0043	0.2905	0.3374					0.7178	0.0641	0.9459	0.0002	0.4999	0.0000	0.4825	0.0002
ablation	det_aug	human	fault_detection/test_id/imu_bias	3.0000	0.5367	0.0233	0.5642	0.0361	0.5641	0.0361	0.4892	0.0614					0.4862	0.0121	0.5023	0.0001	0.4999	0.0001	0.5138	0.0005
ablation	det_aug	human	fault_detection/test_id/insole_missing	3.0000	0.9242	0.0121	0.9813	0.0207	0.9813	0.0207	0.3420	0.5186					0.6424	0.0345	0.8581	0.0010	0.4999	0.0000	0.3183	0.0015
ablation	det_aug	human	fault_detection/test_id/packet_loss	3.0000	0.8907	0.0062	0.9375	0.0005	0.4995	0.0001	0.4999	0.0004					0.4968	0.0095	0.9375	0.0005	0.4794	0.0046	0.5000	0.0001
ablation	det_aug	human	fault_detection/test_id/packet_loss_burst	3.0000	0.7701	0.0126	0.9212	0.0017	0.4992	0.0006	0.5006	0.0002					0.5000	0.0063	0.9212	0.0017	0.0549	0.0043	0.5020	0.0007
ablation	det_aug	human	fault_detection/test_id/packet_loss_partial	3.0000	0.9422	0.0002	1.0000	0.0000	0.4998	0.0002	0.5000	0.0002					0.4996	0.0017	0.9388	0.0003	1.0000	0.0000	0.5000	0.0003
ablation	det_aug	human	fault_detection/test_id/sensor_delay	3.0000	0.8762	0.0014	0.9531	0.0000	0.5295	0.0248	0.4928	0.0465					0.5359	0.0117	0.4970	0.0000	0.9531	0.0000	0.5088	0.0001
ablation	det_aug	human	fault_detection/test_id/sensor_delay_jitter	3.0000	0.8566	0.0067	0.9348	0.0096	0.5428	0.0277	0.4887	0.0548					0.5499	0.0016	0.4969	0.0008	0.9348	0.0096	0.5107	0.0034
ablation	det_aug	human	fault_detection/test_id/stuck_imu	3.0000	0.9651	0.0002	1.0000	0.0000	0.6092	0.0230	0.4866	0.0939					0.5713	0.0156	0.9648	0.0002	1.0000	0.0000	0.4924	0.0005
ablation	det_aug	human	fault_detection/test_ood/encoder_dropout	3.0000	0.9865	0.0005	0.9809	0.0004	0.9485	0.0190	0.3777	0.2020					0.5706	0.0615	0.9809	0.0004	0.5005	0.0001	0.4887	0.0002
ablation	det_aug	human	fault_detection/test_ood/imu_bias	3.0000	0.5298	0.0250	0.5552	0.0132	0.5389	0.0307	0.4952	0.0627					0.4744	0.0116	0.5024	0.0002	0.4997	0.0001	0.5004	0.0002
ablation	det_aug	human	fault_detection/test_ood/insole_missing	3.0000	0.9508	0.0165	0.9825	0.0103	0.9825	0.0103	0.3937	0.4675					0.5767	0.0421	0.8417	0.0013	0.5005	0.0001	0.2930	0.0021
ablation	det_aug	human	fault_detection/test_ood/packet_loss	3.0000	0.9081	0.0041	0.9610	0.0032	0.4995	0.0008	0.4996	0.0004					0.4931	0.0287	0.9610	0.0032	0.4565	0.0052	0.5003	0.0006
ablation	det_aug	human	fault_detection/test_ood/packet_loss_burst	3.0000	0.8335	0.0049	0.9195	0.0057	0.4999	0.0008	0.4994	0.0012					0.4901	0.0070	0.9195	0.0057	0.0535	0.0120	0.5008	0.0017
ablation	det_aug	human	fault_detection/test_ood/packet_loss_partial	3.0000	0.9823	0.0018	0.9999	0.0001	0.4993	0.0005	0.5002	0.0003					0.4937	0.0106	0.9600	0.0016	0.9999	0.0001	0.5003	0.0003
ablation	det_aug	human	fault_detection/test_ood/sensor_delay	3.0000	0.9255	0.0087	0.9890	0.0000	0.5039	0.0128	0.5061	0.0377					0.5199	0.0105	0.4983	0.0001	0.9890	0.0000	0.5044	0.0002
ablation	det_aug	human	fault_detection/test_ood/sensor_delay_jitter	3.0000	0.8957	0.0125	0.9632	0.0101	0.5103	0.0152	0.5019	0.0340					0.5138	0.0127	0.4986	0.0010	0.9632	0.0101	0.5040	0.0019
ablation	det_aug	human	fault_detection/test_ood/stuck_imu	3.0000	0.9971	0.0001	1.0000	0.0000	0.5124	0.0065	0.5078	0.0122					0.5082	0.0223	0.9971	0.0001	1.0000	0.0000	0.4997	0.0003
ablation	det_aug	human	fault_detection/train/encoder_dropout	3.0000	0.9377	0.0005	0.9803	0.0034	0.9803	0.0034	0.2999	0.3280					0.7455	0.0611	0.9376	0.0005	0.5000	0.0000	0.4597	0.0005
ablation	det_aug	human	fault_detection/train/imu_bias	3.0000	0.5211	0.0131	0.5630	0.0292	0.5630	0.0292	0.4893	0.0614					0.4897	0.0067	0.5010	0.0000	0.4999	0.0000	0.5185	0.0005
ablation	det_aug	human	fault_detection/train/insole_missing	3.0000	0.8663	0.0189	0.9773	0.0241	0.9773	0.0241	0.3547	0.4847					0.6173	0.0226	0.8020	0.0008	0.5000	0.0000	0.3675	0.0013
ablation	det_aug	human	fault_detection/train/packet_loss	3.0000	0.8874	0.0018	0.9116	0.0003	0.4998	0.0000	0.4999	0.0002					0.4990	0.0064	0.9116	0.0003	0.4748	0.0011	0.5002	0.0000
ablation	det_aug	human	fault_detection/train/packet_loss_burst	3.0000	0.7964	0.0034	0.8837	0.0011	0.4997	0.0002	0.5001	0.0005					0.4990	0.0020	0.8837	0.0011	0.0800	0.0018	0.5028	0.0006
ablation	det_aug	human	fault_detection/train/packet_loss_partial	3.0000	0.9214	0.0004	0.9988	0.0001	0.4998	0.0001	0.4999	0.0003					0.4999	0.0013	0.9135	0.0007	0.9988	0.0001	0.5001	0.0001
ablation	det_aug	human	fault_detection/train/sensor_delay	3.0000	0.8027	0.0030	0.9374	0.0000	0.5132	0.0176	0.4978	0.0364					0.5273	0.0107	0.4988	0.0000	0.9374	0.0000	0.5152	0.0001
ablation	det_aug	human	fault_detection/train/sensor_delay_jitter	3.0000	0.7900	0.0047	0.9203	0.0023	0.5242	0.0194	0.4954	0.0412					0.5323	0.0093	0.4989	0.0002	0.9203	0.0023	0.5160	0.0006
ablation	det_aug	human	fault_detection/train/stuck_imu	3.0000	0.9667	0.0003	1.0000	0.0000	0.6148	0.0313	0.4888	0.0821					0.5769	0.0044	0.9661	0.0003	1.0000	0.0000	0.4872	0.0004
ablation	det_aug	human	fault_detection/val/encoder_dropout	3.0000	0.9301	0.0012	0.9548	0.0057	0.9548	0.0057	0.2837	0.3402					0.7215	0.0542	0.9343	0.0004	0.5000	0.0000	0.4791	0.0005
ablation	det_aug	human	fault_detection/val/imu_bias	3.0000	0.5276	0.0155	0.5525	0.0165	0.5467	0.0234	0.4962	0.0599					0.4820	0.0111	0.5014	0.0002	0.5000	0.0000	0.5135	0.0006
ablation	det_aug	human	fault_detection/val/insole_missing	3.0000	0.9181	0.0147	0.9691	0.0223	0.9665	0.0265	0.3389	0.5249					0.5790	0.0427	0.8623	0.0009	0.5000	0.0000	0.3122	0.0014
ablation	det_aug	human	fault_detection/val/packet_loss	3.0000	0.7898	0.0065	0.9197	0.0013	0.4997	0.0002	0.4998	0.0002					0.4895	0.0088	0.9197	0.0013	0.4784	0.0052	0.5003	0.0006
ablation	det_aug	human	fault_detection/val/packet_loss_burst	3.0000	0.6958	0.0013	0.8986	0.0009	0.4994	0.0003	0.5003	0.0008					0.5027	0.0050	0.8986	0.0009	0.0791	0.0056	0.5050	0.0013
ablation	det_aug	human	fault_detection/val/packet_loss_partial	3.0000	0.9421	0.0002	0.9997	0.0001	0.4997	0.0003	0.5000	0.0004					0.5041	0.0020	0.9222	0.0005	0.9997	0.0001	0.5003	0.0003
ablation	det_aug	human	fault_detection/val/sensor_delay	3.0000	0.8598	0.0047	0.9529	0.0000	0.5154	0.0140	0.5027	0.0437					0.5239	0.0160	0.5009	0.0001	0.9529	0.0000	0.5136	0.0001
ablation	det_aug	human	fault_detection/val/sensor_delay_jitter	3.0000	0.8370	0.0107	0.9333	0.0081	0.5230	0.0162	0.4987	0.0453					0.5343	0.0110	0.5008	0.0004	0.9333	0.0081	0.5131	0.0021
ablation	det_aug	human	fault_detection/val/stuck_imu	3.0000	0.9549	0.0001	1.0000	0.0000	0.5838	0.0212	0.4898	0.0642					0.5618	0.0102	0.9543	0.0002	1.0000	0.0000	0.4879	0.0003
ablation	det_aug	human	ood_detection/clean	3.0000	0.6510	0.0689	0.7653	0.0439	0.6927	0.0404	0.4873	0.3038					0.7238	0.0146	0.5564	0.0001	0.5624	0.0001	0.6658	0.0001
ablation	det_noaug	human	fault_detection/test_id/encoder_dropout	3.0000	0.9451	0.0010	0.9459	0.0002	0.5289	0.0840	0.4005	0.2513					0.4196	0.0292	0.9459	0.0002	0.4999	0.0000	0.4825	0.0002
ablation	det_noaug	human	fault_detection/test_id/imu_bias	3.0000	0.5249	0.0210	0.5353	0.0214	0.5291	0.0293	0.4906	0.0455					0.5048	0.0039	0.5023	0.0001	0.4999	0.0001	0.5138	0.0005
ablation	det_noaug	human	fault_detection/test_id/insole_missing	3.0000	0.7608	0.1137	0.8581	0.0010	0.5209	0.2611	0.4147	0.2333					0.3105	0.0629	0.8581	0.0010	0.4999	0.0000	0.3183	0.0015
ablation	det_noaug	human	fault_detection/test_id/packet_loss	3.0000	0.9079	0.0262	0.9375	0.0005	0.4997	0.0003	0.5000	0.0002					0.4987	0.0171	0.9375	0.0005	0.4794	0.0046	0.5000	0.0001
ablation	det_noaug	human	fault_detection/test_id/packet_loss_burst	3.0000	0.8474	0.0655	0.9212	0.0017	0.4998	0.0004	0.5005	0.0012					0.4960	0.0143	0.9212	0.0017	0.0549	0.0043	0.5020	0.0007
ablation	det_noaug	human	fault_detection/test_id/packet_loss_partial	3.0000	0.9410	0.0021	1.0000	0.0000	0.4997	0.0003	0.5002	0.0003					0.4926	0.0053	0.9388	0.0003	1.0000	0.0000	0.5000	0.0003
ablation	det_noaug	human	fault_detection/test_id/sensor_delay	3.0000	0.7456	0.2154	0.9531	0.0000	0.4872	0.0056	0.5063	0.0164					0.4908	0.0125	0.4970	0.0000	0.9531	0.0000	0.5088	0.0001
ablation	det_noaug	human	fault_detection/test_id/sensor_delay_jitter	3.0000	0.7264	0.1999	0.9348	0.0096	0.4858	0.0056	0.5034	0.0125					0.5027	0.0041	0.4969	0.0008	0.9348	0.0096	0.5107	0.0034
ablation	det_noaug	human	fault_detection/test_id/stuck_imu	3.0000	0.9650	0.0003	1.0000	0.0000	0.4837	0.0131	0.4986	0.0284					0.5461	0.0076	0.9648	0.0002	1.0000	0.0000	0.4924	0.0005
ablation	det_noaug	human	fault_detection/test_ood/encoder_dropout	3.0000	0.9759	0.0043	0.9809	0.0004	0.4437	0.1767	0.4369	0.3937					0.2188	0.0152	0.9809	0.0004	0.5005	0.0001	0.4887	0.0002
ablation	det_noaug	human	fault_detection/test_ood/imu_bias	3.0000	0.5347	0.0292	0.5439	0.0370	0.5439	0.0370	0.4848	0.0551					0.4831	0.0126	0.5024	0.0002	0.4997	0.0001	0.5004	0.0002
ablation	det_noaug	human	fault_detection/test_ood/insole_missing	3.0000	0.7763	0.0955	0.8513	0.0158	0.3980	0.3175	0.4671	0.3926					0.2053	0.0510	0.8417	0.0013	0.5005	0.0001	0.2930	0.0021
ablation	det_noaug	human	fault_detection/test_ood/packet_loss	3.0000	0.9213	0.0371	0.9610	0.0032	0.4997	0.0006	0.5000	0.0006					0.4941	0.0186	0.9610	0.0032	0.4565	0.0052	0.5003	0.0006
ablation	det_noaug	human	fault_detection/test_ood/packet_loss_burst	3.0000	0.8648	0.0456	0.9195	0.0057	0.5002	0.0025	0.4993	0.0006					0.5045	0.0124	0.9195	0.0057	0.0535	0.0120	0.5008	0.0017
ablation	det_noaug	human	fault_detection/test_ood/packet_loss_partial	3.0000	0.9753	0.0135	0.9999	0.0001	0.5000	0.0003	0.4998	0.0001					0.5029	0.0101	0.9600	0.0016	0.9999	0.0001	0.5003	0.0003
ablation	det_noaug	human	fault_detection/test_ood/sensor_delay	3.0000	0.7903	0.2529	0.9890	0.0000	0.4925	0.0328	0.5024	0.0271					0.4706	0.0201	0.4983	0.0001	0.9890	0.0000	0.5044	0.0002
ablation	det_noaug	human	fault_detection/test_ood/sensor_delay_jitter	3.0000	0.7587	0.2245	0.9632	0.0101	0.4863	0.0327	0.5010	0.0263					0.4904	0.0123	0.4986	0.0010	0.9632	0.0101	0.5040	0.0019
ablation	det_noaug	human	fault_detection/test_ood/stuck_imu	3.0000	0.9971	0.0001	1.0000	0.0000	0.4794	0.0115	0.4988	0.0073					0.5102	0.0336	0.9971	0.0001	1.0000	0.0000	0.4997	0.0003
ablation	det_noaug	human	fault_detection/train/encoder_dropout	3.0000	0.9374	0.0004	0.9376	0.0005	0.5049	0.1068	0.4054	0.2656					0.3965	0.0202	0.9376	0.0005	0.5000	0.0000	0.4597	0.0005
ablation	det_noaug	human	fault_detection/train/imu_bias	3.0000	0.5175	0.0154	0.5342	0.0160	0.5256	0.0265	0.4843	0.0521					0.4933	0.0066	0.5010	0.0000	0.4999	0.0000	0.5185	0.0005
ablation	det_noaug	human	fault_detection/train/insole_missing	3.0000	0.7276	0.0858	0.8020	0.0008	0.4850	0.2331	0.3994	0.2638					0.3233	0.0504	0.8020	0.0008	0.5000	0.0000	0.3675	0.0013
ablation	det_noaug	human	fault_detection/train/packet_loss	3.0000	0.8954	0.0147	0.9116	0.0003	0.4998	0.0001	0.5000	0.0002					0.4964	0.0017	0.9116	0.0003	0.4748	0.0011	0.5002	0.0000
ablation	det_noaug	human	fault_detection/train/packet_loss_burst	3.0000	0.8422	0.0349	0.8837	0.0011	0.4994	0.0003	0.5000	0.0006					0.5006	0.0028	0.8837	0.0011	0.0800	0.0018	0.5028	0.0006
ablation	det_noaug	human	fault_detection/train/packet_loss_partial	3.0000	0.9188	0.0047	0.9988	0.0001	0.4998	0.0001	0.5000	0.0002					0.4997	0.0028	0.9135	0.0007	0.9988	0.0001	0.5001	0.0001
ablation	det_noaug	human	fault_detection/train/sensor_delay	3.0000	0.6950	0.1700	0.9374	0.0000	0.4833	0.0050	0.4966	0.0191					0.4810	0.0017	0.4988	0.0000	0.9374	0.0000	0.5152	0.0001
ablation	det_noaug	human	fault_detection/train/sensor_delay_jitter	3.0000	0.6844	0.1606	0.9203	0.0023	0.4803	0.0059	0.4953	0.0178					0.4873	0.0068	0.4989	0.0002	0.9203	0.0023	0.5160	0.0006
ablation	det_noaug	human	fault_detection/train/stuck_imu	3.0000	0.9665	0.0005	1.0000	0.0000	0.4650	0.0043	0.4913	0.0216					0.5325	0.0048	0.9661	0.0003	1.0000	0.0000	0.4872	0.0004
ablation	det_noaug	human	fault_detection/val/encoder_dropout	3.0000	0.9102	0.0207	0.9343	0.0004	0.5490	0.1083	0.3954	0.2191					0.4359	0.0164	0.9343	0.0004	0.5000	0.0000	0.4791	0.0005
ablation	det_noaug	human	fault_detection/val/imu_bias	3.0000	0.5207	0.0180	0.5331	0.0187	0.5259	0.0270	0.4810	0.0582					0.4928	0.0075	0.5014	0.0002	0.5000	0.0000	0.5135	0.0006
ablation	det_noaug	human	fault_detection/val/insole_missing	3.0000	0.7643	0.1050	0.8623	0.0009	0.5455	0.2517	0.3530	0.2061					0.3047	0.0512	0.8623	0.0009	0.5000	0.0000	0.3122	0.0014
ablation	det_noaug	human	fault_detection/val/packet_loss	3.0000	0.8470	0.0629	0.9197	0.0013	0.4997	0.0002	0.4999	0.0002					0.5003	0.0026	0.9197	0.0013	0.4784	0.0052	0.5003	0.0006
ablation	det_noaug	human	fault_detection/val/packet_loss_burst	3.0000	0.7955	0.0887	0.8986	0.0009	0.4994	0.0006	0.5002	0.0010					0.5029	0.0094	0.8986	0.0009	0.0791	0.0056	0.5050	0.0013
ablation	det_noaug	human	fault_detection/val/packet_loss_partial	3.0000	0.9355	0.0116	0.9997	0.0001	0.4996	0.0002	0.5002	0.0008					0.4960	0.0018	0.9222	0.0005	0.9997	0.0001	0.5003	0.0003
ablation	det_noaug	human	fault_detection/val/sensor_delay	3.0000	0.7389	0.2061	0.9529	0.0000	0.4854	0.0034	0.5116	0.0175					0.4870	0.0090	0.5009	0.0001	0.9529	0.0000	0.5136	0.0001
ablation	det_noaug	human	fault_detection/val/sensor_delay_jitter	3.0000	0.7133	0.1842	0.9333	0.0081	0.4817	0.0056	0.5102	0.0139					0.4931	0.0054	0.5008	0.0004	0.9333	0.0081	0.5131	0.0021
ablation	det_noaug	human	fault_detection/val/stuck_imu	3.0000	0.9547	0.0004	1.0000	0.0000	0.4744	0.0119	0.4792	0.0188					0.5402	0.0067	0.9543	0.0002	1.0000	0.0000	0.4879	0.0003
ablation	det_noaug	human	ood_detection/clean	3.0000	0.6350	0.0495	0.7464	0.0102	0.5401	0.0795	0.4887	0.2357					0.7464	0.0102	0.5564	0.0001	0.5624	0.0001	0.6658	0.0001
ablation	prob_aug	human	fault_detection/test_id/encoder_dropout	3.0000	0.9459	0.0002	0.9459	0.0002	0.6014	0.0320	0.5211	0.0393					0.5590	0.0335	0.9459	0.0002	0.4999	0.0000	0.4825	0.0002
ablation	prob_aug	human	fault_detection/test_id/imu_bias	3.0000	0.5023	0.0001	0.5199	0.0088	0.5199	0.0089	0.4609	0.0029					0.4739	0.0013	0.5023	0.0001	0.4999	0.0001	0.5138	0.0005
ablation	prob_aug	human	fault_detection/test_id/insole_missing	3.0000	0.8581	0.0010	0.8581	0.0010	0.4090	0.0453	0.5030	0.0204					0.4910	0.0145	0.8581	0.0010	0.4999	0.0000	0.3183	0.0015
ablation	prob_aug	human	fault_detection/test_id/packet_loss	3.0000	0.9375	0.0005	0.9375	0.0005	0.4995	0.0001	0.4998	0.0000					0.4994	0.0041	0.9375	0.0005	0.4794	0.0046	0.5000	0.0001
ablation	prob_aug	human	fault_detection/test_id/packet_loss_burst	3.0000	0.9212	0.0017	0.9212	0.0017	0.4989	0.0003	0.5007	0.0005					0.4970	0.0042	0.9212	0.0017	0.0549	0.0043	0.5020	0.0007
ablation	prob_aug	human	fault_detection/test_id/packet_loss_partial	3.0000	0.9388	0.0003	1.0000	0.0000	0.4994	0.0002	0.5001	0.0003					0.4969	0.0037	0.9388	0.0003	1.0000	0.0000	0.5000	0.0003
ablation	prob_aug	human	fault_detection/test_id/sensor_delay	3.0000	0.4970	0.0000	0.9531	0.0000	0.4100	0.0133	0.5751	0.0013					0.5257	0.0109	0.4970	0.0000	0.9531	0.0000	0.5088	0.0001
ablation	prob_aug	human	fault_detection/test_id/sensor_delay_jitter	3.0000	0.4969	0.0008	0.9348	0.0096	0.4056	0.0103	0.5787	0.0034					0.5314	0.0064	0.4969	0.0008	0.9348	0.0096	0.5107	0.0034
ablation	prob_aug	human	fault_detection/test_id/stuck_imu	3.0000	0.9648	0.0002	1.0000	0.0000	0.4439	0.0111	0.5586	0.0082					0.5445	0.0051	0.9648	0.0002	1.0000	0.0000	0.4924	0.0005
ablation	prob_aug	human	fault_detection/test_ood/encoder_dropout	3.0000	0.9809	0.0004	0.9809	0.0004	0.5332	0.0133	0.4778	0.0408					0.4508	0.0434	0.9809	0.0004	0.5005	0.0001	0.4887	0.0002
ablation	prob_aug	human	fault_detection/test_ood/imu_bias	3.0000	0.5024	0.0002	0.5147	0.0122	0.5147	0.0122	0.4666	0.0022					0.4689	0.0199	0.5024	0.0002	0.4997	0.0001	0.5004	0.0002
ablation	prob_aug	human	fault_detection/test_ood/insole_missing	3.0000	0.8417	0.0013	0.8417	0.0013	0.3767	0.0268	0.4838	0.0117					0.4360	0.0202	0.8417	0.0013	0.5005	0.0001	0.2930	0.0021
ablation	prob_aug	human	fault_detection/test_ood/packet_loss	3.0000	0.9610	0.0032	0.9610	0.0032	0.4997	0.0003	0.4998	0.0006					0.4962	0.0136	0.9610	0.0032	0.4565	0.0052	0.5003	0.0006
ablation	prob_aug	human	fault_detection/test_ood/packet_loss_burst	3.0000	0.9195	0.0057	0.9195	0.0057	0.4994	0.0027	0.4999	0.0012					0.4981	0.0061	0.9195	0.0057	0.0535	0.0120	0.5008	0.0017
ablation	prob_aug	human	fault_detection/test_ood/packet_loss_partial	3.0000	0.9600	0.0016	0.9999	0.0001	0.4993	0.0004	0.4995	0.0006					0.4967	0.0162	0.9600	0.0016	0.9999	0.0001	0.5003	0.0003
ablation	prob_aug	human	fault_detection/test_ood/sensor_delay	3.0000	0.4983	0.0001	0.9890	0.0000	0.4521	0.0027	0.5190	0.0021					0.5096	0.0235	0.4983	0.0001	0.9890	0.0000	0.5044	0.0002
ablation	prob_aug	human	fault_detection/test_ood/sensor_delay_jitter	3.0000	0.4986	0.0010	0.9632	0.0101	0.4468	0.0056	0.5201	0.0037					0.5207	0.0013	0.4986	0.0010	0.9632	0.0101	0.5040	0.0019
ablation	prob_aug	human	fault_detection/test_ood/stuck_imu	3.0000	0.9971	0.0001	1.0000	0.0000	0.4700	0.0140	0.5154	0.0082					0.5086	0.0264	0.9971	0.0001	1.0000	0.0000	0.4997	0.0003
ablation	prob_aug	human	fault_detection/train/encoder_dropout	3.0000	0.9376	0.0005	0.9376	0.0005	0.5645	0.0305	0.5566	0.0398					0.5898	0.0410	0.9376	0.0005	0.5000	0.0000	0.4597	0.0005
ablation	prob_aug	human	fault_detection/train/imu_bias	3.0000	0.5010	0.0000	0.5223	0.0069	0.5185	0.0103	0.4616	0.0014					0.4797	0.0032	0.5010	0.0000	0.4999	0.0000	0.5185	0.0005
ablation	prob_aug	human	fault_detection/train/insole_missing	3.0000	0.8020	0.0008	0.8020	0.0008	0.4178	0.0419	0.5011	0.0050					0.4827	0.0026	0.8020	0.0008	0.5000	0.0000	0.3675	0.0013
ablation	prob_aug	human	fault_detection/train/packet_loss	3.0000	0.9116	0.0003	0.9116	0.0003	0.4997	0.0000	0.5000	0.0001					0.4978	0.0028	0.9116	0.0003	0.4748	0.0011	0.5002	0.0000
ablation	prob_aug	human	fault_detection/train/packet_loss_burst	3.0000	0.8837	0.0011	0.8837	0.0011	0.4986	0.0003	0.5005	0.0004					0.4989	0.0031	0.8837	0.0011	0.0800	0.0018	0.5028	0.0006
ablation	prob_aug	human	fault_detection/train/packet_loss_partial	3.0000	0.9135	0.0007	0.9988	0.0001	0.4996	0.0000	0.5000	0.0001					0.4991	0.0026	0.9135	0.0007	0.9988	0.0001	0.5001	0.0001
ablation	prob_aug	human	fault_detection/train/sensor_delay	3.0000	0.4988	0.0000	0.9374	0.0000	0.4015	0.0148	0.5810	0.0022					0.5191	0.0071	0.4988	0.0000	0.9374	0.0000	0.5152	0.0001
ablation	prob_aug	human	fault_detection/train/sensor_delay_jitter	3.0000	0.4989	0.0002	0.9203	0.0023	0.4009	0.0155	0.5824	0.0024					0.5216	0.0074	0.4989	0.0002	0.9203	0.0023	0.5160	0.0006
ablation	prob_aug	human	fault_detection/train/stuck_imu	3.0000	0.9661	0.0003	1.0000	0.0000	0.4285	0.0187	0.5660	0.0124					0.5424	0.0149	0.9661	0.0003	1.0000	0.0000	0.4872	0.0004
ablation	prob_aug	human	fault_detection/val/encoder_dropout	3.0000	0.9343	0.0004	0.9343	0.0004	0.5884	0.0325	0.5561	0.0324					0.5762	0.0243	0.9343	0.0004	0.5000	0.0000	0.4791	0.0005
ablation	prob_aug	human	fault_detection/val/imu_bias	3.0000	0.5014	0.0002	0.5214	0.0079	0.5214	0.0079	0.4602	0.0015					0.4848	0.0105	0.5014	0.0002	0.5000	0.0000	0.5135	0.0006
ablation	prob_aug	human	fault_detection/val/insole_missing	3.0000	0.8623	0.0009	0.8623	0.0009	0.4324	0.0433	0.4476	0.0086					0.4511	0.0229	0.8623	0.0009	0.5000	0.0000	0.3122	0.0014
ablation	prob_aug	human	fault_detection/val/packet_loss	3.0000	0.9197	0.0013	0.9197	0.0013	0.4997	0.0001	0.5002	0.0001					0.4973	0.0020	0.9197	0.0013	0.4784	0.0052	0.5003	0.0006
ablation	prob_aug	human	fault_detection/val/packet_loss_burst	3.0000	0.8986	0.0009	0.8986	0.0009	0.4989	0.0005	0.5002	0.0006					0.5013	0.0008	0.8986	0.0009	0.0791	0.0056	0.5050	0.0013
ablation	prob_aug	human	fault_detection/val/packet_loss_partial	3.0000	0.9222	0.0005	0.9997	0.0001	0.4996	0.0002	0.5001	0.0000					0.5010	0.0085	0.9222	0.0005	0.9997	0.0001	0.5003	0.0003
ablation	prob_aug	human	fault_detection/val/sensor_delay	3.0000	0.5009	0.0001	0.9529	0.0000	0.4175	0.0121	0.5706	0.0014					0.5218	0.0025	0.5009	0.0001	0.9529	0.0000	0.5136	0.0001
ablation	prob_aug	human	fault_detection/val/sensor_delay_jitter	3.0000	0.5008	0.0004	0.9333	0.0081	0.4170	0.0141	0.5706	0.0033					0.5276	0.0115	0.5008	0.0004	0.9333	0.0081	0.5131	0.0021
ablation	prob_aug	human	fault_detection/val/stuck_imu	3.0000	0.9543	0.0002	1.0000	0.0000	0.4386	0.0132	0.5604	0.0129					0.5477	0.0183	0.9543	0.0002	1.0000	0.0000	0.4879	0.0003
ablation	prob_aug	human	ood_detection/clean	3.0000	0.6745	0.0074	0.7254	0.0114	0.4817	0.0394	0.7068	0.0082					0.7254	0.0114	0.5564	0.0001	0.5624	0.0001	0.6658	0.0001
ablation	prob_aug_recon	human	fault_detection/test_id/encoder_dropout	3.0000	0.9563	0.0057	0.9462	0.0002	0.6194	0.0217	0.4908	0.0381	0.8914	0.0166			0.5535	0.0365	0.9462	0.0002	0.5000	0.0000	0.4825	0.0002
ablation	prob_aug_recon	human	fault_detection/test_id/imu_bias	3.0000	0.5024	0.0005	0.5380	0.0032	0.5380	0.0032	0.4529	0.0043	0.5043	0.0033			0.4851	0.0070	0.5021	0.0001	0.5000	0.0001	0.5143	0.0004
ablation	prob_aug_recon	human	fault_detection/test_id/insole_missing	3.0000	0.9320	0.0108	0.9502	0.0184	0.5319	0.0474	0.4347	0.0419	0.9502	0.0184			0.4362	0.0247	0.8594	0.0005	0.5000	0.0000	0.3205	0.0014
ablation	prob_aug_recon	human	fault_detection/test_id/packet_loss	3.0000	0.8794	0.0037	0.9381	0.0006	0.4995	0.0002	0.5000	0.0002	0.5006	0.0002			0.5027	0.0058	0.9381	0.0006	0.4794	0.0047	0.4999	0.0000
ablation	prob_aug_recon	human	fault_detection/test_id/packet_loss_burst	3.0000	0.7460	0.0195	0.9220	0.0018	0.4983	0.0004	0.5012	0.0003	0.5038	0.0004			0.5050	0.0069	0.9220	0.0018	0.0549	0.0043	0.5021	0.0006
ablation	prob_aug_recon	human	fault_detection/test_id/packet_loss_partial	3.0000	0.9192	0.0034	1.0000	0.0000	0.4995	0.0001	0.5002	0.0001	0.5015	0.0001			0.4941	0.0106	0.9393	0.0003	1.0000	0.0000	0.5001	0.0004
ablation	prob_aug_recon	human	fault_detection/test_id/sensor_delay	3.0000	0.8847	0.0016	0.9531	0.0000	0.4441	0.0093	0.5672	0.0057	0.6169	0.0026			0.5075	0.0102	0.4970	0.0000	0.9531	0.0000	0.5090	0.0001
ablation	prob_aug_recon	human	fault_detection/test_id/sensor_delay_jitter	3.0000	0.8703	0.0050	0.9348	0.0096	0.4444	0.0089	0.5711	0.0091	0.6236	0.0066			0.5136	0.0049	0.4968	0.0008	0.9348	0.0096	0.5107	0.0033
ablation	prob_aug_recon	human	fault_detection/test_id/stuck_imu	3.0000	0.9592	0.0004	1.0000	0.0000	0.4700	0.0125	0.5500	0.0080	0.6593	0.0028			0.5210	0.0046	0.9651	0.0002	1.0000	0.0000	0.4921	0.0002
ablation	prob_aug_recon	human	fault_detection/test_ood/encoder_dropout	3.0000	0.8991	0.0095	0.9818	0.0001	0.5868	0.0138	0.4186	0.0144	0.6888	0.0263			0.4408	0.0659	0.9818	0.0001	0.5006	0.0001	0.4887	0.0005
ablation	prob_aug_recon	human	fault_detection/test_ood/imu_bias	3.0000	0.4999	0.0009	0.5412	0.0032	0.5412	0.0032	0.4630	0.0024	0.5070	0.0015			0.4826	0.0038	0.5027	0.0003	0.5003	0.0004	0.5007	0.0003
ablation	prob_aug_recon	human	fault_detection/test_ood/insole_missing	3.0000	0.8403	0.0170	0.8482	0.0072	0.5099	0.0462	0.3821	0.0190	0.8330	0.0225			0.3958	0.0198	0.8438	0.0005	0.5006	0.0001	0.2956	0.0023
ablation	prob_aug_recon	human	fault_detection/test_ood/packet_loss	3.0000	0.7929	0.0072	0.9624	0.0033	0.4996	0.0004	0.4997	0.0004	0.5006	0.0002			0.4899	0.0166	0.9624	0.0033	0.4565	0.0054	0.5004	0.0004
ablation	prob_aug_recon	human	fault_detection/test_ood/packet_loss_burst	3.0000	0.7568	0.0021	0.9211	0.0052	0.4990	0.0004	0.5005	0.0010	0.5019	0.0009			0.5033	0.0024	0.9211	0.0052	0.0536	0.0120	0.5006	0.0019
ablation	prob_aug_recon	human	fault_detection/test_ood/packet_loss_partial	3.0000	0.8181	0.0033	0.9999	0.0001	0.4995	0.0004	0.4996	0.0002	0.5010	0.0005			0.5012	0.0245	0.9616	0.0011	0.9999	0.0001	0.5004	0.0004
ablation	prob_aug_recon	human	fault_detection/test_ood/sensor_delay	3.0000	0.7730	0.0012	0.9890	0.0000	0.4775	0.0081	0.5128	0.0054	0.5444	0.0034			0.5140	0.0019	0.4981	0.0001	0.9890	0.0000	0.5050	0.0007
ablation	prob_aug_recon	human	fault_detection/test_ood/sensor_delay_jitter	3.0000	0.7662	0.0074	0.9632	0.0101	0.4782	0.0092	0.5132	0.0042	0.5498	0.0027			0.4963	0.0307	0.4987	0.0008	0.9632	0.0101	0.5043	0.0027
ablation	prob_aug_recon	human	fault_detection/test_ood/stuck_imu	3.0000	0.8501	0.0051	1.0000	0.0000	0.4770	0.0060	0.5161	0.0040	0.4819	0.0063			0.5064	0.0177	0.9972	0.0000	1.0000	0.0000	0.4995	0.0003
ablation	prob_aug_recon	human	fault_detection/train/encoder_dropout	3.0000	0.9571	0.0072	0.9385	0.0004	0.5855	0.0081	0.5165	0.0440	0.9031	0.0122			0.5702	0.0430	0.9385	0.0004	0.5000	0.0000	0.4595	0.0004
ablation	prob_aug_recon	human	fault_detection/train/imu_bias	3.0000	0.5020	0.0007	0.5360	0.0010	0.5360	0.0010	0.4531	0.0034	0.5052	0.0025			0.4816	0.0050	0.5010	0.0001	0.5000	0.0000	0.5190	0.0005
ablation	prob_aug_recon	human	fault_detection/train/insole_missing	3.0000	0.9046	0.0135	0.9088	0.0228	0.5174	0.0366	0.4338	0.0405	0.9088	0.0228			0.4426	0.0291	0.8031	0.0005	0.5000	0.0000	0.3697	0.0012
ablation	prob_aug_recon	human	fault_detection/train/packet_loss	3.0000	0.8556	0.0028	0.9127	0.0007	0.4997	0.0000	0.5001	0.0000	0.5007	0.0000			0.5010	0.0007	0.9127	0.0007	0.4748	0.0012	0.5002	0.0000
ablation	prob_aug_recon	human	fault_detection/train/packet_loss_burst	3.0000	0.7695	0.0062	0.8848	0.0006	0.4986	0.0001	0.5010	0.0002	0.5036	0.0007			0.5011	0.0013	0.8848	0.0006	0.0800	0.0018	0.5028	0.0006
ablation	prob_aug_recon	human	fault_detection/train/packet_loss_partial	3.0000	0.8800	0.0053	0.9988	0.0001	0.4996	0.0000	0.5001	0.0000	0.5014	0.0002			0.4990	0.0025	0.9146	0.0005	0.9988	0.0001	0.5001	0.0001
ablation	prob_aug_recon	human	fault_detection/train/sensor_delay	3.0000	0.8061	0.0056	0.9374	0.0000	0.4355	0.0086	0.5724	0.0092	0.6022	0.0024			0.5019	0.0025	0.4987	0.0000	0.9374	0.0000	0.5153	0.0001
ablation	prob_aug_recon	human	fault_detection/train/sensor_delay_jitter	3.0000	0.7983	0.0047	0.9203	0.0023	0.4375	0.0080	0.5739	0.0088	0.6079	0.0009			0.5075	0.0029	0.4988	0.0002	0.9203	0.0023	0.5161	0.0006
ablation	prob_aug_recon	human	fault_detection/train/stuck_imu	3.0000	0.9556	0.0025	1.0000	0.0000	0.4595	0.0125	0.5567	0.0066	0.6559	0.0023			0.5179	0.0036	0.9666	0.0002	1.0000	0.0000	0.4871	0.0002
ablation	prob_aug_recon	human	fault_detection/val/encoder_dropout	3.0000	0.9282	0.0101	0.9350	0.0002	0.6122	0.0110	0.5372	0.0399	0.8554	0.0115			0.5821	0.0296	0.9350	0.0002	0.5000	0.0001	0.4790	0.0003
ablation	prob_aug_recon	human	fault_detection/val/imu_bias	3.0000	0.5013	0.0005	0.5391	0.0029	0.5391	0.0029	0.4503	0.0030	0.5019	0.0030			0.4830	0.0145	0.5016	0.0000	0.4999	0.0001	0.5141	0.0004
ablation	prob_aug_recon	human	fault_detection/val/insole_missing	3.0000	0.8837	0.0092	0.8977	0.0134	0.5708	0.0410	0.3769	0.0292	0.8977	0.0134			0.4333	0.0244	0.8637	0.0004	0.5000	0.0001	0.3146	0.0016
ablation	prob_aug_recon	human	fault_detection/val/packet_loss	3.0000	0.7710	0.0050	0.9205	0.0010	0.4996	0.0000	0.5002	0.0001	0.5012	0.0003			0.4910	0.0059	0.9205	0.0010	0.4784	0.0053	0.5003	0.0007
ablation	prob_aug_recon	human	fault_detection/val/packet_loss_burst	3.0000	0.6600	0.0020	0.8995	0.0005	0.4987	0.0007	0.5005	0.0002	0.5026	0.0004			0.5017	0.0062	0.8995	0.0005	0.0791	0.0057	0.5051	0.0011
ablation	prob_aug_recon	human	fault_detection/val/packet_loss_partial	3.0000	0.8768	0.0032	0.9997	0.0001	0.4994	0.0001	0.5002	0.0001	0.5016	0.0002			0.5017	0.0058	0.9231	0.0003	0.9997	0.0001	0.5004	0.0004
ablation	prob_aug_recon	human	fault_detection/val/sensor_delay	3.0000	0.8390	0.0039	0.9529	0.0000	0.4464	0.0112	0.5662	0.0075	0.5981	0.0048			0.5033	0.0066	0.5009	0.0000	0.9529	0.0000	0.5136	0.0001
ablation	prob_aug_recon	human	fault_detection/val/sensor_delay_jitter	3.0000	0.8235	0.0064	0.9333	0.0080	0.4480	0.0113	0.5653	0.0077	0.6042	0.0040			0.5058	0.0015	0.5008	0.0003	0.9333	0.0080	0.5131	0.0021
ablation	prob_aug_recon	human	fault_detection/val/stuck_imu	3.0000	0.9292	0.0007	1.0000	0.0000	0.4684	0.0104	0.5547	0.0030	0.6504	0.0040			0.5121	0.0031	0.9546	0.0001	1.0000	0.0000	0.4879	0.0002
ablation	prob_aug_recon	human	ood_detection/clean	3.0000	0.7340	0.0133	0.7446	0.0047	0.5683	0.0599	0.7068	0.0391	0.7153	0.0268			0.7183	0.0218	0.5564	0.0000	0.5624	0.0002	0.6661	0.0004
ablation	prob_aug_recon_fc	human	fault_detection/test_id/encoder_dropout	3.0000	0.9501	0.0040	0.9460	0.0002	0.6315	0.0344	0.4886	0.0195	0.8663	0.0174	0.8500	0.0183	0.5442	0.0278	0.9460	0.0002	0.4999	0.0000	0.4827	0.0004
ablation	prob_aug_recon_fc	human	fault_detection/test_id/imu_bias	3.0000	0.5017	0.0008	0.5407	0.0075	0.5407	0.0075	0.4543	0.0034	0.5043	0.0016	0.5039	0.0016	0.4824	0.0035	0.5022	0.0002	0.4999	0.0001	0.5139	0.0002
ablation	prob_aug_recon_fc	human	fault_detection/test_id/insole_missing	3.0000	0.9328	0.0171	0.9516	0.0160	0.4835	0.0567	0.4996	0.0429	0.9516	0.0160	0.9374	0.0165	0.4716	0.0337	0.8589	0.0005	0.4999	0.0000	0.3185	0.0016
ablation	prob_aug_recon_fc	human	fault_detection/test_id/packet_loss	3.0000	0.8759	0.0065	0.9379	0.0005	0.4995	0.0002	0.4999	0.0002	0.5005	0.0002	0.5082	0.0011	0.4963	0.0058	0.9379	0.0005	0.4794	0.0046	0.5000	0.0001
ablation	prob_aug_recon_fc	human	fault_detection/test_id/packet_loss_burst	3.0000	0.7432	0.0190	0.9217	0.0018	0.4983	0.0004	0.5013	0.0002	0.5033	0.0006	0.5151	0.0010	0.5017	0.0026	0.9217	0.0018	0.0549	0.0043	0.5022	0.0008
ablation	prob_aug_recon_fc	human	fault_detection/test_id/packet_loss_partial	3.0000	0.9162	0.0044	1.0000	0.0000	0.4994	0.0001	0.5002	0.0002	0.5015	0.0003	0.5084	0.0009	0.4965	0.0039	0.9391	0.0003	1.0000	0.0000	0.5001	0.0003
ablation	prob_aug_recon_fc	human	fault_detection/test_id/sensor_delay	3.0000	0.8791	0.0076	0.9531	0.0000	0.4300	0.0154	0.5715	0.0173	0.6138	0.0156	0.6011	0.0119	0.5160	0.0035	0.4970	0.0001	0.9531	0.0000	0.5090	0.0001
ablation	prob_aug_recon_fc	human	fault_detection/test_id/sensor_delay_jitter	3.0000	0.8676	0.0102	0.9348	0.0096	0.4317	0.0138	0.5737	0.0141	0.6193	0.0127	0.6070	0.0101	0.5174	0.0156	0.4969	0.0008	0.9348	0.0096	0.5106	0.0036
ablation	prob_aug_recon_fc	human	fault_detection/test_id/stuck_imu	3.0000	0.9589	0.0005	1.0000	0.0000	0.4774	0.0125	0.5418	0.0120	0.6595	0.0071	0.6459	0.0056	0.5330	0.0058	0.9650	0.0002	1.0000	0.0000	0.4922	0.0004
ablation	prob_aug_recon_fc	human	fault_detection/test_ood/encoder_dropout	3.0000	0.8900	0.0071	0.9814	0.0002	0.6067	0.0292	0.4182	0.0262	0.6517	0.0306	0.6379	0.0308	0.4393	0.0482	0.9814	0.0002	0.5005	0.0001	0.4889	0.0004
ablation	prob_aug_recon_fc	human	fault_detection/test_ood/imu_bias	3.0000	0.5025	0.0009	0.5416	0.0074	0.5416	0.0074	0.4619	0.0020	0.5086	0.0014	0.5084	0.0012	0.4784	0.0134	0.5028	0.0000	0.4999	0.0002	0.5005	0.0001
ablation	prob_aug_recon_fc	human	fault_detection/test_ood/insole_missing	3.0000	0.8507	0.0391	0.8577	0.0260	0.4720	0.0281	0.4504	0.0264	0.8374	0.0435	0.8110	0.0415	0.4007	0.0260	0.8430	0.0005	0.5005	0.0001	0.2932	0.0021
ablation	prob_aug_recon_fc	human	fault_detection/test_ood/packet_loss	3.0000	0.7924	0.0024	0.9619	0.0031	0.4991	0.0005	0.5000	0.0005	0.5005	0.0001	0.5079	0.0020	0.4925	0.0045	0.9619	0.0031	0.4564	0.0054	0.5005	0.0005
ablation	prob_aug_recon_fc	human	fault_detection/test_ood/packet_loss_burst	3.0000	0.7557	0.0057	0.9204	0.0055	0.4995	0.0016	0.5002	0.0006	0.5019	0.0009	0.5105	0.0025	0.4989	0.0143	0.9204	0.0055	0.0535	0.0120	0.5005	0.0014
ablation	prob_aug_recon_fc	human	fault_detection/test_ood/packet_loss_partial	3.0000	0.8166	0.0047	0.9999	0.0001	0.4996	0.0005	0.4997	0.0006	0.5007	0.0007	0.5072	0.0010	0.4995	0.0192	0.9611	0.0012	0.9999	0.0001	0.5004	0.0005
ablation	prob_aug_recon_fc	human	fault_detection/test_ood/sensor_delay	3.0000	0.7753	0.0080	0.9890	0.0000	0.4763	0.0066	0.5143	0.0064	0.5450	0.0081	0.5398	0.0068	0.5205	0.0161	0.4983	0.0001	0.9890	0.0000	0.5044	0.0005
ablation	prob_aug_recon_fc	human	fault_detection/test_ood/sensor_delay_jitter	3.0000	0.7684	0.0084	0.9632	0.0101	0.4778	0.0044	0.5143	0.0070	0.5496	0.0031	0.5446	0.0023	0.4979	0.0047	0.4986	0.0008	0.9632	0.0101	0.5038	0.0019
ablation	prob_aug_recon_fc	human	fault_detection/test_ood/stuck_imu	3.0000	0.8496	0.0087	1.0000	0.0000	0.4821	0.0058	0.5117	0.0067	0.4798	0.0068	0.4760	0.0061	0.5122	0.0228	0.9972	0.0000	1.0000	0.0000	0.4995	0.0001
ablation	prob_aug_recon_fc	human	fault_detection/train/encoder_dropout	3.0000	0.9503	0.0058	0.9381	0.0003	0.5774	0.0506	0.5227	0.0179	0.8880	0.0117	0.8726	0.0133	0.5684	0.0269	0.9381	0.0003	0.5000	0.0000	0.4603	0.0006
ablation	prob_aug_recon_fc	human	fault_detection/train/imu_bias	3.0000	0.5022	0.0012	0.5395	0.0116	0.5395	0.0116	0.4547	0.0057	0.5049	0.0027	0.5045	0.0022	0.4802	0.0012	0.5009	0.0002	0.5000	0.0000	0.5188	0.0002
ablation	prob_aug_recon_fc	human	fault_detection/train/insole_missing	3.0000	0.9098	0.0268	0.9166	0.0268	0.4829	0.0382	0.4872	0.0306	0.9166	0.0268	0.8951	0.0279	0.4594	0.0335	0.8027	0.0004	0.5000	0.0000	0.3676	0.0016
ablation	prob_aug_recon_fc	human	fault_detection/train/packet_loss	3.0000	0.8555	0.0037	0.9123	0.0002	0.4997	0.0001	0.5001	0.0000	0.5006	0.0001	0.5082	0.0014	0.4981	0.0006	0.9123	0.0002	0.4748	0.0011	0.5002	0.0001
ablation	prob_aug_recon_fc	human	fault_detection/train/packet_loss_burst	3.0000	0.7686	0.0057	0.8844	0.0011	0.4984	0.0005	0.5010	0.0004	0.5034	0.0005	0.5148	0.0023	0.5004	0.0026	0.8844	0.0011	0.0800	0.0018	0.5028	0.0006
ablation	prob_aug_recon_fc	human	fault_detection/train/packet_loss_partial	3.0000	0.8808	0.0045	0.9988	0.0001	0.4996	0.0001	0.5001	0.0001	0.5012	0.0002	0.5080	0.0016	0.5015	0.0010	0.9142	0.0004	0.9988	0.0001	0.5001	0.0001
ablation	prob_aug_recon_fc	human	fault_detection/train/sensor_delay	3.0000	0.8070	0.0082	0.9374	0.0000	0.4224	0.0187	0.5753	0.0117	0.6016	0.0123	0.5889	0.0091	0.5077	0.0046	0.4987	0.0000	0.9374	0.0000	0.5152	0.0001
ablation	prob_aug_recon_fc	human	fault_detection/train/sensor_delay_jitter	3.0000	0.7999	0.0082	0.9203	0.0023	0.4264	0.0182	0.5763	0.0121	0.6068	0.0113	0.5943	0.0083	0.5118	0.0031	0.4988	0.0002	0.9203	0.0023	0.5160	0.0004
ablation	prob_aug_recon_fc	human	fault_detection/train/stuck_imu	3.0000	0.9573	0.0022	1.0000	0.0000	0.4671	0.0174	0.5473	0.0109	0.6583	0.0068	0.6445	0.0052	0.5201	0.0031	0.9664	0.0002	1.0000	0.0000	0.4871	0.0002
ablation	prob_aug_recon_fc	human	fault_detection/val/encoder_dropout	3.0000	0.9187	0.0048	0.9346	0.0003	0.6054	0.0471	0.5392	0.0161	0.8345	0.0091	0.8195	0.0104	0.5760	0.0134	0.9346	0.0003	0.5000	0.0000	0.4795	0.0004
ablation	prob_aug_recon_fc	human	fault_detection/val/imu_bias	3.0000	0.5009	0.0007	0.5433	0.0095	0.5433	0.0095	0.4547	0.0052	0.5009	0.0024	0.5014	0.0020	0.4815	0.0050	0.5016	0.0000	0.5001	0.0001	0.5139	0.0002
ablation	prob_aug_recon_fc	human	fault_detection/val/insole_missing	3.0000	0.8925	0.0249	0.9053	0.0195	0.5316	0.0536	0.4369	0.0362	0.9053	0.0195	0.8857	0.0203	0.4591	0.0340	0.8631	0.0005	0.5000	0.0000	0.3125	0.0016
ablation	prob_aug_recon_fc	human	fault_detection/val/packet_loss	3.0000	0.7707	0.0028	0.9202	0.0012	0.4994	0.0001	0.5003	0.0001	0.5010	0.0004	0.5095	0.0011	0.5004	0.0038	0.9202	0.0012	0.4784	0.0053	0.5003	0.0005
ablation	prob_aug_recon_fc	human	fault_detection/val/packet_loss_burst	3.0000	0.6589	0.0078	0.8991	0.0008	0.4986	0.0002	0.5005	0.0001	0.5028	0.0002	0.5151	0.0010	0.4950	0.0098	0.8991	0.0008	0.0792	0.0056	0.5049	0.0011
ablation	prob_aug_recon_fc	human	fault_detection/val/packet_loss_partial	3.0000	0.8786	0.0019	0.9997	0.0001	0.4994	0.0003	0.5001	0.0003	0.5014	0.0001	0.5089	0.0009	0.4983	0.0014	0.9227	0.0002	0.9997	0.0001	0.5003	0.0004
ablation	prob_aug_recon_fc	human	fault_detection/val/sensor_delay	3.0000	0.8410	0.0053	0.9529	0.0000	0.4339	0.0186	0.5670	0.0145	0.5972	0.0096	0.5861	0.0073	0.5125	0.0025	0.5009	0.0001	0.9529	0.0000	0.5136	0.0001
ablation	prob_aug_recon_fc	human	fault_detection/val/sensor_delay_jitter	3.0000	0.8249	0.0091	0.9333	0.0081	0.4373	0.0199	0.5662	0.0161	0.6024	0.0128	0.5916	0.0100	0.5196	0.0058	0.5008	0.0004	0.9333	0.0081	0.5131	0.0021
ablation	prob_aug_recon_fc	human	fault_detection/val/stuck_imu	3.0000	0.9326	0.0010	1.0000	0.0000	0.4698	0.0164	0.5455	0.0108	0.6530	0.0062	0.6402	0.0053	0.5248	0.0054	0.9545	0.0001	1.0000	0.0000	0.4880	0.0002
ablation	prob_aug_recon_fc	human	ood_detection/clean	3.0000	0.7222	0.0075	0.7205	0.0110	0.5400	0.0353	0.7098	0.0279	0.7007	0.0182	0.6880	0.0160	0.7189	0.0114	0.5564	0.0001	0.5623	0.0001	0.6660	0.0001
action	prob_aug_recon_fc	human_desired	fault_detection/test_id/encoder_dropout	1.0000	0.9483	0.0000	0.9411	0.0000	0.6512	0.0000	0.4546	0.0000	0.8749	0.0000	0.8609	0.0000	0.5493	0.0000	0.9411	0.0000	0.4999	0.0000	0.4946	0.0000
action	prob_aug_recon_fc	human_desired	fault_detection/test_id/imu_bias	1.0000	0.5013	0.0000	0.5312	0.0000	0.5312	0.0000	0.4630	0.0000	0.5048	0.0000	0.5055	0.0000	0.4762	0.0000	0.5021	0.0000	0.5002	0.0000	0.5128	0.0000
action	prob_aug_recon_fc	human_desired	fault_detection/test_id/insole_missing	1.0000	0.9266	0.0000	0.9464	0.0000	0.4862	0.0000	0.4969	0.0000	0.9464	0.0000	0.9329	0.0000	0.4477	0.0000	0.8451	0.0000	0.4999	0.0000	0.3487	0.0000
action	prob_aug_recon_fc	human_desired	fault_detection/test_id/packet_loss	1.0000	0.8686	0.0000	0.9370	0.0000	0.4995	0.0000	0.5002	0.0000	0.5010	0.0000	0.5087	0.0000	0.4920	0.0000	0.9370	0.0000	0.4820	0.0000	0.5000	0.0000
action	prob_aug_recon_fc	human_desired	fault_detection/test_id/packet_loss_burst	1.0000	0.7410	0.0000	0.9187	0.0000	0.4977	0.0000	0.5013	0.0000	0.5029	0.0000	0.5150	0.0000	0.5030	0.0000	0.9187	0.0000	0.0662	0.0000	0.5004	0.0000
action	prob_aug_recon_fc	human_desired	fault_detection/test_id/packet_loss_partial	1.0000	0.9111	0.0000	1.0000	0.0000	0.4995	0.0000	0.5001	0.0000	0.5014	0.0000	0.5081	0.0000	0.5026	0.0000	0.9391	0.0000	1.0000	0.0000	0.5003	0.0000
action	prob_aug_recon_fc	human_desired	fault_detection/test_id/sensor_delay	1.0000	0.8712	0.0000	0.9531	0.0000	0.4614	0.0000	0.5370	0.0000	0.5909	0.0000	0.5802	0.0000	0.4964	0.0000	0.4975	0.0000	0.9531	0.0000	0.5091	0.0000
action	prob_aug_recon_fc	human_desired	fault_detection/test_id/sensor_delay_jitter	1.0000	0.8588	0.0000	0.9366	0.0000	0.4610	0.0000	0.5396	0.0000	0.6066	0.0000	0.5950	0.0000	0.4981	0.0000	0.4973	0.0000	0.9366	0.0000	0.5118	0.0000
action	prob_aug_recon_fc	human_desired	fault_detection/test_id/stuck_imu	1.0000	0.9546	0.0000	1.0000	0.0000	0.4805	0.0000	0.5300	0.0000	0.6677	0.0000	0.6540	0.0000	0.5105	0.0000	0.9587	0.0000	1.0000	0.0000	0.4930	0.0000
action	prob_aug_recon_fc	human_desired	fault_detection/test_ood/encoder_dropout	1.0000	0.8976	0.0000	0.9667	0.0000	0.6435	0.0000	0.4292	0.0000	0.6869	0.0000	0.6737	0.0000	0.4710	0.0000	0.9667	0.0000	0.5006	0.0000	0.4951	0.0000
action	prob_aug_recon_fc	human_desired	fault_detection/test_ood/imu_bias	1.0000	0.5012	0.0000	0.5455	0.0000	0.5455	0.0000	0.4666	0.0000	0.5059	0.0000	0.5063	0.0000	0.4842	0.0000	0.5020	0.0000	0.5005	0.0000	0.5001	0.0000
action	prob_aug_recon_fc	human_desired	fault_detection/test_ood/insole_missing	1.0000	0.8595	0.0000	0.8338	0.0000	0.4773	0.0000	0.4462	0.0000	0.8338	0.0000	0.8110	0.0000	0.3868	0.0000	0.8195	0.0000	0.5006	0.0000	0.3599	0.0000
action	prob_aug_recon_fc	human_desired	fault_detection/test_ood/packet_loss	1.0000	0.8022	0.0000	0.9598	0.0000	0.4999	0.0000	0.5002	0.0000	0.5012	0.0000	0.5073	0.0000	0.5100	0.0000	0.9598	0.0000	0.4568	0.0000	0.5003	0.0000
action	prob_aug_recon_fc	human_desired	fault_detection/test_ood/packet_loss_burst	1.0000	0.7610	0.0000	0.9183	0.0000	0.5007	0.0000	0.4992	0.0000	0.5003	0.0000	0.5081	0.0000	0.4923	0.0000	0.9183	0.0000	0.0450	0.0000	0.5011	0.0000
action	prob_aug_recon_fc	human_desired	fault_detection/test_ood/packet_loss_partial	1.0000	0.8138	0.0000	1.0000	0.0000	0.5000	0.0000	0.4994	0.0000	0.5008	0.0000	0.5068	0.0000	0.4920	0.0000	0.9605	0.0000	1.0000	0.0000	0.5004	0.0000
action	prob_aug_recon_fc	human_desired	fault_detection/test_ood/sensor_delay	1.0000	0.7460	0.0000	0.9890	0.0000	0.4901	0.0000	0.5036	0.0000	0.5296	0.0000	0.5259	0.0000	0.5131	0.0000	0.4980	0.0000	0.9890	0.0000	0.5091	0.0000
action	prob_aug_recon_fc	human_desired	fault_detection/test_ood/sensor_delay_jitter	1.0000	0.7387	0.0000	0.9543	0.0000	0.4920	0.0000	0.5043	0.0000	0.5376	0.0000	0.5332	0.0000	0.4913	0.0000	0.4980	0.0000	0.9543	0.0000	0.5070	0.0000
action	prob_aug_recon_fc	human_desired	fault_detection/test_ood/stuck_imu	1.0000	0.8403	0.0000	1.0000	0.0000	0.4884	0.0000	0.5065	0.0000	0.4627	0.0000	0.4621	0.0000	0.5034	0.0000	0.9939	0.0000	1.0000	0.0000	0.4998	0.0000
action	prob_aug_recon_fc	human_desired	fault_detection/train/encoder_dropout	1.0000	0.9440	0.0000	0.9031	0.0000	0.6088	0.0000	0.4769	0.0000	0.9031	0.0000	0.8888	0.0000	0.5614	0.0000	0.9023	0.0000	0.5000	0.0000	0.4816	0.0000
action	prob_aug_recon_fc	human_desired	fault_detection/train/imu_bias	1.0000	0.5025	0.0000	0.5283	0.0000	0.5283	0.0000	0.4625	0.0000	0.5030	0.0000	0.5038	0.0000	0.4838	0.0000	0.5008	0.0000	0.5000	0.0000	0.5135	0.0000
action	prob_aug_recon_fc	human_desired	fault_detection/train/insole_missing	1.0000	0.8777	0.0000	0.9105	0.0000	0.4819	0.0000	0.4754	0.0000	0.9105	0.0000	0.8882	0.0000	0.4418	0.0000	0.7597	0.0000	0.5000	0.0000	0.3938	0.0000
action	prob_aug_recon_fc	human_desired	fault_detection/train/packet_loss	1.0000	0.8435	0.0000	0.8873	0.0000	0.4997	0.0000	0.5001	0.0000	0.5006	0.0000	0.5079	0.0000	0.4971	0.0000	0.8873	0.0000	0.4760	0.0000	0.5000	0.0000
action	prob_aug_recon_fc	human_desired	fault_detection/train/packet_loss_burst	1.0000	0.7720	0.0000	0.8592	0.0000	0.4988	0.0000	0.5010	0.0000	0.5037	0.0000	0.5150	0.0000	0.4972	0.0000	0.8592	0.0000	0.0781	0.0000	0.5015	0.0000
action	prob_aug_recon_fc	human_desired	fault_detection/train/packet_loss_partial	1.0000	0.8585	0.0000	0.9988	0.0000	0.4997	0.0000	0.5001	0.0000	0.5012	0.0000	0.5077	0.0000	0.4989	0.0000	0.8885	0.0000	0.9988	0.0000	0.4999	0.0000
action	prob_aug_recon_fc	human_desired	fault_detection/train/sensor_delay	1.0000	0.7497	0.0000	0.9374	0.0000	0.4467	0.0000	0.5498	0.0000	0.5814	0.0000	0.5705	0.0000	0.4907	0.0000	0.4989	0.0000	0.9374	0.0000	0.5118	0.0000
action	prob_aug_recon_fc	human_desired	fault_detection/train/sensor_delay_jitter	1.0000	0.7486	0.0000	0.9234	0.0000	0.4475	0.0000	0.5511	0.0000	0.5920	0.0000	0.5807	0.0000	0.4960	0.0000	0.4987	0.0000	0.9234	0.0000	0.5126	0.0000
action	prob_aug_recon_fc	human_desired	fault_detection/train/stuck_imu	1.0000	0.9454	0.0000	1.0000	0.0000	0.4792	0.0000	0.5324	0.0000	0.6562	0.0000	0.6438	0.0000	0.5125	0.0000	0.9429	0.0000	1.0000	0.0000	0.4920	0.0000
action	prob_aug_recon_fc	human_desired	fault_detection/val/encoder_dropout	1.0000	0.9101	0.0000	0.9268	0.0000	0.6353	0.0000	0.4935	0.0000	0.8399	0.0000	0.8261	0.0000	0.5762	0.0000	0.9268	0.0000	0.4999	0.0000	0.4873	0.0000
action	prob_aug_recon_fc	human_desired	fault_detection/val/imu_bias	1.0000	0.5009	0.0000	0.5307	0.0000	0.5307	0.0000	0.4624	0.0000	0.5034	0.0000	0.5040	0.0000	0.4889	0.0000	0.5013	0.0000	0.4999	0.0000	0.5125	0.0000
action	prob_aug_recon_fc	human_desired	fault_detection/val/insole_missing	1.0000	0.8752	0.0000	0.8930	0.0000	0.5330	0.0000	0.4286	0.0000	0.8930	0.0000	0.8719	0.0000	0.4417	0.0000	0.8504	0.0000	0.4999	0.0000	0.3383	0.0000
action	prob_aug_recon_fc	human_desired	fault_detection/val/packet_loss	1.0000	0.7921	0.0000	0.9239	0.0000	0.4995	0.0000	0.5000	0.0000	0.5009	0.0000	0.5091	0.0000	0.5049	0.0000	0.9239	0.0000	0.4727	0.0000	0.5005	0.0000
action	prob_aug_recon_fc	human_desired	fault_detection/val/packet_loss_burst	1.0000	0.6667	0.0000	0.8991	0.0000	0.4984	0.0000	0.5010	0.0000	0.5036	0.0000	0.5160	0.0000	0.5034	0.0000	0.8991	0.0000	0.0839	0.0000	0.5026	0.0000
action	prob_aug_recon_fc	human_desired	fault_detection/val/packet_loss_partial	1.0000	0.8745	0.0000	0.9997	0.0000	0.4994	0.0000	0.5005	0.0000	0.5014	0.0000	0.5091	0.0000	0.4876	0.0000	0.9248	0.0000	0.9997	0.0000	0.5007	0.0000
action	prob_aug_recon_fc	human_desired	fault_detection/val/sensor_delay	1.0000	0.8245	0.0000	0.9529	0.0000	0.4572	0.0000	0.5447	0.0000	0.5771	0.0000	0.5683	0.0000	0.4941	0.0000	0.5008	0.0000	0.9529	0.0000	0.5137	0.0000
action	prob_aug_recon_fc	human_desired	fault_detection/val/sensor_delay_jitter	1.0000	0.8193	0.0000	0.9444	0.0000	0.4576	0.0000	0.5440	0.0000	0.5876	0.0000	0.5783	0.0000	0.5040	0.0000	0.5010	0.0000	0.9444	0.0000	0.5121	0.0000
action	prob_aug_recon_fc	human_desired	fault_detection/val/stuck_imu	1.0000	0.9301	0.0000	1.0000	0.0000	0.4850	0.0000	0.5342	0.0000	0.6542	0.0000	0.6420	0.0000	0.5129	0.0000	0.9517	0.0000	1.0000	0.0000	0.4895	0.0000
action	prob_aug_recon_fc	human_desired	ood_detection/clean	1.0000	0.7093	0.0000	0.7487	0.0000	0.5454	0.0000	0.6697	0.0000	0.7487	0.0000	0.7397	0.0000	0.6693	0.0000	0.5630	0.0000	0.5624	0.0000	0.6785	0.0000
action	prob_aug_recon_fc	human_execution	fault_detection/test_id/encoder_dropout	1.0000	0.9441	0.0000	0.9383	0.0000	0.6068	0.0000	0.4760	0.0000	0.8622	0.0000	0.8474	0.0000	0.5219	0.0000	0.9383	0.0000	0.4999	0.0000	0.4961	0.0000
action	prob_aug_recon_fc	human_execution	fault_detection/test_id/imu_bias	1.0000	0.5006	0.0000	0.5326	0.0000	0.5326	0.0000	0.4640	0.0000	0.5066	0.0000	0.5063	0.0000	0.4930	0.0000	0.5020	0.0000	0.4999	0.0000	0.5115	0.0000
action	prob_aug_recon_fc	human_execution	fault_detection/test_id/insole_missing	1.0000	0.9364	0.0000	0.9672	0.0000	0.5276	0.0000	0.4906	0.0000	0.9672	0.0000	0.9570	0.0000	0.4818	0.0000	0.8359	0.0000	0.4999	0.0000	0.3586	0.0000
action	prob_aug_recon_fc	human_execution	fault_detection/test_id/packet_loss	1.0000	0.8810	0.0000	0.9391	0.0000	0.4995	0.0000	0.5000	0.0000	0.5008	0.0000	0.5087	0.0000	0.4955	0.0000	0.9391	0.0000	0.4820	0.0000	0.4999	0.0000
action	prob_aug_recon_fc	human_execution	fault_detection/test_id/packet_loss_burst	1.0000	0.7504	0.0000	0.9213	0.0000	0.4981	0.0000	0.5015	0.0000	0.5027	0.0000	0.5152	0.0000	0.4975	0.0000	0.9213	0.0000	0.0662	0.0000	0.5000	0.0000
action	prob_aug_recon_fc	human_execution	fault_detection/test_id/packet_loss_partial	1.0000	0.9190	0.0000	1.0000	0.0000	0.4995	0.0000	0.5002	0.0000	0.5011	0.0000	0.5084	0.0000	0.5070	0.0000	0.9406	0.0000	1.0000	0.0000	0.5001	0.0000
action	prob_aug_recon_fc	human_execution	fault_detection/test_id/sensor_delay	1.0000	0.8745	0.0000	0.9530	0.0000	0.4585	0.0000	0.5502	0.0000	0.5997	0.0000	0.5880	0.0000	0.4951	0.0000	0.4974	0.0000	0.9530	0.0000	0.5081	0.0000
action	prob_aug_recon_fc	human_execution	fault_detection/test_id/sensor_delay_jitter	1.0000	0.8625	0.0000	0.9366	0.0000	0.4599	0.0000	0.5498	0.0000	0.6139	0.0000	0.6028	0.0000	0.5129	0.0000	0.4974	0.0000	0.9366	0.0000	0.5103	0.0000
action	prob_aug_recon_fc	human_execution	fault_detection/test_id/stuck_imu	1.0000	0.9543	0.0000	1.0000	0.0000	0.4873	0.0000	0.5380	0.0000	0.6603	0.0000	0.6487	0.0000	0.5306	0.0000	0.9555	0.0000	1.0000	0.0000	0.4942	0.0000
action	prob_aug_recon_fc	human_execution	fault_detection/test_ood/encoder_dropout	1.0000	0.8744	0.0000	0.9572	0.0000	0.5828	0.0000	0.4321	0.0000	0.6650	0.0000	0.6499	0.0000	0.4634	0.0000	0.9572	0.0000	0.5004	0.0000	0.4963	0.0000
action	prob_aug_recon_fc	human_execution	fault_detection/test_ood/imu_bias	1.0000	0.5029	0.0000	0.5521	0.0000	0.5521	0.0000	0.4721	0.0000	0.5059	0.0000	0.5078	0.0000	0.4701	0.0000	0.5022	0.0000	0.4999	0.0000	0.4999	0.0000
action	prob_aug_recon_fc	human_execution	fault_detection/test_ood/insole_missing	1.0000	0.8696	0.0000	0.8656	0.0000	0.4886	0.0000	0.4735	0.0000	0.8656	0.0000	0.8459	0.0000	0.4086	0.0000	0.8085	0.0000	0.5004	0.0000	0.3803	0.0000
action	prob_aug_recon_fc	human_execution	fault_detection/test_ood/packet_loss	1.0000	0.8004	0.0000	0.9651	0.0000	0.4994	0.0000	0.5002	0.0000	0.5006	0.0000	0.5072	0.0000	0.4954	0.0000	0.9651	0.0000	0.4571	0.0000	0.5007	0.0000
action	prob_aug_recon_fc	human_execution	fault_detection/test_ood/packet_loss_burst	1.0000	0.7593	0.0000	0.9245	0.0000	0.4989	0.0000	0.4993	0.0000	0.4998	0.0000	0.5079	0.0000	0.4846	0.0000	0.9245	0.0000	0.0451	0.0000	0.5010	0.0000
action	prob_aug_recon_fc	human_execution	fault_detection/test_ood/packet_loss_partial	1.0000	0.8138	0.0000	1.0000	0.0000	0.4991	0.0000	0.5006	0.0000	0.5009	0.0000	0.5071	0.0000	0.4988	0.0000	0.9656	0.0000	1.0000	0.0000	0.5008	0.0000
action	prob_aug_recon_fc	human_execution	fault_detection/test_ood/sensor_delay	1.0000	0.7612	0.0000	0.9890	0.0000	0.4911	0.0000	0.5072	0.0000	0.5327	0.0000	0.5280	0.0000	0.5252	0.0000	0.4981	0.0000	0.9890	0.0000	0.5084	0.0000
action	prob_aug_recon_fc	human_execution	fault_detection/test_ood/sensor_delay_jitter	1.0000	0.7517	0.0000	0.9543	0.0000	0.4941	0.0000	0.5069	0.0000	0.5404	0.0000	0.5372	0.0000	0.5206	0.0000	0.4977	0.0000	0.9543	0.0000	0.5070	0.0000
action	prob_aug_recon_fc	human_execution	fault_detection/test_ood/stuck_imu	1.0000	0.8267	0.0000	1.0000	0.0000	0.4821	0.0000	0.5118	0.0000	0.4606	0.0000	0.4609	0.0000	0.4998	0.0000	0.9913	0.0000	1.0000	0.0000	0.4997	0.0000
action	prob_aug_recon_fc	human_execution	fault_detection/train/encoder_dropout	1.0000	0.9258	0.0000	0.8896	0.0000	0.5769	0.0000	0.4959	0.0000	0.8896	0.0000	0.8751	0.0000	0.5410	0.0000	0.8813	0.0000	0.5000	0.0000	0.4755	0.0000
action	prob_aug_recon_fc	human_execution	fault_detection/train/imu_bias	1.0000	0.5014	0.0000	0.5319	0.0000	0.5319	0.0000	0.4617	0.0000	0.5046	0.0000	0.5043	0.0000	0.4884	0.0000	0.5008	0.0000	0.4999	0.0000	0.5137	0.0000
action	prob_aug_recon_fc	human_execution	fault_detection/train/insole_missing	1.0000	0.8946	0.0000	0.9361	0.0000	0.5151	0.0000	0.4792	0.0000	0.9361	0.0000	0.9185	0.0000	0.4770	0.0000	0.7403	0.0000	0.5000	0.0000	0.3851	0.0000
action	prob_aug_recon_fc	human_execution	fault_detection/train/packet_loss	1.0000	0.8401	0.0000	0.8800	0.0000	0.4997	0.0000	0.5000	0.0000	0.5005	0.0000	0.5080	0.0000	0.4972	0.0000	0.8800	0.0000	0.4761	0.0000	0.5001	0.0000
action	prob_aug_recon_fc	human_execution	fault_detection/train/packet_loss_burst	1.0000	0.7750	0.0000	0.8527	0.0000	0.4988	0.0000	0.5012	0.0000	0.5033	0.0000	0.5148	0.0000	0.4975	0.0000	0.8527	0.0000	0.0781	0.0000	0.5019	0.0000
action	prob_aug_recon_fc	human_execution	fault_detection/train/packet_loss_partial	1.0000	0.8521	0.0000	0.9989	0.0000	0.4997	0.0000	0.5000	0.0000	0.5011	0.0000	0.5077	0.0000	0.4986	0.0000	0.8810	0.0000	0.9989	0.0000	0.4999	0.0000
action	prob_aug_recon_fc	human_execution	fault_detection/train/sensor_delay	1.0000	0.7426	0.0000	0.9374	0.0000	0.4514	0.0000	0.5538	0.0000	0.5898	0.0000	0.5783	0.0000	0.5003	0.0000	0.4990	0.0000	0.9374	0.0000	0.5128	0.0000
action	prob_aug_recon_fc	human_execution	fault_detection/train/sensor_delay_jitter	1.0000	0.7416	0.0000	0.9234	0.0000	0.4523	0.0000	0.5554	0.0000	0.5986	0.0000	0.5871	0.0000	0.5046	0.0000	0.4989	0.0000	0.9234	0.0000	0.5135	0.0000
action	prob_aug_recon_fc	human_execution	fault_detection/train/stuck_imu	1.0000	0.9375	0.0000	1.0000	0.0000	0.4793	0.0000	0.5427	0.0000	0.6531	0.0000	0.6412	0.0000	0.5133	0.0000	0.9269	0.0000	1.0000	0.0000	0.4907	0.0000
action	prob_aug_recon_fc	human_execution	fault_detection/val/encoder_dropout	1.0000	0.8911	0.0000	0.9213	0.0000	0.5946	0.0000	0.5209	0.0000	0.8339	0.0000	0.8194	0.0000	0.5520	0.0000	0.9213	0.0000	0.4999	0.0000	0.4896	0.0000
action	prob_aug_recon_fc	human_execution	fault_detection/val/imu_bias	1.0000	0.5011	0.0000	0.5353	0.0000	0.5353	0.0000	0.4603	0.0000	0.5047	0.0000	0.5044	0.0000	0.4861	0.0000	0.5012	0.0000	0.5000	0.0000	0.5111	0.0000
action	prob_aug_recon_fc	human_execution	fault_detection/val/insole_missing	1.0000	0.8870	0.0000	0.9172	0.0000	0.5694	0.0000	0.4269	0.0000	0.9172	0.0000	0.9012	0.0000	0.4564	0.0000	0.8415	0.0000	0.4999	0.0000	0.3476	0.0000
action	prob_aug_recon_fc	human_execution	fault_detection/val/packet_loss	1.0000	0.8058	0.0000	0.9268	0.0000	0.4993	0.0000	0.5002	0.0000	0.5006	0.0000	0.5092	0.0000	0.4891	0.0000	0.9268	0.0000	0.4727	0.0000	0.5005	0.0000
action	prob_aug_recon_fc	human_execution	fault_detection/val/packet_loss_burst	1.0000	0.6799	0.0000	0.9025	0.0000	0.4984	0.0000	0.5015	0.0000	0.5037	0.0000	0.5164	0.0000	0.5038	0.0000	0.9025	0.0000	0.0839	0.0000	0.5024	0.0000
action	prob_aug_recon_fc	human_execution	fault_detection/val/packet_loss_partial	1.0000	0.8753	0.0000	0.9997	0.0000	0.4994	0.0000	0.5002	0.0000	0.5016	0.0000	0.5088	0.0000	0.4977	0.0000	0.9275	0.0000	0.9997	0.0000	0.5007	0.0000
action	prob_aug_recon_fc	human_execution	fault_detection/val/sensor_delay	1.0000	0.8273	0.0000	0.9529	0.0000	0.4617	0.0000	0.5510	0.0000	0.5848	0.0000	0.5746	0.0000	0.5101	0.0000	0.5008	0.0000	0.9529	0.0000	0.5123	0.0000
action	prob_aug_recon_fc	human_execution	fault_detection/val/sensor_delay_jitter	1.0000	0.8225	0.0000	0.9444	0.0000	0.4612	0.0000	0.5506	0.0000	0.5937	0.0000	0.5832	0.0000	0.5055	0.0000	0.5009	0.0000	0.9444	0.0000	0.5111	0.0000
action	prob_aug_recon_fc	human_execution	fault_detection/val/stuck_imu	1.0000	0.9287	0.0000	1.0000	0.0000	0.4881	0.0000	0.5450	0.0000	0.6506	0.0000	0.6393	0.0000	0.5162	0.0000	0.9499	0.0000	1.0000	0.0000	0.4903	0.0000
action	prob_aug_recon_fc	human_execution	ood_detection/clean	1.0000	0.7327	0.0000	0.7368	0.0000	0.6691	0.0000	0.7220	0.0000	0.7284	0.0000	0.7218	0.0000	0.7368	0.0000	0.5651	0.0000	0.5623	0.0000	0.6826	0.0000
action	prob_aug_recon_fc	human_interaction	fault_detection/test_id/encoder_dropout	1.0000	0.9410	0.0000	0.9348	0.0000	0.6665	0.0000	0.4487	0.0000	0.8651	0.0000	0.8503	0.0000	0.5384	0.0000	0.9348	0.0000	0.5000	0.0000	0.4964	0.0000
action	prob_aug_recon_fc	human_interaction	fault_detection/test_id/imu_bias	1.0000	0.5057	0.0000	0.5338	0.0000	0.5338	0.0000	0.4670	0.0000	0.5077	0.0000	0.5069	0.0000	0.4843	0.0000	0.5023	0.0000	0.5001	0.0000	0.5115	0.0000
action	prob_aug_recon_fc	human_interaction	fault_detection/test_id/insole_missing	1.0000	0.9309	0.0000	0.9616	0.0000	0.5182	0.0000	0.4489	0.0000	0.9616	0.0000	0.9476	0.0000	0.4331	0.0000	0.8262	0.0000	0.5000	0.0000	0.3663	0.0000
action	prob_aug_recon_fc	human_interaction	fault_detection/test_id/packet_loss	1.0000	0.8939	0.0000	0.9410	0.0000	0.5000	0.0000	0.4999	0.0000	0.5003	0.0000	0.5088	0.0000	0.4955	0.0000	0.9410	0.0000	0.4868	0.0000	0.5000	0.0000
action	prob_aug_recon_fc	human_interaction	fault_detection/test_id/packet_loss_burst	1.0000	0.7589	0.0000	0.9238	0.0000	0.4980	0.0000	0.5002	0.0000	0.5021	0.0000	0.5149	0.0000	0.4954	0.0000	0.9238	0.0000	0.0667	0.0000	0.5001	0.0000
action	prob_aug_recon_fc	human_interaction	fault_detection/test_id/packet_loss_partial	1.0000	0.9143	0.0000	1.0000	0.0000	0.4996	0.0000	0.4999	0.0000	0.5017	0.0000	0.5090	0.0000	0.5020	0.0000	0.9418	0.0000	1.0000	0.0000	0.4998	0.0000
action	prob_aug_recon_fc	human_interaction	fault_detection/test_id/sensor_delay	1.0000	0.8723	0.0000	0.9530	0.0000	0.4595	0.0000	0.5441	0.0000	0.5963	0.0000	0.5845	0.0000	0.5055	0.0000	0.4975	0.0000	0.9530	0.0000	0.5076	0.0000
action	prob_aug_recon_fc	human_interaction	fault_detection/test_id/sensor_delay_jitter	1.0000	0.8559	0.0000	0.9357	0.0000	0.4601	0.0000	0.5460	0.0000	0.6074	0.0000	0.5957	0.0000	0.5099	0.0000	0.4971	0.0000	0.9357	0.0000	0.5076	0.0000
action	prob_aug_recon_fc	human_interaction	fault_detection/test_id/stuck_imu	1.0000	0.9519	0.0000	1.0000	0.0000	0.4882	0.0000	0.5237	0.0000	0.6609	0.0000	0.6477	0.0000	0.5116	0.0000	0.9514	0.0000	1.0000	0.0000	0.4947	0.0000
action	prob_aug_recon_fc	human_interaction	fault_detection/test_ood/encoder_dropout	1.0000	0.8749	0.0000	0.9473	0.0000	0.6586	0.0000	0.4173	0.0000	0.6573	0.0000	0.6411	0.0000	0.4445	0.0000	0.9473	0.0000	0.5006	0.0000	0.4963	0.0000
action	prob_aug_recon_fc	human_interaction	fault_detection/test_ood/imu_bias	1.0000	0.5038	0.0000	0.5433	0.0000	0.5433	0.0000	0.4743	0.0000	0.5061	0.0000	0.5063	0.0000	0.4886	0.0000	0.5022	0.0000	0.5001	0.0000	0.4999	0.0000
action	prob_aug_recon_fc	human_interaction	fault_detection/test_ood/insole_missing	1.0000	0.8868	0.0000	0.8741	0.0000	0.5485	0.0000	0.3949	0.0000	0.8741	0.0000	0.8526	0.0000	0.3786	0.0000	0.7960	0.0000	0.5006	0.0000	0.3903	0.0000
action	prob_aug_recon_fc	human_interaction	fault_detection/test_ood/packet_loss	1.0000	0.7994	0.0000	0.9710	0.0000	0.4998	0.0000	0.5000	0.0000	0.4996	0.0000	0.5075	0.0000	0.4784	0.0000	0.9710	0.0000	0.4559	0.0000	0.5001	0.0000
action	prob_aug_recon_fc	human_interaction	fault_detection/test_ood/packet_loss_burst	1.0000	0.7606	0.0000	0.9293	0.0000	0.5003	0.0000	0.4989	0.0000	0.5002	0.0000	0.5095	0.0000	0.4924	0.0000	0.9293	0.0000	0.0448	0.0000	0.5016	0.0000
action	prob_aug_recon_fc	human_interaction	fault_detection/test_ood/packet_loss_partial	1.0000	0.8081	0.0000	1.0000	0.0000	0.5001	0.0000	0.4999	0.0000	0.5009	0.0000	0.5076	0.0000	0.4875	0.0000	0.9705	0.0000	1.0000	0.0000	0.5009	0.0000
action	prob_aug_recon_fc	human_interaction	fault_detection/test_ood/sensor_delay	1.0000	0.7432	0.0000	0.9890	0.0000	0.4867	0.0000	0.5066	0.0000	0.5428	0.0000	0.5350	0.0000	0.5149	0.0000	0.4982	0.0000	0.9890	0.0000	0.5088	0.0000
action	prob_aug_recon_fc	human_interaction	fault_detection/test_ood/sensor_delay_jitter	1.0000	0.7387	0.0000	0.9683	0.0000	0.4903	0.0000	0.5080	0.0000	0.5479	0.0000	0.5396	0.0000	0.5138	0.0000	0.4976	0.0000	0.9683	0.0000	0.5083	0.0000
action	prob_aug_recon_fc	human_interaction	fault_detection/test_ood/stuck_imu	1.0000	0.8208	0.0000	1.0000	0.0000	0.4846	0.0000	0.5033	0.0000	0.4512	0.0000	0.4527	0.0000	0.5152	0.0000	0.9895	0.0000	1.0000	0.0000	0.4994	0.0000
action	prob_aug_recon_fc	human_interaction	fault_detection/train/encoder_dropout	1.0000	0.9219	0.0000	0.8913	0.0000	0.6202	0.0000	0.4621	0.0000	0.8913	0.0000	0.8773	0.0000	0.5447	0.0000	0.8632	0.0000	0.5000	0.0000	0.4747	0.0000
action	prob_aug_recon_fc	human_interaction	fault_detection/train/imu_bias	1.0000	0.5022	0.0000	0.5291	0.0000	0.5291	0.0000	0.4684	0.0000	0.5051	0.0000	0.5048	0.0000	0.4873	0.0000	0.5006	0.0000	0.5000	0.0000	0.5139	0.0000
action	prob_aug_recon_fc	human_interaction	fault_detection/train/insole_missing	1.0000	0.8724	0.0000	0.9227	0.0000	0.5072	0.0000	0.4367	0.0000	0.9227	0.0000	0.9021	0.0000	0.4277	0.0000	0.7268	0.0000	0.5000	0.0000	0.3876	0.0000
action	prob_aug_recon_fc	human_interaction	fault_detection/train/packet_loss	1.0000	0.8374	0.0000	0.8776	0.0000	0.4998	0.0000	0.4999	0.0000	0.5006	0.0000	0.5082	0.0000	0.4973	0.0000	0.8776	0.0000	0.4760	0.0000	0.5001	0.0000
action	prob_aug_recon_fc	human_interaction	fault_detection/train/packet_loss_burst	1.0000	0.7758	0.0000	0.8507	0.0000	0.4991	0.0000	0.5006	0.0000	0.5032	0.0000	0.5150	0.0000	0.4990	0.0000	0.8507	0.0000	0.0781	0.0000	0.5019	0.0000
action	prob_aug_recon_fc	human_interaction	fault_detection/train/packet_loss_partial	1.0000	0.8461	0.0000	0.9988	0.0000	0.4997	0.0000	0.5000	0.0000	0.5011	0.0000	0.5079	0.0000	0.4980	0.0000	0.8785	0.0000	0.9988	0.0000	0.5000	0.0000
action	prob_aug_recon_fc	human_interaction	fault_detection/train/sensor_delay	1.0000	0.7404	0.0000	0.9374	0.0000	0.4500	0.0000	0.5528	0.0000	0.5938	0.0000	0.5819	0.0000	0.4961	0.0000	0.4991	0.0000	0.9374	0.0000	0.5127	0.0000
action	prob_aug_recon_fc	human_interaction	fault_detection/train/sensor_delay_jitter	1.0000	0.7390	0.0000	0.9224	0.0000	0.4500	0.0000	0.5556	0.0000	0.6020	0.0000	0.5901	0.0000	0.5018	0.0000	0.4990	0.0000	0.9224	0.0000	0.5141	0.0000
action	prob_aug_recon_fc	human_interaction	fault_detection/train/stuck_imu	1.0000	0.9280	0.0000	1.0000	0.0000	0.4762	0.0000	0.5324	0.0000	0.6537	0.0000	0.6411	0.0000	0.5106	0.0000	0.9116	0.0000	1.0000	0.0000	0.4907	0.0000
action	prob_aug_recon_fc	human_interaction	fault_detection/val/encoder_dropout	1.0000	0.8857	0.0000	0.9157	0.0000	0.6351	0.0000	0.4846	0.0000	0.8334	0.0000	0.8206	0.0000	0.5623	0.0000	0.9157	0.0000	0.5000	0.0000	0.4902	0.0000
action	prob_aug_recon_fc	human_interaction	fault_detection/val/imu_bias	1.0000	0.5028	0.0000	0.5360	0.0000	0.5360	0.0000	0.4666	0.0000	0.5048	0.0000	0.5048	0.0000	0.4885	0.0000	0.5011	0.0000	0.4999	0.0000	0.5113	0.0000
action	prob_aug_recon_fc	human_interaction	fault_detection/val/insole_missing	1.0000	0.8733	0.0000	0.9175	0.0000	0.5557	0.0000	0.4139	0.0000	0.9175	0.0000	0.9002	0.0000	0.4228	0.0000	0.8327	0.0000	0.5000	0.0000	0.3558	0.0000
action	prob_aug_recon_fc	human_interaction	fault_detection/val/packet_loss	1.0000	0.8261	0.0000	0.9290	0.0000	0.4998	0.0000	0.5001	0.0000	0.5010	0.0000	0.5098	0.0000	0.4983	0.0000	0.9290	0.0000	0.4783	0.0000	0.5007	0.0000
action	prob_aug_recon_fc	human_interaction	fault_detection/val/packet_loss_burst	1.0000	0.6977	0.0000	0.9062	0.0000	0.4988	0.0000	0.5005	0.0000	0.5028	0.0000	0.5167	0.0000	0.4984	0.0000	0.9062	0.0000	0.0832	0.0000	0.5025	0.0000
action	prob_aug_recon_fc	human_interaction	fault_detection/val/packet_loss_partial	1.0000	0.8781	0.0000	0.9996	0.0000	0.4995	0.0000	0.5000	0.0000	0.5009	0.0000	0.5093	0.0000	0.5006	0.0000	0.9308	0.0000	0.9996	0.0000	0.5007	0.0000
action	prob_aug_recon_fc	human_interaction	fault_detection/val/sensor_delay	1.0000	0.8291	0.0000	0.9529	0.0000	0.4589	0.0000	0.5466	0.0000	0.5904	0.0000	0.5803	0.0000	0.5073	0.0000	0.5006	0.0000	0.9529	0.0000	0.5120	0.0000
action	prob_aug_recon_fc	human_interaction	fault_detection/val/sensor_delay_jitter	1.0000	0.8213	0.0000	0.9418	0.0000	0.4589	0.0000	0.5467	0.0000	0.5986	0.0000	0.5885	0.0000	0.5060	0.0000	0.5008	0.0000	0.9418	0.0000	0.5131	0.0000
action	prob_aug_recon_fc	human_interaction	fault_detection/val/stuck_imu	1.0000	0.9278	0.0000	1.0000	0.0000	0.4876	0.0000	0.5302	0.0000	0.6581	0.0000	0.6451	0.0000	0.5122	0.0000	0.9469	0.0000	1.0000	0.0000	0.4908	0.0000
action	prob_aug_recon_fc	human_interaction	ood_detection/clean	1.0000	0.7376	0.0000	0.7854	0.0000	0.5950	0.0000	0.6996	0.0000	0.7854	0.0000	0.7737	0.0000	0.7581	0.0000	0.5662	0.0000	0.5623	0.0000	0.6853	0.0000
action	prob_aug_recon_fc	human_measured	fault_detection/test_id/encoder_dropout	1.0000	0.9508	0.0000	0.9436	0.0000	0.6365	0.0000	0.4909	0.0000	0.8714	0.0000	0.8572	0.0000	0.5584	0.0000	0.9436	0.0000	0.4999	0.0000	0.4967	0.0000
action	prob_aug_recon_fc	human_measured	fault_detection/test_id/imu_bias	1.0000	0.5031	0.0000	0.5313	0.0000	0.5313	0.0000	0.4608	0.0000	0.5089	0.0000	0.5085	0.0000	0.4783	0.0000	0.5021	0.0000	0.5002	0.0000	0.5100	0.0000
action	prob_aug_recon_fc	human_measured	fault_detection/test_id/insole_missing	1.0000	0.9128	0.0000	0.9418	0.0000	0.4811	0.0000	0.4912	0.0000	0.9418	0.0000	0.9264	0.0000	0.4459	0.0000	0.8522	0.0000	0.4999	0.0000	0.3729	0.0000
action	prob_aug_recon_fc	human_measured	fault_detection/test_id/packet_loss	1.0000	0.8844	0.0000	0.9396	0.0000	0.4995	0.0000	0.5001	0.0000	0.5006	0.0000	0.5080	0.0000	0.4910	0.0000	0.9396	0.0000	0.4820	0.0000	0.4999	0.0000
action	prob_aug_recon_fc	human_measured	fault_detection/test_id/packet_loss_burst	1.0000	0.7550	0.0000	0.9223	0.0000	0.4981	0.0000	0.5009	0.0000	0.5025	0.0000	0.5143	0.0000	0.4968	0.0000	0.9223	0.0000	0.0662	0.0000	0.5002	0.0000
action	prob_aug_recon_fc	human_measured	fault_detection/test_id/packet_loss_partial	1.0000	0.9194	0.0000	1.0000	0.0000	0.4993	0.0000	0.4999	0.0000	0.5012	0.0000	0.5078	0.0000	0.5022	0.0000	0.9412	0.0000	1.0000	0.0000	0.5000	0.0000
action	prob_aug_recon_fc	human_measured	fault_detection/test_id/sensor_delay	1.0000	0.8774	0.0000	0.9531	0.0000	0.4602	0.0000	0.5438	0.0000	0.5910	0.0000	0.5805	0.0000	0.5026	0.0000	0.4969	0.0000	0.9531	0.0000	0.5069	0.0000
action	prob_aug_recon_fc	human_measured	fault_detection/test_id/sensor_delay_jitter	1.0000	0.8633	0.0000	0.9366	0.0000	0.4612	0.0000	0.5449	0.0000	0.6043	0.0000	0.5935	0.0000	0.5048	0.0000	0.4970	0.0000	0.9366	0.0000	0.5094	0.0000
action	prob_aug_recon_fc	human_measured	fault_detection/test_id/stuck_imu	1.0000	0.9608	0.0000	1.0000	0.0000	0.4877	0.0000	0.5226	0.0000	0.6585	0.0000	0.6467	0.0000	0.5166	0.0000	0.9623	0.0000	1.0000	0.0000	0.4954	0.0000
action	prob_aug_recon_fc	human_measured	fault_detection/test_ood/encoder_dropout	1.0000	0.9001	0.0000	0.9758	0.0000	0.6026	0.0000	0.4576	0.0000	0.6580	0.0000	0.6477	0.0000	0.4388	0.0000	0.9758	0.0000	0.5006	0.0000	0.4971	0.0000
action	prob_aug_recon_fc	human_measured	fault_detection/test_ood/imu_bias	1.0000	0.5057	0.0000	0.5526	0.0000	0.5526	0.0000	0.4611	0.0000	0.5061	0.0000	0.5076	0.0000	0.4640	0.0000	0.5019	0.0000	0.5005	0.0000	0.5002	0.0000
action	prob_aug_recon_fc	human_measured	fault_detection/test_ood/insole_missing	1.0000	0.8496	0.0000	0.8340	0.0000	0.4468	0.0000	0.4199	0.0000	0.8285	0.0000	0.8028	0.0000	0.3898	0.0000	0.8340	0.0000	0.5006	0.0000	0.4013	0.0000
action	prob_aug_recon_fc	human_measured	fault_detection/test_ood/packet_loss	1.0000	0.8153	0.0000	0.9685	0.0000	0.4994	0.0000	0.5000	0.0000	0.5004	0.0000	0.5081	0.0000	0.4993	0.0000	0.9685	0.0000	0.4568	0.0000	0.5008	0.0000
action	prob_aug_recon_fc	human_measured	fault_detection/test_ood/packet_loss_burst	1.0000	0.7716	0.0000	0.9289	0.0000	0.4994	0.0000	0.5002	0.0000	0.5012	0.0000	0.5101	0.0000	0.5056	0.0000	0.9289	0.0000	0.0450	0.0000	0.5018	0.0000
action	prob_aug_recon_fc	human_measured	fault_detection/test_ood/packet_loss_partial	1.0000	0.8272	0.0000	1.0000	0.0000	0.4995	0.0000	0.5001	0.0000	0.5012	0.0000	0.5071	0.0000	0.4804	0.0000	0.9692	0.0000	1.0000	0.0000	0.5000	0.0000
action	prob_aug_recon_fc	human_measured	fault_detection/test_ood/sensor_delay	1.0000	0.7683	0.0000	0.9890	0.0000	0.4889	0.0000	0.5022	0.0000	0.5335	0.0000	0.5298	0.0000	0.4960	0.0000	0.4979	0.0000	0.9890	0.0000	0.5090	0.0000
action	prob_aug_recon_fc	human_measured	fault_detection/test_ood/sensor_delay_jitter	1.0000	0.7576	0.0000	0.9543	0.0000	0.4928	0.0000	0.5016	0.0000	0.5417	0.0000	0.5373	0.0000	0.5010	0.0000	0.4980	0.0000	0.9543	0.0000	0.5075	0.0000
action	prob_aug_recon_fc	human_measured	fault_detection/test_ood/stuck_imu	1.0000	0.8563	0.0000	1.0000	0.0000	0.4887	0.0000	0.5045	0.0000	0.4643	0.0000	0.4650	0.0000	0.5009	0.0000	0.9967	0.0000	1.0000	0.0000	0.5000	0.0000
action	prob_aug_recon_fc	human_measured	fault_detection/train/encoder_dropout	1.0000	0.9471	0.0000	0.9191	0.0000	0.5935	0.0000	0.5194	0.0000	0.8969	0.0000	0.8833	0.0000	0.5717	0.0000	0.9191	0.0000	0.5000	0.0000	0.4753	0.0000
action	prob_aug_recon_fc	human_measured	fault_detection/train/imu_bias	1.0000	0.5029	0.0000	0.5298	0.0000	0.5298	0.0000	0.4588	0.0000	0.5060	0.0000	0.5060	0.0000	0.4781	0.0000	0.5008	0.0000	0.5000	0.0000	0.5124	0.0000
action	prob_aug_recon_fc	human_measured	fault_detection/train/insole_missing	1.0000	0.8699	0.0000	0.8959	0.0000	0.4769	0.0000	0.4718	0.0000	0.8959	0.0000	0.8711	0.0000	0.4337	0.0000	0.7794	0.0000	0.5000	0.0000	0.3882	0.0000
action	prob_aug_recon_fc	human_measured	fault_detection/train/packet_loss	1.0000	0.8628	0.0000	0.9047	0.0000	0.4997	0.0000	0.5001	0.0000	0.5006	0.0000	0.5077	0.0000	0.4962	0.0000	0.9047	0.0000	0.4760	0.0000	0.5001	0.0000
action	prob_aug_recon_fc	human_measured	fault_detection/train/packet_loss_burst	1.0000	0.7869	0.0000	0.8776	0.0000	0.4988	0.0000	0.5011	0.0000	0.5034	0.0000	0.5143	0.0000	0.4961	0.0000	0.8776	0.0000	0.0781	0.0000	0.5019	0.0000
action	prob_aug_recon_fc	human_measured	fault_detection/train/packet_loss_partial	1.0000	0.8789	0.0000	0.9988	0.0000	0.4997	0.0000	0.5002	0.0000	0.5011	0.0000	0.5074	0.0000	0.4958	0.0000	0.9062	0.0000	0.9988	0.0000	0.5000	0.0000
action	prob_aug_recon_fc	human_measured	fault_detection/train/sensor_delay	1.0000	0.7799	0.0000	0.9374	0.0000	0.4481	0.0000	0.5535	0.0000	0.5853	0.0000	0.5741	0.0000	0.4957	0.0000	0.4989	0.0000	0.9374	0.0000	0.5121	0.0000
action	prob_aug_recon_fc	human_measured	fault_detection/train/sensor_delay_jitter	1.0000	0.7767	0.0000	0.9234	0.0000	0.4487	0.0000	0.5556	0.0000	0.5943	0.0000	0.5830	0.0000	0.5017	0.0000	0.4987	0.0000	0.9234	0.0000	0.5127	0.0000
action	prob_aug_recon_fc	human_measured	fault_detection/train/stuck_imu	1.0000	0.9531	0.0000	1.0000	0.0000	0.4818	0.0000	0.5271	0.0000	0.6590	0.0000	0.6461	0.0000	0.5113	0.0000	0.9544	0.0000	1.0000	0.0000	0.4911	0.0000
action	prob_aug_recon_fc	human_measured	fault_detection/val/encoder_dropout	1.0000	0.9152	0.0000	0.9306	0.0000	0.6230	0.0000	0.5405	0.0000	0.8401	0.0000	0.8270	0.0000	0.5940	0.0000	0.9306	0.0000	0.4999	0.0000	0.4917	0.0000
action	prob_aug_recon_fc	human_measured	fault_detection/val/imu_bias	1.0000	0.5030	0.0000	0.5305	0.0000	0.5305	0.0000	0.4628	0.0000	0.5057	0.0000	0.5058	0.0000	0.4942	0.0000	0.5014	0.0000	0.4999	0.0000	0.5102	0.0000
action	prob_aug_recon_fc	human_measured	fault_detection/val/insole_missing	1.0000	0.8455	0.0000	0.8842	0.0000	0.5195	0.0000	0.4364	0.0000	0.8842	0.0000	0.8627	0.0000	0.4478	0.0000	0.8568	0.0000	0.4999	0.0000	0.3630	0.0000
action	prob_aug_recon_fc	human_measured	fault_detection/val/packet_loss	1.0000	0.8071	0.0000	0.9269	0.0000	0.4995	0.0000	0.5000	0.0000	0.5008	0.0000	0.5090	0.0000	0.4900	0.0000	0.9269	0.0000	0.4727	0.0000	0.5003	0.0000
action	prob_aug_recon_fc	human_measured	fault_detection/val/packet_loss_burst	1.0000	0.6826	0.0000	0.9022	0.0000	0.4985	0.0000	0.5012	0.0000	0.5040	0.0000	0.5158	0.0000	0.5051	0.0000	0.9022	0.0000	0.0839	0.0000	0.5025	0.0000
action	prob_aug_recon_fc	human_measured	fault_detection/val/packet_loss_partial	1.0000	0.8823	0.0000	0.9997	0.0000	0.4993	0.0000	0.5001	0.0000	0.5017	0.0000	0.5088	0.0000	0.5003	0.0000	0.9277	0.0000	0.9997	0.0000	0.5005	0.0000
action	prob_aug_recon_fc	human_measured	fault_detection/val/sensor_delay	1.0000	0.8324	0.0000	0.9529	0.0000	0.4579	0.0000	0.5426	0.0000	0.5825	0.0000	0.5735	0.0000	0.4944	0.0000	0.5014	0.0000	0.9529	0.0000	0.5110	0.0000
action	prob_aug_recon_fc	human_measured	fault_detection/val/sensor_delay_jitter	1.0000	0.8267	0.0000	0.9444	0.0000	0.4577	0.0000	0.5437	0.0000	0.5896	0.0000	0.5811	0.0000	0.4969	0.0000	0.5017	0.0000	0.9444	0.0000	0.5103	0.0000
action	prob_aug_recon_fc	human_measured	fault_detection/val/stuck_imu	1.0000	0.9343	0.0000	1.0000	0.0000	0.4931	0.0000	0.5219	0.0000	0.6523	0.0000	0.6407	0.0000	0.5164	0.0000	0.9530	0.0000	1.0000	0.0000	0.4916	0.0000
action	prob_aug_recon_fc	human_measured	ood_detection/clean	1.0000	0.7028	0.0000	0.7451	0.0000	0.6086	0.0000	0.6922	0.0000	0.7451	0.0000	0.7348	0.0000	0.7075	0.0000	0.5598	0.0000	0.5624	0.0000	0.6856	0.0000
baseline	det_noaug	human	fault_detection/test_id/encoder_dropout	3.0000	0.9451	0.0010	0.9459	0.0002	0.5332	0.1171	0.4185	0.2693					0.4034	0.0209	0.9459	0.0002	0.4999	0.0000	0.4825	0.0002
baseline	det_noaug	human	fault_detection/test_id/imu_bias	3.0000	0.5209	0.0182	0.5341	0.0185	0.5239	0.0268	0.4923	0.0455					0.5062	0.0051	0.5023	0.0001	0.4999	0.0001	0.5138	0.0005
baseline	det_noaug	human	fault_detection/test_id/insole_missing	3.0000	0.7731	0.0918	0.8581	0.0010	0.5473	0.2560	0.4506	0.2415					0.3127	0.0650	0.8581	0.0010	0.4999	0.0000	0.3183	0.0015
baseline	det_noaug	human	fault_detection/test_id/packet_loss	3.0000	0.9078	0.0263	0.9375	0.0005	0.4998	0.0003	0.5002	0.0004					0.4940	0.0105	0.9375	0.0005	0.4794	0.0046	0.5000	0.0001
baseline	det_noaug	human	fault_detection/test_id/packet_loss_burst	3.0000	0.8470	0.0654	0.9212	0.0017	0.4995	0.0006	0.5003	0.0009					0.4953	0.0180	0.9212	0.0017	0.0549	0.0043	0.5020	0.0007
baseline	det_noaug	human	fault_detection/test_id/packet_loss_partial	3.0000	0.9410	0.0021	1.0000	0.0000	0.4998	0.0003	0.5000	0.0001					0.4934	0.0086	0.9388	0.0003	1.0000	0.0000	0.5000	0.0003
baseline	det_noaug	human	fault_detection/test_id/sensor_delay	3.0000	0.7453	0.2151	0.9531	0.0000	0.4838	0.0113	0.5042	0.0176					0.4893	0.0114	0.4970	0.0000	0.9531	0.0000	0.5088	0.0001
baseline	det_noaug	human	fault_detection/test_id/sensor_delay_jitter	3.0000	0.7265	0.1999	0.9348	0.0096	0.4824	0.0102	0.5007	0.0152					0.5027	0.0042	0.4969	0.0008	0.9348	0.0096	0.5107	0.0034
baseline	det_noaug	human	fault_detection/test_id/stuck_imu	3.0000	0.9650	0.0003	1.0000	0.0000	0.4852	0.0136	0.5073	0.0353					0.5468	0.0106	0.9648	0.0002	1.0000	0.0000	0.4924	0.0005
baseline	det_noaug	human	fault_detection/test_ood/encoder_dropout	3.0000	0.9766	0.0037	0.9809	0.0004	0.4731	0.2009	0.4453	0.4052					0.2111	0.0083	0.9809	0.0004	0.5005	0.0001	0.4887	0.0002
baseline	det_noaug	human	fault_detection/test_ood/imu_bias	3.0000	0.5318	0.0258	0.5398	0.0326	0.5398	0.0326	0.4853	0.0563					0.4859	0.0109	0.5024	0.0002	0.4997	0.0001	0.5004	0.0002
baseline	det_noaug	human	fault_detection/test_ood/insole_missing	3.0000	0.7971	0.0684	0.8569	0.0255	0.4506	0.3182	0.4742	0.4047					0.2141	0.0545	0.8417	0.0013	0.5005	0.0001	0.2930	0.0021
baseline	det_noaug	human	fault_detection/test_ood/packet_loss	3.0000	0.9251	0.0338	0.9610	0.0032	0.4995	0.0001	0.5002	0.0005					0.4877	0.0194	0.9610	0.0032	0.4565	0.0052	0.5003	0.0006
baseline	det_noaug	human	fault_detection/test_ood/packet_loss_burst	3.0000	0.8676	0.0422	0.9195	0.0057	0.4996	0.0017	0.4987	0.0005					0.5049	0.0114	0.9195	0.0057	0.0535	0.0120	0.5008	0.0017
baseline	det_noaug	human	fault_detection/test_ood/packet_loss_partial	3.0000	0.9753	0.0135	0.9999	0.0001	0.5000	0.0003	0.4997	0.0003					0.5012	0.0137	0.9600	0.0016	0.9999	0.0001	0.5003	0.0003
baseline	det_noaug	human	fault_detection/test_ood/sensor_delay	3.0000	0.7910	0.2534	0.9890	0.0000	0.4888	0.0320	0.5023	0.0253					0.4707	0.0135	0.4983	0.0001	0.9890	0.0000	0.5044	0.0002
baseline	det_noaug	human	fault_detection/test_ood/sensor_delay_jitter	3.0000	0.7601	0.2256	0.9632	0.0101	0.4844	0.0327	0.5002	0.0246					0.4867	0.0133	0.4986	0.0010	0.9632	0.0101	0.5040	0.0019
baseline	det_noaug	human	fault_detection/test_ood/stuck_imu	3.0000	0.9971	0.0001	1.0000	0.0000	0.4850	0.0121	0.4985	0.0050					0.5031	0.0343	0.9971	0.0001	1.0000	0.0000	0.4997	0.0003
baseline	det_noaug	human	fault_detection/train/encoder_dropout	3.0000	0.9374	0.0004	0.9376	0.0005	0.5102	0.1241	0.4091	0.2730					0.3836	0.0095	0.9376	0.0005	0.5000	0.0000	0.4597	0.0005
baseline	det_noaug	human	fault_detection/train/imu_bias	3.0000	0.5148	0.0132	0.5329	0.0131	0.5211	0.0243	0.4861	0.0515					0.4924	0.0071	0.5010	0.0000	0.4999	0.0000	0.5185	0.0005
baseline	det_noaug	human	fault_detection/train/insole_missing	3.0000	0.7380	0.0680	0.8020	0.0008	0.5169	0.2298	0.4322	0.2554					0.3243	0.0442	0.8020	0.0008	0.5000	0.0000	0.3675	0.0013
baseline	det_noaug	human	fault_detection/train/packet_loss	3.0000	0.8956	0.0144	0.9116	0.0003	0.4998	0.0001	0.5000	0.0002					0.4962	0.0024	0.9116	0.0003	0.4748	0.0011	0.5002	0.0000
baseline	det_noaug	human	fault_detection/train/packet_loss_burst	3.0000	0.8428	0.0343	0.8837	0.0011	0.4994	0.0003	0.5000	0.0007					0.5008	0.0035	0.8837	0.0011	0.0800	0.0018	0.5028	0.0006
baseline	det_noaug	human	fault_detection/train/packet_loss_partial	3.0000	0.9188	0.0047	0.9988	0.0001	0.4998	0.0001	0.5000	0.0002					0.5006	0.0021	0.9135	0.0007	0.9988	0.0001	0.5001	0.0001
baseline	det_noaug	human	fault_detection/train/sensor_delay	3.0000	0.6953	0.1702	0.9374	0.0000	0.4823	0.0061	0.4935	0.0197					0.4789	0.0027	0.4988	0.0000	0.9374	0.0000	0.5152	0.0001
baseline	det_noaug	human	fault_detection/train/sensor_delay_jitter	3.0000	0.6847	0.1608	0.9203	0.0023	0.4793	0.0067	0.4924	0.0199					0.4874	0.0057	0.4989	0.0002	0.9203	0.0023	0.5160	0.0006
baseline	det_noaug	human	fault_detection/train/stuck_imu	3.0000	0.9665	0.0005	1.0000	0.0000	0.4659	0.0073	0.4955	0.0242					0.5301	0.0018	0.9661	0.0003	1.0000	0.0000	0.4872	0.0004
baseline	det_noaug	human	fault_detection/val/encoder_dropout	3.0000	0.9099	0.0211	0.9343	0.0004	0.5454	0.1207	0.3930	0.2303					0.4247	0.0155	0.9343	0.0004	0.5000	0.0000	0.4791	0.0005
baseline	det_noaug	human	fault_detection/val/imu_bias	3.0000	0.5185	0.0167	0.5332	0.0176	0.5231	0.0255	0.4824	0.0594					0.4931	0.0070	0.5014	0.0002	0.5000	0.0000	0.5135	0.0006
baseline	det_noaug	human	fault_detection/val/insole_missing	3.0000	0.7780	0.0819	0.8623	0.0009	0.5763	0.2498	0.3890	0.1803					0.3023	0.0417	0.8623	0.0009	0.5000	0.0000	0.3122	0.0014
baseline	det_noaug	human	fault_detection/val/packet_loss	3.0000	0.8469	0.0632	0.9197	0.0013	0.4996	0.0001	0.4997	0.0002					0.4999	0.0037	0.9197	0.0013	0.4784	0.0052	0.5003	0.0006
baseline	det_noaug	human	fault_detection/val/packet_loss_burst	3.0000	0.7944	0.0896	0.8986	0.0009	0.4993	0.0004	0.5000	0.0011					0.5029	0.0069	0.8986	0.0009	0.0791	0.0056	0.5050	0.0013
baseline	det_noaug	human	fault_detection/val/packet_loss_partial	3.0000	0.9355	0.0116	0.9997	0.0001	0.4997	0.0002	0.5000	0.0007					0.4980	0.0038	0.9222	0.0005	0.9997	0.0001	0.5003	0.0003
baseline	det_noaug	human	fault_detection/val/sensor_delay	3.0000	0.7383	0.2055	0.9529	0.0000	0.4831	0.0061	0.5078	0.0179					0.4886	0.0059	0.5009	0.0001	0.9529	0.0000	0.5136	0.0001
baseline	det_noaug	human	fault_detection/val/sensor_delay_jitter	3.0000	0.7131	0.1841	0.9333	0.0081	0.4801	0.0072	0.5053	0.0110					0.4922	0.0043	0.5008	0.0004	0.9333	0.0081	0.5131	0.0021
baseline	det_noaug	human	fault_detection/val/stuck_imu	3.0000	0.9547	0.0004	1.0000	0.0000	0.4772	0.0123	0.4815	0.0146					0.5359	0.0030	0.9543	0.0002	1.0000	0.0000	0.4879	0.0003
baseline	det_noaug	human	ood_detection/clean	3.0000	0.6261	0.0549	0.7402	0.0098	0.4979	0.0779	0.4829	0.2444					0.7402	0.0098	0.5564	0.0001	0.5624	0.0001	0.6658	0.0001
ensemble	prob_aug_recon_fc	human	fault_detection/test_id/encoder_dropout	1.0000	0.9437	0.0000	0.9459	0.0000	0.6505	0.0000	0.4627	0.0000	0.8422	0.0000	0.8278	0.0000	0.6199	0.0000	0.9459	0.0000	0.4999	0.0000	0.4824	0.0000
ensemble	prob_aug_recon_fc	human	fault_detection/test_id/imu_bias	1.0000	0.5031	0.0000	0.5315	0.0000	0.5315	0.0000	0.4558	0.0000	0.5069	0.0000	0.5064	0.0000	0.5007	0.0000	0.5021	0.0000	0.4999	0.0000	0.5141	0.0000
ensemble	prob_aug_recon_fc	human	fault_detection/test_id/insole_missing	1.0000	0.9136	0.0000	0.9287	0.0000	0.4267	0.0000	0.5364	0.0000	0.9287	0.0000	0.9145	0.0000	0.6049	0.0000	0.8586	0.0000	0.4999	0.0000	0.3199	0.0000
ensemble	prob_aug_recon_fc	human	fault_detection/test_id/packet_loss	1.0000	0.8632	0.0000	0.9370	0.0000	0.4998	0.0000	0.4999	0.0000	0.5007	0.0000	0.5070	0.0000	0.5000	0.0000	0.9370	0.0000	0.4809	0.0000	0.5000	0.0000
ensemble	prob_aug_recon_fc	human	fault_detection/test_id/packet_loss_burst	1.0000	0.7342	0.0000	0.9173	0.0000	0.4987	0.0000	0.5010	0.0000	0.5029	0.0000	0.5130	0.0000	0.5021	0.0000	0.9173	0.0000	0.0460	0.0000	0.5007	0.0000
ensemble	prob_aug_recon_fc	human	fault_detection/test_id/packet_loss_partial	1.0000	0.9094	0.0000	1.0000	0.0000	0.4994	0.0000	0.5002	0.0000	0.5016	0.0000	0.5072	0.0000	0.4999	0.0000	0.9389	0.0000	1.0000	0.0000	0.4996	0.0000
ensemble	prob_aug_recon_fc	human	fault_detection/test_id/sensor_delay	1.0000	0.8697	0.0000	0.9531	0.0000	0.4331	0.0000	0.5680	0.0000	0.5978	0.0000	0.5884	0.0000	0.5314	0.0000	0.4971	0.0000	0.9531	0.0000	0.5089	0.0000
ensemble	prob_aug_recon_fc	human	fault_detection/test_id/sensor_delay_jitter	1.0000	0.8627	0.0000	0.9452	0.0000	0.4326	0.0000	0.5698	0.0000	0.6041	0.0000	0.5961	0.0000	0.5363	0.0000	0.4972	0.0000	0.9452	0.0000	0.5077	0.0000
ensemble	prob_aug_recon_fc	human	fault_detection/test_id/stuck_imu	1.0000	0.9594	0.0000	1.0000	0.0000	0.4864	0.0000	0.5431	0.0000	0.6516	0.0000	0.6416	0.0000	0.5588	0.0000	0.9650	0.0000	1.0000	0.0000	0.4921	0.0000
ensemble	prob_aug_recon_fc	human	fault_detection/test_ood/encoder_dropout	1.0000	0.8819	0.0000	0.9813	0.0000	0.6467	0.0000	0.3857	0.0000	0.6191	0.0000	0.6108	0.0000	0.5588	0.0000	0.9813	0.0000	0.5004	0.0000	0.4885	0.0000
ensemble	prob_aug_recon_fc	human	fault_detection/test_ood/imu_bias	1.0000	0.5059	0.0000	0.5304	0.0000	0.5304	0.0000	0.4658	0.0000	0.5091	0.0000	0.5082	0.0000	0.5043	0.0000	0.5028	0.0000	0.4996	0.0000	0.5007	0.0000
ensemble	prob_aug_recon_fc	human	fault_detection/test_ood/insole_missing	1.0000	0.8201	0.0000	0.8427	0.0000	0.4514	0.0000	0.4760	0.0000	0.8000	0.0000	0.7762	0.0000	0.5260	0.0000	0.8427	0.0000	0.5004	0.0000	0.2951	0.0000
ensemble	prob_aug_recon_fc	human	fault_detection/test_ood/packet_loss	1.0000	0.8009	0.0000	0.9642	0.0000	0.4998	0.0000	0.4995	0.0000	0.5002	0.0000	0.5068	0.0000	0.4999	0.0000	0.9642	0.0000	0.4585	0.0000	0.5006	0.0000
ensemble	prob_aug_recon_fc	human	fault_detection/test_ood/packet_loss_burst	1.0000	0.7765	0.0000	0.9196	0.0000	0.4994	0.0000	0.5003	0.0000	0.5009	0.0000	0.5084	0.0000	0.5026	0.0000	0.9196	0.0000	0.0572	0.0000	0.5030	0.0000
ensemble	prob_aug_recon_fc	human	fault_detection/test_ood/packet_loss_partial	1.0000	0.8170	0.0000	1.0000	0.0000	0.4992	0.0000	0.4997	0.0000	0.5004	0.0000	0.5063	0.0000	0.4991	0.0000	0.9615	0.0000	1.0000	0.0000	0.4999	0.0000
ensemble	prob_aug_recon_fc	human	fault_detection/test_ood/sensor_delay	1.0000	0.7733	0.0000	0.9890	0.0000	0.4817	0.0000	0.5143	0.0000	0.5390	0.0000	0.5336	0.0000	0.5125	0.0000	0.4983	0.0000	0.9890	0.0000	0.5049	0.0000
ensemble	prob_aug_recon_fc	human	fault_detection/test_ood/sensor_delay_jitter	1.0000	0.7578	0.0000	0.9491	0.0000	0.4846	0.0000	0.5135	0.0000	0.5438	0.0000	0.5399	0.0000	0.5168	0.0000	0.4992	0.0000	0.9491	0.0000	0.5059	0.0000
ensemble	prob_aug_recon_fc	human	fault_detection/test_ood/stuck_imu	1.0000	0.8481	0.0000	1.0000	0.0000	0.4805	0.0000	0.5095	0.0000	0.4728	0.0000	0.4703	0.0000	0.5133	0.0000	0.9972	0.0000	1.0000	0.0000	0.4997	0.0000
ensemble	prob_aug_recon_fc	human	fault_detection/train/encoder_dropout	1.0000	0.9411	0.0000	0.9379	0.0000	0.5986	0.0000	0.4977	0.0000	0.8700	0.0000	0.8569	0.0000	0.6486	0.0000	0.9379	0.0000	0.5000	0.0000	0.4596	0.0000
ensemble	prob_aug_recon_fc	human	fault_detection/train/imu_bias	1.0000	0.5033	0.0000	0.5278	0.0000	0.5278	0.0000	0.4570	0.0000	0.5067	0.0000	0.5063	0.0000	0.5050	0.0000	0.5009	0.0000	0.5000	0.0000	0.5189	0.0000
ensemble	prob_aug_recon_fc	human	fault_detection/train/insole_missing	1.0000	0.8808	0.0000	0.8805	0.0000	0.4440	0.0000	0.5080	0.0000	0.8805	0.0000	0.8595	0.0000	0.5939	0.0000	0.8025	0.0000	0.5000	0.0000	0.3692	0.0000
ensemble	prob_aug_recon_fc	human	fault_detection/train/packet_loss	1.0000	0.8526	0.0000	0.9124	0.0000	0.4997	0.0000	0.5000	0.0000	0.5005	0.0000	0.5069	0.0000	0.5001	0.0000	0.9124	0.0000	0.4767	0.0000	0.5003	0.0000
ensemble	prob_aug_recon_fc	human	fault_detection/train/packet_loss_burst	1.0000	0.7676	0.0000	0.8840	0.0000	0.4986	0.0000	0.5011	0.0000	0.5030	0.0000	0.5128	0.0000	0.5025	0.0000	0.8840	0.0000	0.0788	0.0000	0.5023	0.0000
ensemble	prob_aug_recon_fc	human	fault_detection/train/packet_loss_partial	1.0000	0.8760	0.0000	0.9989	0.0000	0.4996	0.0000	0.5001	0.0000	0.5010	0.0000	0.5067	0.0000	0.5001	0.0000	0.9140	0.0000	0.9989	0.0000	0.5001	0.0000
ensemble	prob_aug_recon_fc	human	fault_detection/train/sensor_delay	1.0000	0.7989	0.0000	0.9374	0.0000	0.4321	0.0000	0.5705	0.0000	0.5890	0.0000	0.5800	0.0000	0.5329	0.0000	0.4987	0.0000	0.9374	0.0000	0.5153	0.0000
ensemble	prob_aug_recon_fc	human	fault_detection/train/sensor_delay_jitter	1.0000	0.7935	0.0000	0.9193	0.0000	0.4349	0.0000	0.5734	0.0000	0.5936	0.0000	0.5850	0.0000	0.5355	0.0000	0.4986	0.0000	0.9193	0.0000	0.5162	0.0000
ensemble	prob_aug_recon_fc	human	fault_detection/train/stuck_imu	1.0000	0.9553	0.0000	1.0000	0.0000	0.4839	0.0000	0.5435	0.0000	0.6528	0.0000	0.6425	0.0000	0.5502	0.0000	0.9663	0.0000	1.0000	0.0000	0.4871	0.0000
ensemble	prob_aug_recon_fc	human	fault_detection/val/encoder_dropout	1.0000	0.9111	0.0000	0.9345	0.0000	0.6219	0.0000	0.5265	0.0000	0.8200	0.0000	0.8071	0.0000	0.6246	0.0000	0.9345	0.0000	0.5000	0.0000	0.4791	0.0000
ensemble	prob_aug_recon_fc	human	fault_detection/val/imu_bias	1.0000	0.5021	0.0000	0.5330	0.0000	0.5330	0.0000	0.4592	0.0000	0.5036	0.0000	0.5034	0.0000	0.5006	0.0000	0.5016	0.0000	0.5000	0.0000	0.5140	0.0000
ensemble	prob_aug_recon_fc	human	fault_detection/val/insole_missing	1.0000	0.8586	0.0000	0.8760	0.0000	0.4773	0.0000	0.4588	0.0000	0.8760	0.0000	0.8574	0.0000	0.6091	0.0000	0.8627	0.0000	0.5000	0.0000	0.3141	0.0000
ensemble	prob_aug_recon_fc	human	fault_detection/val/packet_loss	1.0000	0.7811	0.0000	0.9210	0.0000	0.4996	0.0000	0.4999	0.0000	0.5001	0.0000	0.5076	0.0000	0.4999	0.0000	0.9210	0.0000	0.4787	0.0000	0.5002	0.0000
ensemble	prob_aug_recon_fc	human	fault_detection/val/packet_loss_burst	1.0000	0.6661	0.0000	0.9032	0.0000	0.4984	0.0000	0.5001	0.0000	0.5027	0.0000	0.5137	0.0000	0.5009	0.0000	0.9032	0.0000	0.0778	0.0000	0.5045	0.0000
ensemble	prob_aug_recon_fc	human	fault_detection/val/packet_loss_partial	1.0000	0.8778	0.0000	0.9996	0.0000	0.4996	0.0000	0.4997	0.0000	0.5017	0.0000	0.5082	0.0000	0.5005	0.0000	0.9221	0.0000	0.9996	0.0000	0.5005	0.0000
ensemble	prob_aug_recon_fc	human	fault_detection/val/sensor_delay	1.0000	0.8357	0.0000	0.9529	0.0000	0.4357	0.0000	0.5613	0.0000	0.5860	0.0000	0.5777	0.0000	0.5412	0.0000	0.5010	0.0000	0.9529	0.0000	0.5135	0.0000
ensemble	prob_aug_recon_fc	human	fault_detection/val/sensor_delay_jitter	1.0000	0.8290	0.0000	0.9458	0.0000	0.4366	0.0000	0.5600	0.0000	0.5907	0.0000	0.5831	0.0000	0.5372	0.0000	0.5005	0.0000	0.9458	0.0000	0.5105	0.0000
ensemble	prob_aug_recon_fc	human	fault_detection/val/stuck_imu	1.0000	0.9311	0.0000	1.0000	0.0000	0.4879	0.0000	0.5406	0.0000	0.6473	0.0000	0.6369	0.0000	0.5562	0.0000	0.9544	0.0000	1.0000	0.0000	0.4880	0.0000
ensemble	prob_aug_recon_fc	human	ood_detection/clean	1.0000	0.7342	0.0000	0.7186	0.0000	0.5083	0.0000	0.7186	0.0000	0.6852	0.0000	0.6754	0.0000	0.6969	0.0000	0.5563	0.0000	0.5624	0.0000	0.6660	0.0000
loso	prob_aug_recon_fc	human	fault_detection/test_id/encoder_dropout	15.0000	0.9222	0.0315	0.9411	0.0173	0.5842	0.0525	0.4160	0.0453	0.7691	0.0641	0.7537	0.0605	0.4971	0.0428	0.9411	0.0173	0.5000	0.0001	0.4594	0.0342
loso	prob_aug_recon_fc	human	fault_detection/test_id/imu_bias	15.0000	0.5031	0.0041	0.5330	0.0062	0.5327	0.0068	0.4513	0.0090	0.5037	0.0023	0.5035	0.0022	0.4976	0.0076	0.5017	0.0008	0.4998	0.0003	0.5183	0.0071
loso	prob_aug_recon_fc	human	fault_detection/test_id/insole_missing	15.0000	0.7425	0.0909	0.8283	0.0458	0.5088	0.0439	0.3765	0.0453	0.7472	0.0957	0.7271	0.0917	0.4100	0.0333	0.8209	0.0411	0.5000	0.0001	0.3571	0.0547
loso	prob_aug_recon_fc	human	fault_detection/test_id/packet_loss	15.0000	0.8627	0.0732	0.9199	0.0229	0.4993	0.0004	0.4999	0.0004	0.5009	0.0005	0.5031	0.0009	0.5022	0.0087	0.9199	0.0229	0.4744	0.0109	0.4999	0.0004
loso	prob_aug_recon_fc	human	fault_detection/test_id/packet_loss_burst	15.0000	0.7968	0.1035	0.8940	0.0287	0.4985	0.0005	0.4999	0.0008	0.5030	0.0012	0.5058	0.0015	0.4992	0.0101	0.8940	0.0287	0.0730	0.0185	0.5028	0.0025
loso	prob_aug_recon_fc	human	fault_detection/test_id/packet_loss_partial	15.0000	0.9023	0.0398	0.9993	0.0020	0.4991	0.0004	0.5000	0.0003	0.5012	0.0004	0.5028	0.0007	0.5013	0.0096	0.9213	0.0238	0.9993	0.0020	0.5003	0.0005
loso	prob_aug_recon_fc	human	fault_detection/test_id/sensor_delay	15.0000	0.6770	0.1690	0.9445	0.0216	0.4528	0.0130	0.5202	0.0089	0.5407	0.0121	0.5360	0.0109	0.4764	0.0112	0.4989	0.0019	0.9445	0.0216	0.5149	0.0056
loso	prob_aug_recon_fc	human	fault_detection/test_id/sensor_delay_jitter	15.0000	0.6696	0.1616	0.9296	0.0215	0.4498	0.0142	0.5224	0.0091	0.5502	0.0130	0.5452	0.0118	0.4754	0.0089	0.4989	0.0019	0.9296	0.0215	0.5160	0.0062
loso	prob_aug_recon_fc	human	fault_detection/test_id/stuck_imu	15.0000	0.9519	0.0238	1.0000	0.0000	0.4644	0.0112	0.5317	0.0115	0.5843	0.0159	0.5757	0.0147	0.4904	0.0119	0.9642	0.0170	1.0000	0.0000	0.4878	0.0070
loso	prob_aug_recon_fc	human	fault_detection/test_ood/encoder_dropout	15.0000	0.9280	0.0696	0.9747	0.0196	0.5852	0.0639	0.3672	0.0415	0.6030	0.0812	0.5930	0.0774	0.4025	0.0653	0.9747	0.0196	0.4998	0.0005	0.4570	0.0413
loso	prob_aug_recon_fc	human	fault_detection/test_ood/imu_bias	15.0000	0.5060	0.0100	0.5447	0.0117	0.5447	0.0117	0.4559	0.0056	0.5065	0.0033	0.5066	0.0028	0.4898	0.0157	0.5021	0.0015	0.5000	0.0005	0.5040	0.0030
loso	prob_aug_recon_fc	human	fault_detection/test_ood/insole_missing	15.0000	0.7814	0.0909	0.8609	0.0477	0.5049	0.0437	0.3278	0.0422	0.6899	0.0603	0.6746	0.0543	0.3570	0.0415	0.8609	0.0477	0.4998	0.0005	0.3441	0.0614
loso	prob_aug_recon_fc	human	fault_detection/test_ood/packet_loss	15.0000	0.8850	0.0902	0.9542	0.0274	0.4990	0.0007	0.4998	0.0006	0.5008	0.0011	0.5030	0.0012	0.5019	0.0156	0.9542	0.0274	0.4584	0.0187	0.5004	0.0009
loso	prob_aug_recon_fc	human	fault_detection/test_ood/packet_loss_burst	15.0000	0.8417	0.0969	0.9238	0.0287	0.4990	0.0012	0.4999	0.0013	0.5017	0.0010	0.5041	0.0012	0.5001	0.0143	0.9238	0.0287	0.0720	0.0279	0.5019	0.0011
loso	prob_aug_recon_fc	human	fault_detection/test_ood/packet_loss_partial	15.0000	0.9097	0.0917	0.9990	0.0021	0.4993	0.0008	0.5000	0.0005	0.5014	0.0010	0.5033	0.0014	0.5035	0.0153	0.9579	0.0268	0.9990	0.0021	0.5001	0.0008
loso	prob_aug_recon_fc	human	fault_detection/test_ood/sensor_delay	15.0000	0.6636	0.1518	0.9740	0.0185	0.4768	0.0084	0.5042	0.0056	0.5222	0.0074	0.5214	0.0072	0.4837	0.0113	0.4995	0.0019	0.9740	0.0185	0.5075	0.0057
loso	prob_aug_recon_fc	human	fault_detection/test_ood/sensor_delay_jitter	15.0000	0.6548	0.1404	0.9485	0.0305	0.4745	0.0094	0.5039	0.0069	0.5255	0.0074	0.5244	0.0073	0.4923	0.0084	0.4997	0.0023	0.9485	0.0305	0.5084	0.0054
loso	prob_aug_recon_fc	human	fault_detection/test_ood/stuck_imu	15.0000	0.9355	0.0937	1.0000	0.0001	0.4846	0.0129	0.5049	0.0076	0.4709	0.0130	0.4726	0.0123	0.4933	0.0144	0.9886	0.0143	1.0000	0.0001	0.4990	0.0014
loso	prob_aug_recon_fc	human	fault_detection/train/encoder_dropout	15.0000	0.9191	0.0227	0.9374	0.0025	0.5790	0.0310	0.4194	0.0209	0.8021	0.0204	0.7851	0.0180	0.4982	0.0179	0.9374	0.0025	0.5000	0.0000	0.4618	0.0007
loso	prob_aug_recon_fc	human	fault_detection/train/imu_bias	15.0000	0.5043	0.0090	0.5294	0.0078	0.5293	0.0079	0.4549	0.0031	0.5034	0.0020	0.5032	0.0016	0.4938	0.0017	0.5009	0.0001	0.5000	0.0000	0.5192	0.0025
loso	prob_aug_recon_fc	human	fault_detection/train/insole_missing	15.0000	0.7453	0.0916	0.8143	0.0054	0.5047	0.0212	0.3898	0.0313	0.7803	0.0365	0.7569	0.0320	0.4149	0.0130	0.8127	0.0050	0.5000	0.0000	0.3627	0.0026
loso	prob_aug_recon_fc	human	fault_detection/train/packet_loss	15.0000	0.8606	0.0611	0.9146	0.0031	0.4997	0.0000	0.5000	0.0000	0.5006	0.0001	0.5021	0.0004	0.4991	0.0015	0.9146	0.0031	0.4760	0.0023	0.5001	0.0001
loso	prob_aug_recon_fc	human	fault_detection/train/packet_loss_burst	15.0000	0.7950	0.1033	0.8890	0.0036	0.4987	0.0001	0.5002	0.0002	0.5030	0.0005	0.5055	0.0008	0.4995	0.0020	0.8890	0.0036	0.0770	0.0022	0.5026	0.0004
loso	prob_aug_recon_fc	human	fault_detection/train/packet_loss_partial	15.0000	0.9073	0.0323	0.9990	0.0003	0.4997	0.0000	0.5000	0.0001	0.5009	0.0001	0.5021	0.0003	0.4992	0.0015	0.9166	0.0032	0.9990	0.0003	0.5001	0.0001
loso	prob_aug_recon_fc	human	fault_detection/train/sensor_delay	15.0000	0.6742	0.1536	0.9401	0.0024	0.4532	0.0068	0.5200	0.0035	0.5410	0.0035	0.5361	0.0027	0.4759	0.0039	0.4987	0.0001	0.9401	0.0024	0.5147	0.0008
loso	prob_aug_recon_fc	human	fault_detection/train/sensor_delay_jitter	15.0000	0.6693	0.1490	0.9236	0.0034	0.4492	0.0073	0.5226	0.0036	0.5521	0.0044	0.5466	0.0031	0.4772	0.0035	0.4987	0.0002	0.9236	0.0034	0.5165	0.0010
loso	prob_aug_recon_fc	human	fault_detection/train/stuck_imu	15.0000	0.9569	0.0176	1.0000	0.0000	0.4653	0.0086	0.5300	0.0057	0.5905	0.0116	0.5808	0.0093	0.4908	0.0059	0.9650	0.0019	1.0000	0.0000	0.4877	0.0004
loso	prob_aug_recon_fc	human	fault_detection/val/encoder_dropout	15.0000	0.9323	0.0211	0.9411	0.0167	0.5862	0.0619	0.4153	0.0404	0.7699	0.0744	0.7539	0.0708	0.4936	0.0387	0.9411	0.0167	0.4999	0.0002	0.4594	0.0344
loso	prob_aug_recon_fc	human	fault_detection/val/imu_bias	15.0000	0.5055	0.0086	0.5351	0.0107	0.5342	0.0115	0.4509	0.0101	0.5041	0.0038	0.5039	0.0034	0.4971	0.0070	0.5016	0.0006	0.4999	0.0004	0.5181	0.0069
loso	prob_aug_recon_fc	human	fault_detection/val/insole_missing	15.0000	0.7444	0.0833	0.8296	0.0461	0.5054	0.0452	0.3852	0.0352	0.7485	0.1066	0.7279	0.1016	0.4135	0.0328	0.8209	0.0410	0.4999	0.0002	0.3570	0.0540
loso	prob_aug_recon_fc	human	fault_detection/val/packet_loss	15.0000	0.8728	0.0586	0.9196	0.0226	0.4994	0.0003	0.4999	0.0003	0.5009	0.0006	0.5030	0.0008	0.4972	0.0088	0.9196	0.0226	0.4736	0.0106	0.5005	0.0005
loso	prob_aug_recon_fc	human	fault_detection/val/packet_loss_burst	15.0000	0.7915	0.0934	0.8921	0.0284	0.4981	0.0005	0.5003	0.0009	0.5029	0.0013	0.5059	0.0016	0.4981	0.0077	0.8921	0.0284	0.0737	0.0203	0.5029	0.0018
loso	prob_aug_recon_fc	human	fault_detection/val/packet_loss_partial	15.0000	0.9142	0.0325	0.9993	0.0019	0.4992	0.0002	0.4998	0.0004	0.5016	0.0006	0.5031	0.0007	0.4949	0.0098	0.9214	0.0229	0.9993	0.0019	0.5003	0.0005
loso	prob_aug_recon_fc	human	fault_detection/val/sensor_delay	15.0000	0.7050	0.1754	0.9445	0.0216	0.4513	0.0126	0.5204	0.0082	0.5421	0.0133	0.5373	0.0118	0.4758	0.0112	0.4989	0.0019	0.9445	0.0216	0.5150	0.0055
loso	prob_aug_recon_fc	human	fault_detection/val/sensor_delay_jitter	15.0000	0.7008	0.1716	0.9305	0.0200	0.4472	0.0129	0.5227	0.0084	0.5520	0.0134	0.5466	0.0117	0.4700	0.0097	0.4991	0.0018	0.9305	0.0200	0.5165	0.0067
loso	prob_aug_recon_fc	human	fault_detection/val/stuck_imu	15.0000	0.9608	0.0206	1.0000	0.0000	0.4637	0.0140	0.5302	0.0113	0.5862	0.0217	0.5775	0.0192	0.4833	0.0081	0.9642	0.0166	1.0000	0.0000	0.4878	0.0070
loso	prob_aug_recon_fc	human	ood_detection/clean	15.0000	0.6545	0.1079	0.6969	0.0429	0.4388	0.1064	0.6413	0.0681	0.6047	0.0634	0.5985	0.0587	0.5973	0.0629	0.5867	0.0692	0.5361	0.0584	0.6641	0.0497
main	prob_aug_recon_fc	human	fault_detection/test_id/encoder_dropout	3.0000	0.9513	0.0069	0.9460	0.0002	0.6380	0.0109	0.4738	0.0411	0.8719	0.0267	0.8555	0.0260	0.5418	0.0370	0.9460	0.0002	0.4999	0.0000	0.4827	0.0004
main	prob_aug_recon_fc	human	fault_detection/test_id/imu_bias	3.0000	0.5017	0.0012	0.5341	0.0034	0.5341	0.0034	0.4559	0.0001	0.5043	0.0026	0.5042	0.0024	0.4833	0.0049	0.5022	0.0002	0.4999	0.0001	0.5139	0.0002
main	prob_aug_recon_fc	human	fault_detection/test_id/insole_missing	3.0000	0.9278	0.0126	0.9453	0.0144	0.4777	0.0545	0.4699	0.0579	0.9453	0.0144	0.9295	0.0130	0.4484	0.0181	0.8589	0.0005	0.4999	0.0000	0.3185	0.0016
main	prob_aug_recon_fc	human	fault_detection/test_id/packet_loss	3.0000	0.8754	0.0081	0.9379	0.0005	0.4994	0.0001	0.4998	0.0001	0.5006	0.0001	0.5085	0.0015	0.4930	0.0029	0.9379	0.0005	0.4794	0.0046	0.5000	0.0001
main	prob_aug_recon_fc	human	fault_detection/test_id/packet_loss_burst	3.0000	0.7430	0.0195	0.9217	0.0018	0.4982	0.0007	0.5014	0.0003	0.5036	0.0005	0.5152	0.0017	0.5007	0.0025	0.9217	0.0018	0.0549	0.0043	0.5022	0.0008
main	prob_aug_recon_fc	human	fault_detection/test_id/packet_loss_partial	3.0000	0.9149	0.0055	1.0000	0.0000	0.4995	0.0001	0.5003	0.0003	0.5014	0.0003	0.5088	0.0015	0.4952	0.0030	0.9391	0.0003	1.0000	0.0000	0.5001	0.0003
main	prob_aug_recon_fc	human	fault_detection/test_id/sensor_delay	3.0000	0.8782	0.0089	0.9531	0.0000	0.4383	0.0092	0.5702	0.0083	0.6114	0.0122	0.5985	0.0097	0.5154	0.0047	0.4970	0.0001	0.9531	0.0000	0.5090	0.0001
main	prob_aug_recon_fc	human	fault_detection/test_id/sensor_delay_jitter	3.0000	0.8670	0.0133	0.9348	0.0096	0.4401	0.0090	0.5730	0.0054	0.6175	0.0118	0.6050	0.0094	0.5198	0.0159	0.4969	0.0008	0.9348	0.0096	0.5106	0.0036
main	prob_aug_recon_fc	human	fault_detection/test_id/stuck_imu	3.0000	0.9598	0.0004	1.0000	0.0000	0.4789	0.0092	0.5437	0.0046	0.6595	0.0093	0.6454	0.0056	0.5295	0.0066	0.9650	0.0002	1.0000	0.0000	0.4922	0.0004
main	prob_aug_recon_fc	human	fault_detection/test_ood/encoder_dropout	3.0000	0.8874	0.0052	0.9814	0.0002	0.6071	0.0368	0.3993	0.0403	0.6584	0.0378	0.6435	0.0341	0.4352	0.0483	0.9814	0.0002	0.5005	0.0001	0.4889	0.0004
main	prob_aug_recon_fc	human	fault_detection/test_ood/imu_bias	3.0000	0.5037	0.0019	0.5345	0.0041	0.5345	0.0041	0.4627	0.0031	0.5077	0.0036	0.5071	0.0030	0.4785	0.0140	0.5028	0.0000	0.4999	0.0002	0.5005	0.0001
main	prob_aug_recon_fc	human	fault_detection/test_ood/insole_missing	3.0000	0.8389	0.0212	0.8472	0.0077	0.4679	0.0253	0.4219	0.0505	0.8244	0.0287	0.7972	0.0247	0.3840	0.0334	0.8430	0.0005	0.5005	0.0001	0.2932	0.0021
main	prob_aug_recon_fc	human	fault_detection/test_ood/packet_loss	3.0000	0.7885	0.0071	0.9619	0.0031	0.4994	0.0007	0.4999	0.0005	0.5005	0.0002	0.5078	0.0017	0.4915	0.0043	0.9619	0.0031	0.4564	0.0054	0.5005	0.0005
main	prob_aug_recon_fc	human	fault_detection/test_ood/packet_loss_burst	3.0000	0.7552	0.0002	0.9204	0.0055	0.4990	0.0008	0.5002	0.0007	0.5019	0.0008	0.5105	0.0020	0.4998	0.0175	0.9204	0.0055	0.0535	0.0120	0.5005	0.0014
main	prob_aug_recon_fc	human	fault_detection/test_ood/packet_loss_partial	3.0000	0.8126	0.0034	0.9999	0.0001	0.4996	0.0003	0.4999	0.0003	0.5013	0.0008	0.5073	0.0014	0.5033	0.0163	0.9611	0.0012	0.9999	0.0001	0.5004	0.0005
main	prob_aug_recon_fc	human	fault_detection/test_ood/sensor_delay	3.0000	0.7735	0.0055	0.9890	0.0000	0.4800	0.0020	0.5152	0.0031	0.5447	0.0049	0.5389	0.0046	0.5185	0.0158	0.4983	0.0001	0.9890	0.0000	0.5044	0.0005
main	prob_aug_recon_fc	human	fault_detection/test_ood/sensor_delay_jitter	3.0000	0.7658	0.0102	0.9632	0.0101	0.4810	0.0004	0.5152	0.0051	0.5496	0.0023	0.5434	0.0019	0.4983	0.0135	0.4986	0.0008	0.9632	0.0101	0.5038	0.0019
main	prob_aug_recon_fc	human	fault_detection/test_ood/stuck_imu	3.0000	0.8435	0.0047	1.0000	0.0000	0.4843	0.0037	0.5106	0.0051	0.4777	0.0061	0.4750	0.0055	0.5137	0.0140	0.9972	0.0000	1.0000	0.0000	0.4995	0.0001
main	prob_aug_recon_fc	human	fault_detection/train/encoder_dropout	3.0000	0.9508	0.0092	0.9381	0.0003	0.5863	0.0165	0.5044	0.0314	0.8912	0.0192	0.8758	0.0184	0.5618	0.0338	0.9381	0.0003	0.5000	0.0000	0.4603	0.0006
main	prob_aug_recon_fc	human	fault_detection/train/imu_bias	3.0000	0.5016	0.0015	0.5327	0.0068	0.5327	0.0068	0.4564	0.0032	0.5040	0.0026	0.5038	0.0022	0.4804	0.0021	0.5009	0.0002	0.5000	0.0000	0.5188	0.0002
main	prob_aug_recon_fc	human	fault_detection/train/insole_missing	3.0000	0.9011	0.0182	0.9048	0.0210	0.4760	0.0410	0.4606	0.0411	0.9048	0.0210	0.8816	0.0192	0.4406	0.0115	0.8027	0.0004	0.5000	0.0000	0.3676	0.0016
main	prob_aug_recon_fc	human	fault_detection/train/packet_loss	3.0000	0.8533	0.0029	0.9123	0.0002	0.4997	0.0000	0.5001	0.0000	0.5006	0.0001	0.5082	0.0015	0.4992	0.0021	0.9123	0.0002	0.4748	0.0011	0.5002	0.0001
main	prob_aug_recon_fc	human	fault_detection/train/packet_loss_burst	3.0000	0.7675	0.0042	0.8844	0.0011	0.4986	0.0004	0.5010	0.0003	0.5033	0.0005	0.5148	0.0024	0.4999	0.0029	0.8844	0.0011	0.0800	0.0018	0.5028	0.0006
main	prob_aug_recon_fc	human	fault_detection/train/packet_loss_partial	3.0000	0.8785	0.0027	0.9988	0.0001	0.4996	0.0001	0.5001	0.0001	0.5012	0.0002	0.5080	0.0016	0.5015	0.0010	0.9142	0.0004	0.9988	0.0001	0.5001	0.0001
main	prob_aug_recon_fc	human	fault_detection/train/sensor_delay	3.0000	0.8048	0.0065	0.9374	0.0000	0.4331	0.0112	0.5741	0.0057	0.5986	0.0090	0.5863	0.0072	0.5091	0.0071	0.4987	0.0000	0.9374	0.0000	0.5152	0.0001
main	prob_aug_recon_fc	human	fault_detection/train/sensor_delay_jitter	3.0000	0.7980	0.0066	0.9203	0.0023	0.4368	0.0106	0.5751	0.0059	0.6044	0.0090	0.5921	0.0069	0.5108	0.0032	0.4988	0.0002	0.9203	0.0023	0.5160	0.0004
main	prob_aug_recon_fc	human	fault_detection/train/stuck_imu	3.0000	0.9564	0.0010	1.0000	0.0000	0.4713	0.0133	0.5482	0.0054	0.6577	0.0077	0.6436	0.0050	0.5170	0.0066	0.9664	0.0002	1.0000	0.0000	0.4871	0.0002
main	prob_aug_recon_fc	human	fault_detection/val/encoder_dropout	3.0000	0.9204	0.0093	0.9346	0.0003	0.6121	0.0212	0.5278	0.0139	0.8408	0.0183	0.8255	0.0170	0.5713	0.0200	0.9346	0.0003	0.5000	0.0000	0.4795	0.0004
main	prob_aug_recon_fc	human	fault_detection/val/imu_bias	3.0000	0.5010	0.0010	0.5367	0.0055	0.5367	0.0055	0.4559	0.0043	0.5009	0.0029	0.5011	0.0026	0.4830	0.0015	0.5016	0.0000	0.5001	0.0001	0.5139	0.0002
main	prob_aug_recon_fc	human	fault_detection/val/insole_missing	3.0000	0.8815	0.0199	0.8931	0.0177	0.5250	0.0479	0.4058	0.0482	0.8931	0.0177	0.8725	0.0169	0.4350	0.0180	0.8631	0.0005	0.5000	0.0000	0.3125	0.0016
main	prob_aug_recon_fc	human	fault_detection/val/packet_loss	3.0000	0.7696	0.0042	0.9202	0.0012	0.4996	0.0001	0.5002	0.0001	0.5010	0.0003	0.5095	0.0016	0.5009	0.0059	0.9202	0.0012	0.4784	0.0053	0.5003	0.0005
main	prob_aug_recon_fc	human	fault_detection/val/packet_loss_burst	3.0000	0.6567	0.0043	0.8991	0.0008	0.4989	0.0006	0.5004	0.0004	0.5025	0.0002	0.5148	0.0013	0.4959	0.0112	0.8991	0.0008	0.0792	0.0056	0.5049	0.0011
main	prob_aug_recon_fc	human	fault_detection/val/packet_loss_partial	3.0000	0.8774	0.0034	0.9997	0.0001	0.4994	0.0002	0.5000	0.0002	0.5015	0.0000	0.5089	0.0011	0.4963	0.0036	0.9227	0.0002	0.9997	0.0001	0.5003	0.0004
main	prob_aug_recon_fc	human	fault_detection/val/sensor_delay	3.0000	0.8402	0.0059	0.9529	0.0000	0.4428	0.0124	0.5660	0.0063	0.5945	0.0080	0.5838	0.0068	0.5097	0.0033	0.5009	0.0001	0.9529	0.0000	0.5136	0.0001
main	prob_aug_recon_fc	human	fault_detection/val/sensor_delay_jitter	3.0000	0.8241	0.0075	0.9333	0.0081	0.4462	0.0121	0.5651	0.0082	0.6000	0.0107	0.5891	0.0083	0.5187	0.0030	0.5008	0.0004	0.9333	0.0081	0.5131	0.0021
main	prob_aug_recon_fc	human	fault_detection/val/stuck_imu	3.0000	0.9312	0.0018	1.0000	0.0000	0.4763	0.0110	0.5468	0.0061	0.6505	0.0047	0.6375	0.0027	0.5229	0.0054	0.9545	0.0001	1.0000	0.0000	0.4880	0.0002
main	prob_aug_recon_fc	human	ood_detection/clean	3.0000	0.7203	0.0095	0.7238	0.0122	0.5364	0.0245	0.7146	0.0244	0.7063	0.0184	0.6922	0.0147	0.7184	0.0185	0.5564	0.0001	0.5623	0.0001	0.6660	0.0001
stress	prob_aug_recon_fc	human	fault_detection/test_id/packet_loss@0.05	3.0000	0.5376	0.0019	0.7652	0.0012	0.4998	0.0002	0.4999	0.0001	0.5002	0.0001	0.5033	0.0005	0.5062	0.0052	0.7652	0.0012	0.5242	0.0010	0.5001	0.0001
stress	prob_aug_recon_fc	human	fault_detection/test_id/packet_loss@0.15	3.0000	0.8733	0.0070	0.9378	0.0003	0.4994	0.0001	0.5002	0.0001	0.5007	0.0001	0.5088	0.0019	0.5027	0.0084	0.9378	0.0003	0.4783	0.0034	0.5000	0.0002
stress	prob_aug_recon_fc	human	fault_detection/test_id/packet_loss@0.30	3.0000	0.9613	0.0018	0.9712	0.0001	0.4991	0.0002	0.5000	0.0001	0.5011	0.0002	0.5170	0.0030	0.4999	0.0030	0.9712	0.0001	0.3382	0.0028	0.5005	0.0007
stress	prob_aug_recon_fc	human	fault_detection/test_id/packet_loss_burst@0.05	3.0000	0.4407	0.0062	0.7560	0.0010	0.4996	0.0003	0.4999	0.0002	0.5002	0.0005	0.5046	0.0016	0.5036	0.0109	0.7560	0.0010	0.3736	0.0013	0.5002	0.0002
stress	prob_aug_recon_fc	human	fault_detection/test_id/packet_loss_burst@0.15	3.0000	0.7335	0.0121	0.9202	0.0026	0.4983	0.0006	0.5012	0.0003	0.5037	0.0002	0.5155	0.0020	0.5010	0.0052	0.9202	0.0026	0.0492	0.0051	0.5022	0.0008
stress	prob_aug_recon_fc	human	fault_detection/test_id/packet_loss_partial@0.15	3.0000	0.9150	0.0056	1.0000	0.0000	0.4996	0.0001	0.5001	0.0001	0.5014	0.0001	0.5085	0.0018	0.5040	0.0038	0.9391	0.0001	1.0000	0.0000	0.5002	0.0003
stress	prob_aug_recon_fc	human	fault_detection/test_id/sensor_delay@10	3.0000	0.8782	0.0089	0.9531	0.0000	0.4383	0.0092	0.5702	0.0083	0.6114	0.0122	0.5985	0.0097	0.5119	0.0035	0.4970	0.0001	0.9531	0.0000	0.5090	0.0001
stress	prob_aug_recon_fc	human	fault_detection/test_id/sensor_delay@20	3.0000	0.8993	0.0100	0.9498	0.0000	0.4020	0.0187	0.6388	0.0135	0.6917	0.0164	0.6763	0.0137	0.5639	0.0147	0.4937	0.0001	0.9498	0.0000	0.5401	0.0003
stress	prob_aug_recon_fc	human	fault_detection/test_id/sensor_delay@5	3.0000	0.8638	0.0086	0.9569	0.0000	0.4675	0.0033	0.5307	0.0040	0.5479	0.0060	0.5392	0.0042	0.4938	0.0094	0.4985	0.0000	0.9569	0.0000	0.5011	0.0001
stress	prob_aug_recon_fc	human	fault_detection/test_id/sensor_delay_jitter@10	3.0000	0.8662	0.0061	0.9340	0.0077	0.4423	0.0096	0.5707	0.0070	0.6156	0.0138	0.6029	0.0110	0.5234	0.0031	0.4968	0.0005	0.9340	0.0077	0.5116	0.0015
stress	prob_aug_recon_fc	human	fault_detection/test_id/sensor_delay_jitter@20	3.0000	0.9047	0.0094	0.9710	0.0029	0.4047	0.0177	0.6371	0.0122	0.6909	0.0145	0.6767	0.0115	0.5569	0.0174	0.4935	0.0007	0.9710	0.0029	0.5444	0.0009
stress	prob_aug_recon_fc	human	fault_detection/test_ood/packet_loss@0.05	3.0000	0.5797	0.0052	0.6993	0.0038	0.4995	0.0002	0.5000	0.0004	0.5003	0.0001	0.5039	0.0008	0.5044	0.0259	0.6993	0.0038	0.5053	0.0056	0.5000	0.0003
stress	prob_aug_recon_fc	human	fault_detection/test_ood/packet_loss@0.15	3.0000	0.7904	0.0023	0.9579	0.0016	0.4993	0.0001	0.4999	0.0004	0.5004	0.0005	0.5076	0.0015	0.5003	0.0072	0.9579	0.0016	0.4567	0.0061	0.4999	0.0003
stress	prob_aug_recon_fc	human	fault_detection/test_ood/packet_loss@0.30	3.0000	0.9138	0.0046	0.9999	0.0001	0.4992	0.0002	0.5000	0.0005	0.5012	0.0007	0.5139	0.0027	0.5097	0.0148	0.9999	0.0001	0.3152	0.0060	0.5007	0.0003
stress	prob_aug_recon_fc	human	fault_detection/test_ood/packet_loss_burst@0.05	3.0000	0.5604	0.0083	0.6997	0.0040	0.4999	0.0005	0.5002	0.0007	0.5006	0.0003	0.5042	0.0009	0.4987	0.0103	0.6997	0.0040	0.3557	0.0110	0.5008	0.0004
stress	prob_aug_recon_fc	human	fault_detection/test_ood/packet_loss_burst@0.15	3.0000	0.7594	0.0038	0.9247	0.0050	0.4990	0.0010	0.5009	0.0016	0.5003	0.0016	0.5088	0.0028	0.5087	0.0090	0.9247	0.0050	0.0509	0.0075	0.5004	0.0011
stress	prob_aug_recon_fc	human	fault_detection/test_ood/packet_loss_partial@0.15	3.0000	0.8128	0.0040	1.0000	0.0000	0.4994	0.0002	0.5001	0.0001	0.5011	0.0002	0.5073	0.0007	0.5000	0.0082	0.9606	0.0005	1.0000	0.0000	0.5001	0.0006
stress	prob_aug_recon_fc	human	fault_detection/test_ood/sensor_delay@10	3.0000	0.7735	0.0055	0.9890	0.0000	0.4800	0.0020	0.5152	0.0031	0.5447	0.0049	0.5389	0.0046	0.4984	0.0032	0.4983	0.0001	0.9890	0.0000	0.5044	0.0005
stress	prob_aug_recon_fc	human	fault_detection/test_ood/sensor_delay@20	3.0000	0.7883	0.0069	0.9766	0.0000	0.4716	0.0027	0.5299	0.0124	0.5934	0.0104	0.5859	0.0089	0.5172	0.0057	0.4982	0.0003	0.9766	0.0000	0.5226	0.0005
stress	prob_aug_recon_fc	human	fault_detection/test_ood/sensor_delay@5	3.0000	0.7515	0.0080	0.9749	0.0000	0.4883	0.0018	0.5065	0.0003	0.5171	0.0022	0.5139	0.0017	0.5041	0.0092	0.4988	0.0002	0.9749	0.0000	0.5010	0.0004
stress	prob_aug_recon_fc	human	fault_detection/test_ood/sensor_delay_jitter@10	3.0000	0.7619	0.0081	0.9608	0.0021	0.4809	0.0022	0.5153	0.0037	0.5462	0.0077	0.5413	0.0070	0.4923	0.0083	0.4983	0.0004	0.9608	0.0021	0.5060	0.0006
stress	prob_aug_recon_fc	human	fault_detection/test_ood/sensor_delay_jitter@20	3.0000	0.7940	0.0070	0.9769	0.0052	0.4723	0.0035	0.5308	0.0102	0.5935	0.0092	0.5866	0.0086	0.5241	0.0166	0.4985	0.0002	0.9769	0.0052	0.5224	0.0025
stress	prob_aug_recon_fc	human	fault_detection/train/packet_loss@0.05	3.0000	0.5617	0.0016	0.7038	0.0011	0.4999	0.0000	0.5000	0.0000	0.5002	0.0000	0.5027	0.0005	0.4988	0.0012	0.7038	0.0011	0.5148	0.0004	0.5000	0.0000
stress	prob_aug_recon_fc	human	fault_detection/train/packet_loss@0.15	3.0000	0.8529	0.0018	0.9121	0.0002	0.4997	0.0001	0.5001	0.0000	0.5006	0.0001	0.5083	0.0013	0.5018	0.0030	0.9121	0.0002	0.4755	0.0018	0.5001	0.0001
stress	prob_aug_recon_fc	human	fault_detection/train/packet_loss@0.30	3.0000	0.9664	0.0012	0.9836	0.0001	0.4993	0.0001	0.5001	0.0000	0.5015	0.0001	0.5179	0.0030	0.5007	0.0010	0.9836	0.0001	0.3451	0.0014	0.5004	0.0001
stress	prob_aug_recon_fc	human	fault_detection/train/packet_loss_burst@0.05	3.0000	0.5061	0.0010	0.6963	0.0009	0.4997	0.0000	0.5001	0.0000	0.5004	0.0001	0.5042	0.0007	0.4979	0.0043	0.6963	0.0009	0.3815	0.0016	0.5001	0.0001
stress	prob_aug_recon_fc	human	fault_detection/train/packet_loss_burst@0.15	3.0000	0.7650	0.0063	0.8835	0.0024	0.4986	0.0003	0.5009	0.0002	0.5034	0.0002	0.5146	0.0017	0.4981	0.0016	0.8835	0.0024	0.0803	0.0018	0.5026	0.0003
stress	prob_aug_recon_fc	human	fault_detection/train/packet_loss_partial@0.15	3.0000	0.8785	0.0026	0.9989	0.0000	0.4996	0.0000	0.5001	0.0001	0.5012	0.0001	0.5081	0.0015	0.5004	0.0019	0.9143	0.0003	0.9989	0.0000	0.5001	0.0001
stress	prob_aug_recon_fc	human	fault_detection/train/sensor_delay@10	3.0000	0.8048	0.0065	0.9374	0.0000	0.4331	0.0112	0.5741	0.0057	0.5986	0.0090	0.5863	0.0072	0.5064	0.0062	0.4987	0.0000	0.9374	0.0000	0.5152	0.0001
stress	prob_aug_recon_fc	human	fault_detection/train/sensor_delay@20	3.0000	0.8570	0.0069	0.9664	0.0000	0.4008	0.0155	0.6403	0.0068	0.6652	0.0134	0.6507	0.0105	0.5495	0.0103	0.4974	0.0000	0.9664	0.0000	0.5521	0.0002
stress	prob_aug_recon_fc	human	fault_detection/train/sensor_delay@5	3.0000	0.7748	0.0044	0.9355	0.0000	0.4630	0.0056	0.5331	0.0032	0.5440	0.0058	0.5349	0.0045	0.4951	0.0020	0.4994	0.0000	0.9355	0.0000	0.5041	0.0000
stress	prob_aug_recon_fc	human	fault_detection/train/sensor_delay_jitter@10	3.0000	0.7997	0.0068	0.9233	0.0014	0.4366	0.0108	0.5758	0.0049	0.6047	0.0087	0.5924	0.0066	0.5134	0.0046	0.4987	0.0001	0.9233	0.0014	0.5168	0.0004
stress	prob_aug_recon_fc	human	fault_detection/train/sensor_delay_jitter@20	3.0000	0.8481	0.0076	0.9540	0.0010	0.4027	0.0141	0.6365	0.0051	0.6692	0.0123	0.6544	0.0100	0.5505	0.0073	0.4977	0.0000	0.9540	0.0010	0.5579	0.0012
stress	prob_aug_recon_fc	human	fault_detection/val/packet_loss@0.05	3.0000	0.5353	0.0032	0.7272	0.0018	0.4998	0.0002	0.5000	0.0001	0.5001	0.0001	0.5035	0.0005	0.5033	0.0044	0.7272	0.0018	0.5202	0.0024	0.5001	0.0000
stress	prob_aug_recon_fc	human	fault_detection/val/packet_loss@0.15	3.0000	0.7698	0.0068	0.9203	0.0012	0.4994	0.0002	0.5001	0.0003	0.5007	0.0002	0.5091	0.0014	0.5015	0.0049	0.9203	0.0012	0.4756	0.0028	0.5004	0.0007
stress	prob_aug_recon_fc	human	fault_detection/val/packet_loss@0.30	3.0000	0.9355	0.0020	0.9667	0.0003	0.4990	0.0001	0.5000	0.0001	0.5016	0.0002	0.5187	0.0030	0.4964	0.0029	0.9667	0.0003	0.3484	0.0032	0.5005	0.0004
stress	prob_aug_recon_fc	human	fault_detection/val/packet_loss_burst@0.05	3.0000	0.4552	0.0030	0.7226	0.0038	0.4999	0.0002	0.5002	0.0001	0.5005	0.0003	0.5050	0.0009	0.4957	0.0086	0.7226	0.0038	0.3761	0.0056	0.5005	0.0006
stress	prob_aug_recon_fc	human	fault_detection/val/packet_loss_burst@0.15	3.0000	0.6665	0.0176	0.9003	0.0012	0.4986	0.0001	0.5009	0.0004	0.5028	0.0004	0.5150	0.0020	0.4963	0.0032	0.9003	0.0012	0.0754	0.0015	0.5030	0.0023
stress	prob_aug_recon_fc	human	fault_detection/val/packet_loss_partial@0.15	3.0000	0.8775	0.0031	0.9997	0.0002	0.4997	0.0001	0.5002	0.0002	0.5014	0.0003	0.5087	0.0014	0.5020	0.0028	0.9225	0.0004	0.9997	0.0002	0.5002	0.0001
stress	prob_aug_recon_fc	human	fault_detection/val/sensor_delay@10	3.0000	0.8402	0.0059	0.9529	0.0000	0.4428	0.0124	0.5660	0.0063	0.5945	0.0080	0.5838	0.0067	0.5127	0.0085	0.5009	0.0001	0.9529	0.0000	0.5136	0.0001
stress	prob_aug_recon_fc	human	fault_detection/val/sensor_delay@20	3.0000	0.8676	0.0043	0.9677	0.0000	0.4127	0.0202	0.6191	0.0065	0.6625	0.0122	0.6482	0.0100	0.5479	0.0103	0.5011	0.0001	0.9677	0.0000	0.5403	0.0002
stress	prob_aug_recon_fc	human	fault_detection/val/sensor_delay@5	3.0000	0.8108	0.0023	0.9410	0.0000	0.4696	0.0051	0.5310	0.0039	0.5421	0.0050	0.5340	0.0036	0.4949	0.0054	0.5006	0.0000	0.9410	0.0000	0.5061	0.0002
stress	prob_aug_recon_fc	human	fault_detection/val/sensor_delay_jitter@10	3.0000	0.8278	0.0086	0.9369	0.0071	0.4451	0.0111	0.5664	0.0049	0.6021	0.0093	0.5911	0.0076	0.5128	0.0062	0.5011	0.0002	0.9369	0.0071	0.5145	0.0011
stress	prob_aug_recon_fc	human	fault_detection/val/sensor_delay_jitter@20	3.0000	0.8706	0.0041	0.9714	0.0029	0.4130	0.0212	0.6164	0.0087	0.6653	0.0095	0.6515	0.0071	0.5528	0.0170	0.5010	0.0002	0.9714	0.0029	0.5434	0.0021
stress	prob_aug_recon_fc	human	ood_detection/clean	3.0000	0.7217	0.0069	0.7235	0.0117	0.5364	0.0245	0.7146	0.0244	0.7063	0.0184	0.6922	0.0147	0.7170	0.0104	0.5564	0.0001	0.5623	0.0001	0.6660	0.0001
