run	report	run_family	profile	training_mode	mode	seed	selected_gate_softness	selected_gate_deadband	detector	auroc	best_signal	best_signal_auroc	auroc_logit	auroc_aleatoric	auroc_residual	auroc_forecast	auroc_epistemic	auroc_staleness	auroc_coherence	auroc_drift
v2_fc_ablation_det_aug_seed13	reports/v2_fc_ablation_det_aug_seed13/reliability_report.json	ablation	human	det_aug	eval	13.0000	8.0000	0.4993	fault_detection/test_id/encoder_dropout	0.9458	logit	0.9806	0.9806	0.0246			0.6503	0.9460	0.5000	0.4827
v2_fc_ablation_det_aug_seed13	reports/v2_fc_ablation_det_aug_seed13/reliability_report.json	ablation	human	det_aug	eval	13.0000	8.0000	0.4993	fault_detection/test_id/imu_bias	0.5617	logit	0.6025	0.6025	0.4187			0.4953	0.5023	0.4999	0.5139
v2_fc_ablation_det_aug_seed13	reports/v2_fc_ablation_det_aug_seed13/reliability_report.json	ablation	human	det_aug	eval	13.0000	8.0000	0.4993	fault_detection/test_id/insole_missing	0.9349	logit	0.9984	0.9984	0.0059			0.6030	0.8592	0.5000	0.3174
v2_fc_ablation_det_aug_seed13	reports/v2_fc_ablation_det_aug_seed13/reliability_report.json	ablation	human	det_aug	eval	13.0000	8.0000	0.4993	fault_detection/test_id/packet_loss	0.8859	staleness	0.9377	0.4995	0.5000			0.4949	0.9377	0.4846	0.4999
v2_fc_ablation_det_aug_seed13	reports/v2_fc_ablation_det_aug_seed13/reliability_report.json	ablation	human	det_aug	eval	13.0000	8.0000	0.4993	fault_detection/test_id/packet_loss_burst	0.7559	staleness	0.9198	0.4988	0.5006			0.4955	0.9198	0.0508	0.5016
v2_fc_ablation_det_aug_seed13	reports/v2_fc_ablation_det_aug_seed13/reliability_report.json	ablation	human	det_aug	eval	13.0000	8.0000	0.4993	fault_detection/test_id/packet_loss_partial	0.9423	coherence	1.0000	0.5001	0.5001			0.4995	0.9392	1.0000	0.5001
v2_fc_ablation_det_aug_seed13	reports/v2_fc_ablation_det_aug_seed13/reliability_report.json	ablation	human	det_aug	eval	13.0000	8.0000	0.4993	fault_detection/test_id/sensor_delay	0.8775	coherence	0.9531	0.5581	0.4444			0.5255	0.4970	0.9531	0.5089
v2_fc_ablation_det_aug_seed13	reports/v2_fc_ablation_det_aug_seed13/reliability_report.json	ablation	human	det_aug	eval	13.0000	8.0000	0.4993	fault_detection/test_id/sensor_delay_jitter	0.8488	coherence	0.9237	0.5744	0.4372			0.5510	0.4975	0.9237	0.5144
v2_fc_ablation_det_aug_seed13	reports/v2_fc_ablation_det_aug_seed13/reliability_report.json	ablation	human	det_aug	eval	13.0000	8.0000	0.4993	fault_detection/test_id/stuck_imu	0.9653	coherence	1.0000	0.6300	0.4053			0.5761	0.9651	1.0000	0.4926
v2_fc_ablation_det_aug_seed13	reports/v2_fc_ablation_det_aug_seed13/reliability_report.json	ablation	human	det_aug	eval	13.0000	8.0000	0.4993	fault_detection/test_ood/encoder_dropout	0.9860	staleness	0.9814	0.9542	0.1444			0.5020	0.9814	0.5006	0.4887
v2_fc_ablation_det_aug_seed13	reports/v2_fc_ablation_det_aug_seed13/reliability_report.json	ablation	human	det_aug	eval	13.0000	8.0000	0.4993	fault_detection/test_ood/imu_bias	0.5532	logit	0.5681	0.5681	0.4307			0.4768	0.5026	0.4997	0.5005
v2_fc_ablation_det_aug_seed13	reports/v2_fc_ablation_det_aug_seed13/reliability_report.json	ablation	human	det_aug	eval	13.0000	8.0000	0.4993	fault_detection/test_ood/insole_missing	0.9666	logit	0.9939	0.9939	0.0160			0.5342	0.8432	0.5006	0.2920
v2_fc_ablation_det_aug_seed13	reports/v2_fc_ablation_det_aug_seed13/reliability_report.json	ablation	human	det_aug	eval	13.0000	8.0000	0.4993	fault_detection/test_ood/packet_loss	0.9049	staleness	0.9626	0.4986	0.5000			0.5253	0.9626	0.4587	0.4996
v2_fc_ablation_det_aug_seed13	reports/v2_fc_ablation_det_aug_seed13/reliability_report.json	ablation	human	det_aug	eval	13.0000	8.0000	0.4993	fault_detection/test_ood/packet_loss_burst	0.8391	staleness	0.9238	0.4990	0.5003			0.4821	0.9238	0.0452	0.4997
v2_fc_ablation_det_aug_seed13	reports/v2_fc_ablation_det_aug_seed13/reliability_report.json	ablation	human	det_aug	eval	13.0000	8.0000	0.4993	fault_detection/test_ood/packet_loss_partial	0.9833	coherence	0.9999	0.4988	0.5001			0.4971	0.9618	0.9999	0.5006
v2_fc_ablation_det_aug_seed13	reports/v2_fc_ablation_det_aug_seed13/reliability_report.json	ablation	human	det_aug	eval	13.0000	8.0000	0.4993	fault_detection/test_ood/sensor_delay	0.9318	coherence	0.9890	0.5184	0.4740			0.5155	0.4984	0.9890	0.5042
v2_fc_ablation_det_aug_seed13	reports/v2_fc_ablation_det_aug_seed13/reliability_report.json	ablation	human	det_aug	eval	13.0000	8.0000	0.4993	fault_detection/test_ood/sensor_delay_jitter	0.8891	coherence	0.9526	0.5279	0.4708			0.5284	0.4980	0.9526	0.5061
v2_fc_ablation_det_aug_seed13	reports/v2_fc_ablation_det_aug_seed13/reliability_report.json	ablation	human	det_aug	eval	13.0000	8.0000	0.4993	fault_detection/test_ood/stuck_imu	0.9972	coherence	1.0000	0.5133	0.4942			0.5340	0.9972	1.0000	0.5000
v2_fc_ablation_det_aug_seed13	reports/v2_fc_ablation_det_aug_seed13/reliability_report.json	ablation	human	det_aug	eval	13.0000	8.0000	0.4993	fault_detection/train/encoder_dropout	0.9382	logit	0.9833	0.9833	0.0270			0.6840	0.9382	0.5000	0.4602
v2_fc_ablation_det_aug_seed13	reports/v2_fc_ablation_det_aug_seed13/reliability_report.json	ablation	human	det_aug	eval	13.0000	8.0000	0.4993	fault_detection/train/imu_bias	0.5353	logit	0.5949	0.5949	0.4188			0.4935	0.5010	0.4999	0.5187
v2_fc_ablation_det_aug_seed13	reports/v2_fc_ablation_det_aug_seed13/reliability_report.json	ablation	human	det_aug	eval	13.0000	8.0000	0.4993	fault_detection/train/insole_missing	0.8838	logit	0.9971	0.9971	0.0169			0.5915	0.8029	0.5000	0.3667
v2_fc_ablation_det_aug_seed13	reports/v2_fc_ablation_det_aug_seed13/reliability_report.json	ablation	human	det_aug	eval	13.0000	8.0000	0.4993	fault_detection/train/packet_loss	0.8857	staleness	0.9117	0.4998	0.5000			0.5023	0.9117	0.4748	0.5002
v2_fc_ablation_det_aug_seed13	reports/v2_fc_ablation_det_aug_seed13/reliability_report.json	ablation	human	det_aug	eval	13.0000	8.0000	0.4993	fault_detection/train/packet_loss_burst	0.7999	staleness	0.8846	0.4998	0.4997			0.4973	0.8846	0.0802	0.5034
v2_fc_ablation_det_aug_seed13	reports/v2_fc_ablation_det_aug_seed13/reliability_report.json	ablation	human	det_aug	eval	13.0000	8.0000	0.4993	fault_detection/train/packet_loss_partial	0.9219	coherence	0.9988	0.4998	0.4999			0.5014	0.9142	0.9988	0.5002
v2_fc_ablation_det_aug_seed13	reports/v2_fc_ablation_det_aug_seed13/reliability_report.json	ablation	human	det_aug	eval	13.0000	8.0000	0.4993	fault_detection/train/sensor_delay	0.8060	coherence	0.9374	0.5336	0.4596			0.5372	0.4987	0.9374	0.5152
v2_fc_ablation_det_aug_seed13	reports/v2_fc_ablation_det_aug_seed13/reliability_report.json	ablation	human	det_aug	eval	13.0000	8.0000	0.4993	fault_detection/train/sensor_delay_jitter	0.7946	coherence	0.9217	0.5460	0.4552			0.5425	0.4986	0.9217	0.5160
v2_fc_ablation_det_aug_seed13	reports/v2_fc_ablation_det_aug_seed13/reliability_report.json	ablation	human	det_aug	eval	13.0000	8.0000	0.4993	fault_detection/train/stuck_imu	0.9670	coherence	1.0000	0.6349	0.4151			0.5801	0.9665	1.0000	0.4872
v2_fc_ablation_det_aug_seed13	reports/v2_fc_ablation_det_aug_seed13/reliability_report.json	ablation	human	det_aug	eval	13.0000	8.0000	0.4993	fault_detection/val/encoder_dropout	0.9315	logit	0.9598	0.9598	0.0433			0.6631	0.9348	0.5000	0.4796
v2_fc_ablation_det_aug_seed13	reports/v2_fc_ablation_det_aug_seed13/reliability_report.json	ablation	human	det_aug	eval	13.0000	8.0000	0.4993	fault_detection/val/imu_bias	0.5435	logit	0.5716	0.5716	0.4286			0.4811	0.5016	0.5000	0.5136
v2_fc_ablation_det_aug_seed13	reports/v2_fc_ablation_det_aug_seed13/reliability_report.json	ablation	human	det_aug	eval	13.0000	8.0000	0.4993	fault_detection/val/insole_missing	0.9327	logit	0.9883	0.9883	0.0178			0.5402	0.8634	0.5000	0.3113
v2_fc_ablation_det_aug_seed13	reports/v2_fc_ablation_det_aug_seed13/reliability_report.json	ablation	human	det_aug	eval	13.0000	8.0000	0.4993	fault_detection/val/packet_loss	0.7823	staleness	0.9207	0.4997	0.4999			0.4819	0.9207	0.4844	0.5001
v2_fc_ablation_det_aug_seed13	reports/v2_fc_ablation_det_aug_seed13/reliability_report.json	ablation	human	det_aug	eval	13.0000	8.0000	0.4993	fault_detection/val/packet_loss_burst	0.6972	staleness	0.8997	0.4992	0.4999			0.5078	0.8997	0.0855	0.5039
v2_fc_ablation_det_aug_seed13	reports/v2_fc_ablation_det_aug_seed13/reliability_report.json	ablation	human	det_aug	eval	13.0000	8.0000	0.4993	fault_detection/val/packet_loss_partial	0.9423	coherence	0.9995	0.4993	0.5004			0.5018	0.9227	0.9995	0.5005
v2_fc_ablation_det_aug_seed13	reports/v2_fc_ablation_det_aug_seed13/reliability_report.json	ablation	human	det_aug	eval	13.0000	8.0000	0.4993	fault_detection/val/sensor_delay	0.8648	coherence	0.9529	0.5315	0.4558			0.5234	0.5009	0.9529	0.5136
v2_fc_ablation_det_aug_seed13	reports/v2_fc_ablation_det_aug_seed13/reliability_report.json	ablation	human	det_aug	eval	13.0000	8.0000	0.4993	fault_detection/val/sensor_delay_jitter	0.8490	coherence	0.9425	0.5412	0.4550			0.5430	0.5005	0.9425	0.5122
v2_fc_ablation_det_aug_seed13	reports/v2_fc_ablation_det_aug_seed13/reliability_report.json	ablation	human	det_aug	eval	13.0000	8.0000	0.4993	fault_detection/val/stuck_imu	0.9550	coherence	1.0000	0.6017	0.4441			0.5637	0.9545	1.0000	0.4879
v2_fc_ablation_det_aug_seed13	reports/v2_fc_ablation_det_aug_seed13/reliability_report.json	ablation	human	det_aug	eval	13.0000	8.0000	0.4993	ood_detection/clean	0.6446	epistemic	0.7405	0.6690	0.4289			0.7405	0.5565	0.5625	0.6659
v2_fc_ablation_det_aug_seed23	reports/v2_fc_ablation_det_aug_seed23/reliability_report.json	ablation	human	det_aug	eval	23.0000	8.0000	0.4716	fault_detection/test_id/encoder_dropout	0.9453	logit	0.9786	0.9786	0.6701			0.7778	0.9458	0.4999	0.4825
v2_fc_ablation_det_aug_seed23	reports/v2_fc_ablation_det_aug_seed23/reliability_report.json	ablation	human	det_aug	eval	23.0000	8.0000	0.4716	fault_detection/test_id/imu_bias	0.5327	logit	0.5592	0.5592	0.5180			0.4909	0.5023	0.4998	0.5142
v2_fc_ablation_det_aug_seed23	reports/v2_fc_ablation_det_aug_seed23/reliability_report.json	ablation	human	det_aug	eval	23.0000	8.0000	0.4716	fault_detection/test_id/insole_missing	0.9110	logit	0.9582	0.9582	0.9392			0.6573	0.8578	0.4999	0.3200
v2_fc_ablation_det_aug_seed23	reports/v2_fc_ablation_det_aug_seed23/reliability_report.json	ablation	human	det_aug	eval	23.0000	8.0000	0.4716	fault_detection/test_id/packet_loss	0.8977	staleness	0.9380	0.4994	0.4994			0.5071	0.9380	0.4761	0.5000
v2_fc_ablation_det_aug_seed23	reports/v2_fc_ablation_det_aug_seed23/reliability_report.json	ablation	human	det_aug	eval	23.0000	8.0000	0.4716	fault_detection/test_id/packet_loss_burst	0.7741	staleness	0.9208	0.4999	0.5004			0.5071	0.9208	0.0594	0.5028
v2_fc_ablation_det_aug_seed23	reports/v2_fc_ablation_det_aug_seed23/reliability_report.json	ablation	human	det_aug	eval	23.0000	8.0000	0.4716	fault_detection/test_id/packet_loss_partial	0.9420	coherence	1.0000	0.4998	0.4997			0.4980	0.9386	1.0000	0.5003
v2_fc_ablation_det_aug_seed23	reports/v2_fc_ablation_det_aug_seed23/reliability_report.json	ablation	human	det_aug	eval	23.0000	8.0000	0.4716	fault_detection/test_id/sensor_delay	0.8765	coherence	0.9531	0.5143	0.5372			0.5485	0.4970	0.9531	0.5089
v2_fc_ablation_det_aug_seed23	reports/v2_fc_ablation_det_aug_seed23/reliability_report.json	ablation	human	det_aug	eval	23.0000	8.0000	0.4716	fault_detection/test_id/sensor_delay_jitter	0.8602	coherence	0.9403	0.5227	0.5464			0.5481	0.4960	0.9403	0.5078
v2_fc_ablation_det_aug_seed23	reports/v2_fc_ablation_det_aug_seed23/reliability_report.json	ablation	human	det_aug	eval	23.0000	8.0000	0.4716	fault_detection/test_id/stuck_imu	0.9650	coherence	1.0000	0.5845	0.5894			0.5539	0.9647	1.0000	0.4918
v2_fc_ablation_det_aug_seed23	reports/v2_fc_ablation_det_aug_seed23/reliability_report.json	ablation	human	det_aug	eval	23.0000	8.0000	0.4716	fault_detection/test_ood/encoder_dropout	0.9866	staleness	0.9808	0.9641	0.4895			0.6209	0.9808	0.5006	0.4889
v2_fc_ablation_det_aug_seed23	reports/v2_fc_ablation_det_aug_seed23/reliability_report.json	ablation	human	det_aug	eval	23.0000	8.0000	0.4716	fault_detection/test_ood/imu_bias	0.5327	logit	0.5417	0.5417	0.4993			0.4846	0.5024	0.4998	0.5006
v2_fc_ablation_det_aug_seed23	reports/v2_fc_ablation_det_aug_seed23/reliability_report.json	ablation	human	det_aug	eval	23.0000	8.0000	0.4716	fault_detection/test_ood/insole_missing	0.9337	logit	0.9738	0.9738	0.9166			0.5775	0.8412	0.5006	0.2954
v2_fc_ablation_det_aug_seed23	reports/v2_fc_ablation_det_aug_seed23/reliability_report.json	ablation	human	det_aug	eval	23.0000	8.0000	0.4716	fault_detection/test_ood/packet_loss	0.9127	staleness	0.9632	0.4996	0.4997			0.4704	0.9632	0.4602	0.5008
v2_fc_ablation_det_aug_seed23	reports/v2_fc_ablation_det_aug_seed23/reliability_report.json	ablation	human	det_aug	eval	23.0000	8.0000	0.4716	fault_detection/test_ood/packet_loss_burst	0.8309	staleness	0.9131	0.5006	0.4997			0.4931	0.9131	0.0481	0.5028
v2_fc_ablation_det_aug_seed23	reports/v2_fc_ablation_det_aug_seed23/reliability_report.json	ablation	human	det_aug	eval	23.0000	8.0000	0.4716	fault_detection/test_ood/packet_loss_partial	0.9833	coherence	1.0000	0.4998	0.5000			0.5021	0.9597	1.0000	0.5003
v2_fc_ablation_det_aug_seed23	reports/v2_fc_ablation_det_aug_seed23/reliability_report.json	ablation	human	det_aug	eval	23.0000	8.0000	0.4716	fault_detection/test_ood/sensor_delay	0.9290	coherence	0.9890	0.4987	0.4966			0.5318	0.4983	0.9890	0.5045
v2_fc_ablation_det_aug_seed23	reports/v2_fc_ablation_det_aug_seed23/reliability_report.json	ablation	human	det_aug	eval	23.0000	8.0000	0.4716	fault_detection/test_ood/sensor_delay_jitter	0.9101	coherence	0.9726	0.5005	0.4967			0.5057	0.4998	0.9726	0.5036
v2_fc_ablation_det_aug_seed23	reports/v2_fc_ablation_det_aug_seed23/reliability_report.json	ablation	human	det_aug	eval	23.0000	8.0000	0.4716	fault_detection/test_ood/stuck_imu	0.9972	coherence	1.0000	0.5055	0.5176			0.4960	0.9972	1.0000	0.4996
v2_fc_ablation_det_aug_seed23	reports/v2_fc_ablation_det_aug_seed23/reliability_report.json	ablation	human	det_aug	eval	23.0000	8.0000	0.4716	fault_detection/train/encoder_dropout	0.9374	logit	0.9810	0.9810	0.6638			0.8062	0.9374	0.5000	0.4597
v2_fc_ablation_det_aug_seed23	reports/v2_fc_ablation_det_aug_seed23/reliability_report.json	ablation	human	det_aug	eval	23.0000	8.0000	0.4716	fault_detection/train/imu_bias	0.5185	logit	0.5568	0.5568	0.5185			0.4937	0.5010	0.4999	0.5188
v2_fc_ablation_det_aug_seed23	reports/v2_fc_ablation_det_aug_seed23/reliability_report.json	ablation	human	det_aug	eval	23.0000	8.0000	0.4716	fault_detection/train/insole_missing	0.8462	logit	0.9505	0.9505	0.9100			0.6269	0.8017	0.5000	0.3690
v2_fc_ablation_det_aug_seed23	reports/v2_fc_ablation_det_aug_seed23/reliability_report.json	ablation	human	det_aug	eval	23.0000	8.0000	0.4716	fault_detection/train/packet_loss	0.8893	staleness	0.9118	0.4998	0.4997			0.4917	0.9118	0.4737	0.5001
v2_fc_ablation_det_aug_seed23	reports/v2_fc_ablation_det_aug_seed23/reliability_report.json	ablation	human	det_aug	eval	23.0000	8.0000	0.4716	fault_detection/train/packet_loss_burst	0.7931	staleness	0.8824	0.4998	0.4999			0.4987	0.8824	0.0818	0.5026
v2_fc_ablation_det_aug_seed23	reports/v2_fc_ablation_det_aug_seed23/reliability_report.json	ablation	human	det_aug	eval	23.0000	8.0000	0.4716	fault_detection/train/packet_loss_partial	0.9212	coherence	0.9989	0.4997	0.4997			0.4991	0.9134	0.9989	0.5001
v2_fc_ablation_det_aug_seed23	reports/v2_fc_ablation_det_aug_seed23/reliability_report.json	ablation	human	det_aug	eval	23.0000	8.0000	0.4716	fault_detection/train/sensor_delay	0.8021	coherence	0.9374	0.5031	0.5321			0.5287	0.4988	0.9374	0.5153
v2_fc_ablation_det_aug_seed23	reports/v2_fc_ablation_det_aug_seed23/reliability_report.json	ablation	human	det_aug	eval	23.0000	8.0000	0.4716	fault_detection/train/sensor_delay_jitter	0.7901	coherence	0.9215	0.5085	0.5375			0.5302	0.4990	0.9215	0.5165
v2_fc_ablation_det_aug_seed23	reports/v2_fc_ablation_det_aug_seed23/reliability_report.json	ablation	human	det_aug	eval	23.0000	8.0000	0.4716	fault_detection/train/stuck_imu	0.9666	coherence	1.0000	0.5787	0.5772			0.5719	0.9660	1.0000	0.4868
v2_fc_ablation_det_aug_seed23	reports/v2_fc_ablation_det_aug_seed23/reliability_report.json	ablation	human	det_aug	eval	23.0000	8.0000	0.4716	fault_detection/val/encoder_dropout	0.9297	logit	0.9558	0.9558	0.6730			0.7702	0.9341	0.5000	0.4789
v2_fc_ablation_det_aug_seed23	reports/v2_fc_ablation_det_aug_seed23/reliability_report.json	ablation	human	det_aug	eval	23.0000	8.0000	0.4716	fault_detection/val/imu_bias	0.5266	logit	0.5437	0.5437	0.5179			0.4935	0.5014	0.5000	0.5140
v2_fc_ablation_det_aug_seed23	reports/v2_fc_ablation_det_aug_seed23/reliability_report.json	ablation	human	det_aug	eval	23.0000	8.0000	0.4716	fault_detection/val/insole_missing	0.9033	aleatoric	0.9446	0.9370	0.9446			0.6247	0.8620	0.5000	0.3138
v2_fc_ablation_det_aug_seed23	reports/v2_fc_ablation_det_aug_seed23/reliability_report.json	ablation	human	det_aug	eval	23.0000	8.0000	0.4716	fault_detection/val/packet_loss	0.7930	staleness	0.9182	0.4999	0.4996			0.4876	0.9182	0.4751	0.5010
v2_fc_ablation_det_aug_seed23	reports/v2_fc_ablation_det_aug_seed23/reliability_report.json	ablation	human	det_aug	eval	23.0000	8.0000	0.4716	fault_detection/val/packet_loss_burst	0.6946	staleness	0.8978	0.4992	0.4997			0.4978	0.8978	0.0768	0.5064
v2_fc_ablation_det_aug_seed23	reports/v2_fc_ablation_det_aug_seed23/reliability_report.json	ablation	human	det_aug	eval	23.0000	8.0000	0.4716	fault_detection/val/packet_loss_partial	0.9419	coherence	0.9997	0.5000	0.4996			0.5048	0.9222	0.9997	0.5006
v2_fc_ablation_det_aug_seed23	reports/v2_fc_ablation_det_aug_seed23/reliability_report.json	ablation	human	det_aug	eval	23.0000	8.0000	0.4716	fault_detection/val/sensor_delay	0.8592	coherence	0.9529	0.5078	0.5422			0.5402	0.5010	0.9529	0.5136
v2_fc_ablation_det_aug_seed23	reports/v2_fc_ablation_det_aug_seed23/reliability_report.json	ablation	human	det_aug	eval	23.0000	8.0000	0.4716	fault_detection/val/sensor_delay_jitter	0.8337	coherence	0.9296	0.5104	0.5455			0.5220	0.5006	0.9296	0.5155
v2_fc_ablation_det_aug_seed23	reports/v2_fc_ablation_det_aug_seed23/reliability_report.json	ablation	human	det_aug	eval	23.0000	8.0000	0.4716	fault_detection/val/stuck_imu	0.9548	coherence	1.0000	0.5604	0.5632			0.5508	0.9542	1.0000	0.4877
v2_fc_ablation_det_aug_seed23	reports/v2_fc_ablation_det_aug_seed23/reliability_report.json	ablation	human	det_aug	eval	23.0000	8.0000	0.4716	ood_detection/clean	0.7229	aleatoric	0.8160	0.6698	0.8160			0.7171	0.5563	0.5624	0.6657
v2_fc_ablation_det_aug_seed7	reports/v2_fc_ablation_det_aug_seed7/reliability_report.json	ablation	human	det_aug	eval	7.0000	8.0000	0.5447	fault_detection/test_id/encoder_dropout	0.9453	logit	0.9724	0.9724	0.1767			0.7254	0.9457	0.4999	0.4822
v2_fc_ablation_det_aug_seed7	reports/v2_fc_ablation_det_aug_seed7/reliability_report.json	ablation	human	det_aug	eval	7.0000	8.0000	0.5447	fault_detection/test_id/imu_bias	0.5156	aleatoric	0.5308	0.5308	0.5308			0.4725	0.5022	0.5000	0.5132
v2_fc_ablation_det_aug_seed7	reports/v2_fc_ablation_det_aug_seed7/reliability_report.json	ablation	human	det_aug	eval	7.0000	8.0000	0.5447	fault_detection/test_id/insole_missing	0.9269	logit	0.9872	0.9872	0.0808			0.6670	0.8574	0.4999	0.3175
v2_fc_ablation_det_aug_seed7	reports/v2_fc_ablation_det_aug_seed7/reliability_report.json	ablation	human	det_aug	eval	7.0000	8.0000	0.5447	fault_detection/test_id/packet_loss	0.8886	staleness	0.9370	0.4996	0.5003			0.4883	0.9370	0.4774	0.5000
v2_fc_ablation_det_aug_seed7	reports/v2_fc_ablation_det_aug_seed7/reliability_report.json	ablation	human	det_aug	eval	7.0000	8.0000	0.5447	fault_detection/test_id/packet_loss_burst	0.7802	staleness	0.9231	0.4989	0.5009			0.4973	0.9231	0.0545	0.5016
v2_fc_ablation_det_aug_seed7	reports/v2_fc_ablation_det_aug_seed7/reliability_report.json	ablation	human	det_aug	eval	7.0000	8.0000	0.5447	fault_detection/test_id/packet_loss_partial	0.9421	coherence	1.0000	0.4996	0.5001			0.5013	0.9387	1.0000	0.4996
v2_fc_ablation_det_aug_seed7	reports/v2_fc_ablation_det_aug_seed7/reliability_report.json	ablation	human	det_aug	eval	7.0000	8.0000	0.5447	fault_detection/test_id/sensor_delay	0.8747	coherence	0.9530	0.5161	0.4967			0.5338	0.4970	0.9530	0.5087
v2_fc_ablation_det_aug_seed7	reports/v2_fc_ablation_det_aug_seed7/reliability_report.json	ablation	human	det_aug	eval	7.0000	8.0000	0.5447	fault_detection/test_id/sensor_delay_jitter	0.8607	coherence	0.9404	0.5312	0.4824			0.5505	0.4972	0.9404	0.5098
v2_fc_ablation_det_aug_seed7	reports/v2_fc_ablation_det_aug_seed7/reliability_report.json	ablation	human	det_aug	eval	7.0000	8.0000	0.5447	fault_detection/test_id/stuck_imu	0.9650	coherence	1.0000	0.6132	0.4651			0.5838	0.9647	1.0000	0.4927
v2_fc_ablation_det_aug_seed7	reports/v2_fc_ablation_det_aug_seed7/reliability_report.json	ablation	human	det_aug	eval	7.0000	8.0000	0.5447	fault_detection/test_ood/encoder_dropout	0.9871	staleness	0.9806	0.9273	0.4991			0.5888	0.9806	0.5004	0.4886
v2_fc_ablation_det_aug_seed7	reports/v2_fc_ablation_det_aug_seed7/reliability_report.json	ablation	human	det_aug	eval	7.0000	8.0000	0.5447	fault_detection/test_ood/imu_bias	0.5034	aleatoric	0.5558	0.5068	0.5558			0.4617	0.5023	0.4996	0.5002
v2_fc_ablation_det_aug_seed7	reports/v2_fc_ablation_det_aug_seed7/reliability_report.json	ablation	human	det_aug	eval	7.0000	8.0000	0.5447	fault_detection/test_ood/insole_missing	0.9522	logit	0.9796	0.9796	0.2486			0.6185	0.8408	0.5004	0.2916
v2_fc_ablation_det_aug_seed7	reports/v2_fc_ablation_det_aug_seed7/reliability_report.json	ablation	human	det_aug	eval	7.0000	8.0000	0.5447	fault_detection/test_ood/packet_loss	0.9067	staleness	0.9573	0.5003	0.4992			0.4836	0.9573	0.4506	0.5004
v2_fc_ablation_det_aug_seed7	reports/v2_fc_ablation_det_aug_seed7/reliability_report.json	ablation	human	det_aug	eval	7.0000	8.0000	0.5447	fault_detection/test_ood/packet_loss_burst	0.8305	staleness	0.9217	0.5001	0.4981			0.4952	0.9217	0.0673	0.5001
v2_fc_ablation_det_aug_seed7	reports/v2_fc_ablation_det_aug_seed7/reliability_report.json	ablation	human	det_aug	eval	7.0000	8.0000	0.5447	fault_detection/test_ood/packet_loss_partial	0.9802	coherence	0.9999	0.4993	0.5006			0.4818	0.9586	0.9999	0.5001
v2_fc_ablation_det_aug_seed7	reports/v2_fc_ablation_det_aug_seed7/reliability_report.json	ablation	human	det_aug	eval	7.0000	8.0000	0.5447	fault_detection/test_ood/sensor_delay	0.9156	coherence	0.9890	0.4945	0.5476			0.5123	0.4982	0.9890	0.5045
v2_fc_ablation_det_aug_seed7	reports/v2_fc_ablation_det_aug_seed7/reliability_report.json	ablation	human	det_aug	eval	7.0000	8.0000	0.5447	fault_detection/test_ood/sensor_delay_jitter	0.8879	coherence	0.9644	0.5025	0.5382			0.5073	0.4979	0.9644	0.5024
v2_fc_ablation_det_aug_seed7	reports/v2_fc_ablation_det_aug_seed7/reliability_report.json	ablation	human	det_aug	eval	7.0000	8.0000	0.5447	fault_detection/test_ood/stuck_imu	0.9970	coherence	1.0000	0.5183	0.5117			0.4946	0.9970	1.0000	0.4994
v2_fc_ablation_det_aug_seed7	reports/v2_fc_ablation_det_aug_seed7/reliability_report.json	ablation	human	det_aug	eval	7.0000	8.0000	0.5447	fault_detection/train/encoder_dropout	0.9374	logit	0.9765	0.9765	0.2090			0.7462	0.9372	0.5000	0.4592
v2_fc_ablation_det_aug_seed7	reports/v2_fc_ablation_det_aug_seed7/reliability_report.json	ablation	human	det_aug	eval	7.0000	8.0000	0.5447	fault_detection/train/imu_bias	0.5095	logit	0.5374	0.5374	0.5307			0.4819	0.5011	0.5000	0.5179
v2_fc_ablation_det_aug_seed7	reports/v2_fc_ablation_det_aug_seed7/reliability_report.json	ablation	human	det_aug	eval	7.0000	8.0000	0.5447	fault_detection/train/insole_missing	0.8690	logit	0.9842	0.9842	0.1371			0.6335	0.8014	0.5000	0.3670
v2_fc_ablation_det_aug_seed7	reports/v2_fc_ablation_det_aug_seed7/reliability_report.json	ablation	human	det_aug	eval	7.0000	8.0000	0.5447	fault_detection/train/packet_loss	0.8873	staleness	0.9113	0.4997	0.5001			0.5032	0.9113	0.4760	0.5002
v2_fc_ablation_det_aug_seed7	reports/v2_fc_ablation_det_aug_seed7/reliability_report.json	ablation	human	det_aug	eval	7.0000	8.0000	0.5447	fault_detection/train/packet_loss_burst	0.7961	staleness	0.8841	0.4995	0.5007			0.5011	0.8841	0.0781	0.5024
v2_fc_ablation_det_aug_seed7	reports/v2_fc_ablation_det_aug_seed7/reliability_report.json	ablation	human	det_aug	eval	7.0000	8.0000	0.5447	fault_detection/train/packet_loss_partial	0.9210	coherence	0.9987	0.4998	0.5002			0.4993	0.9129	0.9987	0.5000
v2_fc_ablation_det_aug_seed7	reports/v2_fc_ablation_det_aug_seed7/reliability_report.json	ablation	human	det_aug	eval	7.0000	8.0000	0.5447	fault_detection/train/sensor_delay	0.8001	coherence	0.9374	0.5030	0.5018			0.5159	0.4988	0.9374	0.5151
v2_fc_ablation_det_aug_seed7	reports/v2_fc_ablation_det_aug_seed7/reliability_report.json	ablation	human	det_aug	eval	7.0000	8.0000	0.5447	fault_detection/train/sensor_delay_jitter	0.7852	coherence	0.9177	0.5182	0.4935			0.5242	0.4990	0.9177	0.5153
v2_fc_ablation_det_aug_seed7	reports/v2_fc_ablation_det_aug_seed7/reliability_report.json	ablation	human	det_aug	eval	7.0000	8.0000	0.5447	fault_detection/train/stuck_imu	0.9665	coherence	1.0000	0.6307	0.4740			0.5786	0.9659	1.0000	0.4876
v2_fc_ablation_det_aug_seed7	reports/v2_fc_ablation_det_aug_seed7/reliability_report.json	ablation	human	det_aug	eval	7.0000	8.0000	0.5447	fault_detection/val/encoder_dropout	0.9292	logit	0.9486	0.9486	0.1347			0.7312	0.9339	0.4999	0.4787
v2_fc_ablation_det_aug_seed7	reports/v2_fc_ablation_det_aug_seed7/reliability_report.json	ablation	human	det_aug	eval	7.0000	8.0000	0.5447	fault_detection/val/imu_bias	0.5126	aleatoric	0.5423	0.5249	0.5423			0.4713	0.5012	0.4999	0.5129
v2_fc_ablation_det_aug_seed7	reports/v2_fc_ablation_det_aug_seed7/reliability_report.json	ablation	human	det_aug	eval	7.0000	8.0000	0.5447	fault_detection/val/insole_missing	0.9181	logit	0.9743	0.9743	0.0544			0.5720	0.8616	0.4999	0.3115
v2_fc_ablation_det_aug_seed7	reports/v2_fc_ablation_det_aug_seed7/reliability_report.json	ablation	human	det_aug	eval	7.0000	8.0000	0.5447	fault_detection/val/packet_loss	0.7941	staleness	0.9201	0.4995	0.5000			0.4991	0.9201	0.4757	0.4998
v2_fc_ablation_det_aug_seed7	reports/v2_fc_ablation_det_aug_seed7/reliability_report.json	ablation	human	det_aug	eval	7.0000	8.0000	0.5447	fault_detection/val/packet_loss_burst	0.6956	staleness	0.8983	0.4998	0.5012			0.5024	0.8983	0.0750	0.5047
v2_fc_ablation_det_aug_seed7	reports/v2_fc_ablation_det_aug_seed7/reliability_report.json	ablation	human	det_aug	eval	7.0000	8.0000	0.5447	fault_detection/val/packet_loss_partial	0.9420	coherence	0.9998	0.4997	0.5001			0.5057	0.9217	0.9998	0.4999
v2_fc_ablation_det_aug_seed7	reports/v2_fc_ablation_det_aug_seed7/reliability_report.json	ablation	human	det_aug	eval	7.0000	8.0000	0.5447	fault_detection/val/sensor_delay	0.8555	coherence	0.9529	0.5068	0.5100			0.5082	0.5009	0.9529	0.5135
v2_fc_ablation_det_aug_seed7	reports/v2_fc_ablation_det_aug_seed7/reliability_report.json	ablation	human	det_aug	eval	7.0000	8.0000	0.5447	fault_detection/val/sensor_delay_jitter	0.8283	coherence	0.9277	0.5173	0.4957			0.5379	0.5012	0.9277	0.5115
v2_fc_ablation_det_aug_seed7	reports/v2_fc_ablation_det_aug_seed7/reliability_report.json	ablation	human	det_aug	eval	7.0000	8.0000	0.5447	fault_detection/val/stuck_imu	0.9548	coherence	1.0000	0.5892	0.4622			0.5710	0.9542	1.0000	0.4882
v2_fc_ablation_det_aug_seed7	reports/v2_fc_ablation_det_aug_seed7/reliability_report.json	ablation	human	det_aug	eval	7.0000	8.0000	0.5447	ood_detection/clean	0.5856	logit	0.7394	0.7394	0.2169			0.7138	0.5564	0.5624	0.6658
v2_fc_ablation_det_noaug_seed13	reports/v2_fc_ablation_det_noaug_seed13/reliability_report.json	ablation	human	det_noaug	eval	13.0000	8.0000	0.4954	fault_detection/test_id/encoder_dropout	0.9455	staleness	0.9460	0.5891	0.4778			0.4386	0.9460	0.5000	0.4827
v2_fc_ablation_det_noaug_seed13	reports/v2_fc_ablation_det_noaug_seed13/reliability_report.json	ablation	human	det_noaug	eval	13.0000	8.0000	0.4954	fault_detection/test_id/imu_bias	0.5439	logit	0.5569	0.5569	0.4439			0.5006	0.5023	0.4999	0.5139
v2_fc_ablation_det_noaug_seed13	reports/v2_fc_ablation_det_noaug_seed13/reliability_report.json	ablation	human	det_noaug	eval	13.0000	8.0000	0.4954	fault_detection/test_id/insole_missing	0.7891	staleness	0.8592	0.7801	0.3252			0.2716	0.8592	0.5000	0.3174
v2_fc_ablation_det_noaug_seed13	reports/v2_fc_ablation_det_noaug_seed13/reliability_report.json	ablation	human	det_noaug	eval	13.0000	8.0000	0.4954	fault_detection/test_id/packet_loss	0.8906	staleness	0.9377	0.4999	0.5002			0.5131	0.9377	0.4846	0.4999
v2_fc_ablation_det_noaug_seed13	reports/v2_fc_ablation_det_noaug_seed13/reliability_report.json	ablation	human	det_noaug	eval	13.0000	8.0000	0.4954	fault_detection/test_id/packet_loss_burst	0.7948	staleness	0.9198	0.4993	0.5018			0.4985	0.9198	0.0508	0.5016
v2_fc_ablation_det_noaug_seed13	reports/v2_fc_ablation_det_noaug_seed13/reliability_report.json	ablation	human	det_noaug	eval	13.0000	8.0000	0.4954	fault_detection/test_id/packet_loss_partial	0.9423	coherence	1.0000	0.4994	0.5005			0.4942	0.9392	1.0000	0.5001
v2_fc_ablation_det_noaug_seed13	reports/v2_fc_ablation_det_noaug_seed13/reliability_report.json	ablation	human	det_noaug	eval	13.0000	8.0000	0.4954	fault_detection/test_id/sensor_delay	0.8628	coherence	0.9531	0.4901	0.5008			0.5053	0.4970	0.9531	0.5089
v2_fc_ablation_det_noaug_seed13	reports/v2_fc_ablation_det_noaug_seed13/reliability_report.json	ablation	human	det_noaug	eval	13.0000	8.0000	0.4954	fault_detection/test_id/sensor_delay_jitter	0.8290	coherence	0.9237	0.4873	0.4967			0.5008	0.4975	0.9237	0.5144
v2_fc_ablation_det_noaug_seed13	reports/v2_fc_ablation_det_noaug_seed13/reliability_report.json	ablation	human	det_noaug	eval	13.0000	8.0000	0.4954	fault_detection/test_id/stuck_imu	0.9653	coherence	1.0000	0.4904	0.5312			0.5468	0.9651	1.0000	0.4926
v2_fc_ablation_det_noaug_seed13	reports/v2_fc_ablation_det_noaug_seed13/reliability_report.json	ablation	human	det_noaug	eval	13.0000	8.0000	0.4954	fault_detection/test_ood/encoder_dropout	0.9741	staleness	0.9814	0.6095	0.4859			0.2198	0.9814	0.5006	0.4887
v2_fc_ablation_det_noaug_seed13	reports/v2_fc_ablation_det_noaug_seed13/reliability_report.json	ablation	human	det_noaug	eval	13.0000	8.0000	0.4954	fault_detection/test_ood/imu_bias	0.5592	logit	0.5746	0.5746	0.4339			0.4876	0.5026	0.4997	0.5005
v2_fc_ablation_det_noaug_seed13	reports/v2_fc_ablation_det_noaug_seed13/reliability_report.json	ablation	human	det_noaug	eval	13.0000	8.0000	0.4954	fault_detection/test_ood/insole_missing	0.8211	staleness	0.8432	0.7559	0.4467			0.1998	0.8432	0.5006	0.2920
v2_fc_ablation_det_noaug_seed13	reports/v2_fc_ablation_det_noaug_seed13/reliability_report.json	ablation	human	det_noaug	eval	13.0000	8.0000	0.4954	fault_detection/test_ood/packet_loss	0.8925	staleness	0.9626	0.5004	0.5001			0.5150	0.9626	0.4587	0.4996
v2_fc_ablation_det_noaug_seed13	reports/v2_fc_ablation_det_noaug_seed13/reliability_report.json	ablation	human	det_noaug	eval	13.0000	8.0000	0.4954	fault_detection/test_ood/packet_loss_burst	0.8226	staleness	0.9238	0.5031	0.4999			0.5034	0.9238	0.0452	0.4997
v2_fc_ablation_det_noaug_seed13	reports/v2_fc_ablation_det_noaug_seed13/reliability_report.json	ablation	human	det_noaug	eval	13.0000	8.0000	0.4954	fault_detection/test_ood/packet_loss_partial	0.9835	coherence	0.9999	0.5001	0.4998			0.5116	0.9618	0.9999	0.5006
v2_fc_ablation_det_noaug_seed13	reports/v2_fc_ablation_det_noaug_seed13/reliability_report.json	ablation	human	det_noaug	eval	13.0000	8.0000	0.4954	fault_detection/test_ood/sensor_delay	0.9378	coherence	0.9890	0.5296	0.5031			0.4475	0.4984	0.9890	0.5042
v2_fc_ablation_det_noaug_seed13	reports/v2_fc_ablation_det_noaug_seed13/reliability_report.json	ablation	human	det_noaug	eval	13.0000	8.0000	0.4954	fault_detection/test_ood/sensor_delay_jitter	0.8781	coherence	0.9526	0.5219	0.5021			0.4955	0.4980	0.9526	0.5061
v2_fc_ablation_det_noaug_seed13	reports/v2_fc_ablation_det_noaug_seed13/reliability_report.json	ablation	human	det_noaug	eval	13.0000	8.0000	0.4954	fault_detection/test_ood/stuck_imu	0.9972	coherence	1.0000	0.4926	0.4954			0.5416	0.9972	1.0000	0.5000
v2_fc_ablation_det_noaug_seed13	reports/v2_fc_ablation_det_noaug_seed13/reliability_report.json	ablation	human	det_noaug	eval	13.0000	8.0000	0.4954	fault_detection/train/encoder_dropout	0.9378	staleness	0.9382	0.5807	0.4728			0.4144	0.9382	0.5000	0.4602
v2_fc_ablation_det_noaug_seed13	reports/v2_fc_ablation_det_noaug_seed13/reliability_report.json	ablation	human	det_noaug	eval	13.0000	8.0000	0.4954	fault_detection/train/imu_bias	0.5315	logit	0.5508	0.5508	0.4293			0.4862	0.5010	0.4999	0.5187
v2_fc_ablation_det_noaug_seed13	reports/v2_fc_ablation_det_noaug_seed13/reliability_report.json	ablation	human	det_noaug	eval	13.0000	8.0000	0.4954	fault_detection/train/insole_missing	0.7474	staleness	0.8029	0.7241	0.2699			0.2886	0.8029	0.5000	0.3667
v2_fc_ablation_det_noaug_seed13	reports/v2_fc_ablation_det_noaug_seed13/reliability_report.json	ablation	human	det_noaug	eval	13.0000	8.0000	0.4954	fault_detection/train/packet_loss	0.8837	staleness	0.9117	0.4998	0.5002			0.4982	0.9117	0.4748	0.5002
v2_fc_ablation_det_noaug_seed13	reports/v2_fc_ablation_det_noaug_seed13/reliability_report.json	ablation	human	det_noaug	eval	13.0000	8.0000	0.4954	fault_detection/train/packet_loss_burst	0.8211	staleness	0.8846	0.4991	0.5005			0.5036	0.8846	0.0802	0.5034
v2_fc_ablation_det_noaug_seed13	reports/v2_fc_ablation_det_noaug_seed13/reliability_report.json	ablation	human	det_noaug	eval	13.0000	8.0000	0.4954	fault_detection/train/packet_loss_partial	0.9219	coherence	0.9988	0.4997	0.5002			0.4994	0.9142	0.9988	0.5002
v2_fc_ablation_det_noaug_seed13	reports/v2_fc_ablation_det_noaug_seed13/reliability_report.json	ablation	human	det_noaug	eval	13.0000	8.0000	0.4954	fault_detection/train/sensor_delay	0.7880	coherence	0.9374	0.4777	0.4857			0.4792	0.4987	0.9374	0.5152
v2_fc_ablation_det_noaug_seed13	reports/v2_fc_ablation_det_noaug_seed13/reliability_report.json	ablation	human	det_noaug	eval	13.0000	8.0000	0.4954	fault_detection/train/sensor_delay_jitter	0.7756	coherence	0.9217	0.4738	0.4852			0.4796	0.4986	0.9217	0.5160
v2_fc_ablation_det_noaug_seed13	reports/v2_fc_ablation_det_noaug_seed13/reliability_report.json	ablation	human	det_noaug	eval	13.0000	8.0000	0.4954	fault_detection/train/stuck_imu	0.9670	coherence	1.0000	0.4645	0.5151			0.5270	0.9665	1.0000	0.4872
v2_fc_ablation_det_noaug_seed13	reports/v2_fc_ablation_det_noaug_seed13/reliability_report.json	ablation	human	det_noaug	eval	13.0000	8.0000	0.4954	fault_detection/val/encoder_dropout	0.8999	staleness	0.9348	0.6286	0.3887			0.4536	0.9348	0.5000	0.4796
v2_fc_ablation_det_noaug_seed13	reports/v2_fc_ablation_det_noaug_seed13/reliability_report.json	ablation	human	det_noaug	eval	13.0000	8.0000	0.4954	fault_detection/val/imu_bias	0.5370	logit	0.5514	0.5514	0.4185			0.4907	0.5016	0.5000	0.5136
v2_fc_ablation_det_noaug_seed13	reports/v2_fc_ablation_det_noaug_seed13/reliability_report.json	ablation	human	det_noaug	eval	13.0000	8.0000	0.4954	fault_detection/val/insole_missing	0.7775	staleness	0.8634	0.7861	0.1901			0.2556	0.8634	0.5000	0.3113
v2_fc_ablation_det_noaug_seed13	reports/v2_fc_ablation_det_noaug_seed13/reliability_report.json	ablation	human	det_noaug	eval	13.0000	8.0000	0.4954	fault_detection/val/packet_loss	0.7992	staleness	0.9207	0.4995	0.5001			0.4978	0.9207	0.4844	0.5001
v2_fc_ablation_det_noaug_seed13	reports/v2_fc_ablation_det_noaug_seed13/reliability_report.json	ablation	human	det_noaug	eval	13.0000	8.0000	0.4954	fault_detection/val/packet_loss_burst	0.7469	staleness	0.8997	0.4991	0.5011			0.5123	0.8997	0.0855	0.5039
v2_fc_ablation_det_noaug_seed13	reports/v2_fc_ablation_det_noaug_seed13/reliability_report.json	ablation	human	det_noaug	eval	13.0000	8.0000	0.4954	fault_detection/val/packet_loss_partial	0.9423	coherence	0.9995	0.4993	0.5012			0.4980	0.9227	0.9995	0.5005
v2_fc_ablation_det_noaug_seed13	reports/v2_fc_ablation_det_noaug_seed13/reliability_report.json	ablation	human	det_noaug	eval	13.0000	8.0000	0.4954	fault_detection/val/sensor_delay	0.8548	coherence	0.9529	0.4814	0.5133			0.4766	0.5009	0.9529	0.5136
v2_fc_ablation_det_noaug_seed13	reports/v2_fc_ablation_det_noaug_seed13/reliability_report.json	ablation	human	det_noaug	eval	13.0000	8.0000	0.4954	fault_detection/val/sensor_delay_jitter	0.8215	coherence	0.9425	0.4758	0.5187			0.4898	0.5005	0.9425	0.5122
v2_fc_ablation_det_noaug_seed13	reports/v2_fc_ablation_det_noaug_seed13/reliability_report.json	ablation	human	det_noaug	eval	13.0000	8.0000	0.4954	fault_detection/val/stuck_imu	0.9550	coherence	1.0000	0.4670	0.4971			0.5334	0.9545	1.0000	0.4879
v2_fc_ablation_det_noaug_seed13	reports/v2_fc_ablation_det_noaug_seed13/reliability_report.json	ablation	human	det_noaug	eval	13.0000	8.0000	0.4954	ood_detection/clean	0.6409	epistemic	0.7346	0.4846	0.4341			0.7346	0.5565	0.5625	0.6659
v2_fc_ablation_det_noaug_seed23	reports/v2_fc_ablation_det_noaug_seed23/reliability_report.json	ablation	human	det_noaug	eval	23.0000	8.0000	0.4460	fault_detection/test_id/encoder_dropout	0.9458	staleness	0.9458	0.4330	0.1197			0.4342	0.9458	0.4999	0.4825
v2_fc_ablation_det_noaug_seed23	reports/v2_fc_ablation_det_noaug_seed23/reliability_report.json	ablation	human	det_noaug	eval	23.0000	8.0000	0.4460	fault_detection/test_id/imu_bias	0.5023	drift	0.5142	0.4985	0.4932			0.5083	0.5023	0.4998	0.5142
v2_fc_ablation_det_noaug_seed23	reports/v2_fc_ablation_det_noaug_seed23/reliability_report.json	ablation	human	det_noaug	eval	23.0000	8.0000	0.4460	fault_detection/test_id/insole_missing	0.8578	staleness	0.8578	0.2579	0.2394			0.3831	0.8578	0.4999	0.3200
v2_fc_ablation_det_noaug_seed23	reports/v2_fc_ablation_det_noaug_seed23/reliability_report.json	ablation	human	det_noaug	eval	23.0000	8.0000	0.4460	fault_detection/test_id/packet_loss	0.9380	staleness	0.9380	0.4998	0.4997			0.4798	0.9380	0.4761	0.5000
v2_fc_ablation_det_noaug_seed23	reports/v2_fc_ablation_det_noaug_seed23/reliability_report.json	ablation	human	det_noaug	eval	23.0000	8.0000	0.4460	fault_detection/test_id/packet_loss_burst	0.9208	staleness	0.9208	0.5000	0.4995			0.5090	0.9208	0.0594	0.5028
v2_fc_ablation_det_noaug_seed23	reports/v2_fc_ablation_det_noaug_seed23/reliability_report.json	ablation	human	det_noaug	eval	23.0000	8.0000	0.4460	fault_detection/test_id/packet_loss_partial	0.9386	coherence	1.0000	0.4997	0.4999			0.4969	0.9386	1.0000	0.5003
v2_fc_ablation_det_noaug_seed23	reports/v2_fc_ablation_det_noaug_seed23/reliability_report.json	ablation	human	det_noaug	eval	23.0000	8.0000	0.4460	fault_detection/test_id/sensor_delay	0.4970	coherence	0.9531	0.4907	0.4934			0.4837	0.4970	0.9531	0.5089
v2_fc_ablation_det_noaug_seed23	reports/v2_fc_ablation_det_noaug_seed23/reliability_report.json	ablation	human	det_noaug	eval	23.0000	8.0000	0.4460	fault_detection/test_id/sensor_delay_jitter	0.4960	coherence	0.9403	0.4904	0.4956			0.5075	0.4960	0.9403	0.5078
v2_fc_ablation_det_noaug_seed23	reports/v2_fc_ablation_det_noaug_seed23/reliability_report.json	ablation	human	det_noaug	eval	23.0000	8.0000	0.4460	fault_detection/test_id/stuck_imu	0.9647	coherence	1.0000	0.4921	0.4853			0.5382	0.9647	1.0000	0.4918
v2_fc_ablation_det_noaug_seed23	reports/v2_fc_ablation_det_noaug_seed23/reliability_report.json	ablation	human	det_noaug	eval	23.0000	8.0000	0.4460	fault_detection/test_ood/encoder_dropout	0.9808	staleness	0.9808	0.2578	0.0210			0.2335	0.9808	0.5006	0.4889
v2_fc_ablation_det_noaug_seed23	reports/v2_fc_ablation_det_noaug_seed23/reliability_report.json	ablation	human	det_noaug	eval	23.0000	8.0000	0.4460	fault_detection/test_ood/imu_bias	0.5024	logit	0.5029	0.5029	0.4772			0.4929	0.5024	0.4998	0.5006
v2_fc_ablation_det_noaug_seed23	reports/v2_fc_ablation_det_noaug_seed23/reliability_report.json	ablation	human	det_noaug	eval	23.0000	8.0000	0.4460	fault_detection/test_ood/insole_missing	0.8412	staleness	0.8412	0.1501	0.0851			0.2588	0.8412	0.5006	0.2954
v2_fc_ablation_det_noaug_seed23	reports/v2_fc_ablation_det_noaug_seed23/reliability_report.json	ablation	human	det_noaug	eval	23.0000	8.0000	0.4460	fault_detection/test_ood/packet_loss	0.9632	staleness	0.9632	0.4994	0.4993			0.4794	0.9632	0.4602	0.5008
v2_fc_ablation_det_noaug_seed23	reports/v2_fc_ablation_det_noaug_seed23/reliability_report.json	ablation	human	det_noaug	eval	23.0000	8.0000	0.4460	fault_detection/test_ood/packet_loss_burst	0.9131	staleness	0.9131	0.4987	0.4988			0.5175	0.9131	0.0481	0.5028
v2_fc_ablation_det_noaug_seed23	reports/v2_fc_ablation_det_noaug_seed23/reliability_report.json	ablation	human	det_noaug	eval	23.0000	8.0000	0.4460	fault_detection/test_ood/packet_loss_partial	0.9597	coherence	1.0000	0.5002	0.4999			0.4919	0.9597	1.0000	0.5003
v2_fc_ablation_det_noaug_seed23	reports/v2_fc_ablation_det_noaug_seed23/reliability_report.json	ablation	human	det_noaug	eval	23.0000	8.0000	0.4460	fault_detection/test_ood/sensor_delay	0.4983	coherence	0.9890	0.4803	0.4749			0.4800	0.4983	0.9890	0.5045
v2_fc_ablation_det_noaug_seed23	reports/v2_fc_ablation_det_noaug_seed23/reliability_report.json	ablation	human	det_noaug	eval	23.0000	8.0000	0.4460	fault_detection/test_ood/sensor_delay_jitter	0.4998	coherence	0.9726	0.4796	0.4742			0.4992	0.4998	0.9726	0.5036
v2_fc_ablation_det_noaug_seed23	reports/v2_fc_ablation_det_noaug_seed23/reliability_report.json	ablation	human	det_noaug	eval	23.0000	8.0000	0.4460	fault_detection/test_ood/stuck_imu	0.9972	coherence	1.0000	0.4743	0.4939			0.5144	0.9972	1.0000	0.4996
v2_fc_ablation_det_noaug_seed23	reports/v2_fc_ablation_det_noaug_seed23/reliability_report.json	ablation	human	det_noaug	eval	23.0000	8.0000	0.4460	fault_detection/train/encoder_dropout	0.9374	staleness	0.9374	0.3828	0.1126			0.4004	0.9374	0.5000	0.4597
v2_fc_ablation_det_noaug_seed23	reports/v2_fc_ablation_det_noaug_seed23/reliability_report.json	ablation	human	det_noaug	eval	23.0000	8.0000	0.4460	fault_detection/train/imu_bias	0.5010	drift	0.5188	0.4980	0.4906			0.4942	0.5010	0.4999	0.5188
v2_fc_ablation_det_noaug_seed23	reports/v2_fc_ablation_det_noaug_seed23/reliability_report.json	ablation	human	det_noaug	eval	23.0000	8.0000	0.4460	fault_detection/train/insole_missing	0.8017	staleness	0.8017	0.2585	0.2255			0.3811	0.8017	0.5000	0.3690
v2_fc_ablation_det_noaug_seed23	reports/v2_fc_ablation_det_noaug_seed23/reliability_report.json	ablation	human	det_noaug	eval	23.0000	8.0000	0.4460	fault_detection/train/packet_loss	0.9118	staleness	0.9118	0.4999	0.4998			0.4947	0.9118	0.4737	0.5001
v2_fc_ablation_det_noaug_seed23	reports/v2_fc_ablation_det_noaug_seed23/reliability_report.json	ablation	human	det_noaug	eval	23.0000	8.0000	0.4460	fault_detection/train/packet_loss_burst	0.8824	staleness	0.8824	0.4997	0.4993			0.5003	0.8824	0.0818	0.5026
v2_fc_ablation_det_noaug_seed23	reports/v2_fc_ablation_det_noaug_seed23/reliability_report.json	ablation	human	det_noaug	eval	23.0000	8.0000	0.4460	fault_detection/train/packet_loss_partial	0.9134	coherence	0.9989	0.4998	0.4997			0.5027	0.9134	0.9989	0.5001
v2_fc_ablation_det_noaug_seed23	reports/v2_fc_ablation_det_noaug_seed23/reliability_report.json	ablation	human	det_noaug	eval	23.0000	8.0000	0.4460	fault_detection/train/sensor_delay	0.4988	coherence	0.9374	0.4871	0.4854			0.4825	0.4988	0.9374	0.5153
v2_fc_ablation_det_noaug_seed23	reports/v2_fc_ablation_det_noaug_seed23/reliability_report.json	ablation	human	det_noaug	eval	23.0000	8.0000	0.4460	fault_detection/train/sensor_delay_jitter	0.4990	coherence	0.9215	0.4852	0.4850			0.4924	0.4990	0.9215	0.5165
v2_fc_ablation_det_noaug_seed23	reports/v2_fc_ablation_det_noaug_seed23/reliability_report.json	ablation	human	det_noaug	eval	23.0000	8.0000	0.4460	fault_detection/train/stuck_imu	0.9660	coherence	1.0000	0.4696	0.4731			0.5345	0.9660	1.0000	0.4868
v2_fc_ablation_det_noaug_seed23	reports/v2_fc_ablation_det_noaug_seed23/reliability_report.json	ablation	human	det_noaug	eval	23.0000	8.0000	0.4460	fault_detection/val/encoder_dropout	0.9341	staleness	0.9341	0.4256	0.1798			0.4329	0.9341	0.5000	0.4789
v2_fc_ablation_det_noaug_seed23	reports/v2_fc_ablation_det_noaug_seed23/reliability_report.json	ablation	human	det_noaug	eval	23.0000	8.0000	0.4460	fault_detection/val/imu_bias	0.5014	drift	0.5140	0.4976	0.4907			0.5012	0.5014	0.5000	0.5140
v2_fc_ablation_det_noaug_seed23	reports/v2_fc_ablation_det_noaug_seed23/reliability_report.json	ablation	human	det_noaug	eval	23.0000	8.0000	0.4460	fault_detection/val/insole_missing	0.8620	staleness	0.8620	0.2840	0.2841			0.3577	0.8620	0.5000	0.3138
v2_fc_ablation_det_noaug_seed23	reports/v2_fc_ablation_det_noaug_seed23/reliability_report.json	ablation	human	det_noaug	eval	23.0000	8.0000	0.4460	fault_detection/val/packet_loss	0.9182	staleness	0.9182	0.4999	0.4998			0.5001	0.9182	0.4751	0.5010
v2_fc_ablation_det_noaug_seed23	reports/v2_fc_ablation_det_noaug_seed23/reliability_report.json	ablation	human	det_noaug	eval	23.0000	8.0000	0.4460	fault_detection/val/packet_loss_burst	0.8978	staleness	0.8978	0.5001	0.4991			0.4935	0.8978	0.0768	0.5064
v2_fc_ablation_det_noaug_seed23	reports/v2_fc_ablation_det_noaug_seed23/reliability_report.json	ablation	human	det_noaug	eval	23.0000	8.0000	0.4460	fault_detection/val/packet_loss_partial	0.9222	coherence	0.9997	0.4997	0.4996			0.4957	0.9222	0.9997	0.5006
v2_fc_ablation_det_noaug_seed23	reports/v2_fc_ablation_det_noaug_seed23/reliability_report.json	ablation	human	det_noaug	eval	23.0000	8.0000	0.4460	fault_detection/val/sensor_delay	0.5010	coherence	0.9529	0.4879	0.4933			0.4928	0.5010	0.9529	0.5136
v2_fc_ablation_det_noaug_seed23	reports/v2_fc_ablation_det_noaug_seed23/reliability_report.json	ablation	human	det_noaug	eval	23.0000	8.0000	0.4460	fault_detection/val/sensor_delay_jitter	0.5006	coherence	0.9296	0.4871	0.4942			0.4902	0.5006	0.9296	0.5155
v2_fc_ablation_det_noaug_seed23	reports/v2_fc_ablation_det_noaug_seed23/reliability_report.json	ablation	human	det_noaug	eval	23.0000	8.0000	0.4460	fault_detection/val/stuck_imu	0.9542	coherence	1.0000	0.4881	0.4809			0.5404	0.9542	1.0000	0.4877
v2_fc_ablation_det_noaug_seed23	reports/v2_fc_ablation_det_noaug_seed23/reliability_report.json	ablation	human	det_noaug	eval	23.0000	8.0000	0.4460	ood_detection/clean	0.6813	epistemic	0.7522	0.6313	0.7469			0.7522	0.5563	0.5624	0.6657
v2_fc_ablation_det_noaug_seed7	reports/v2_fc_ablation_det_noaug_seed7/reliability_report.json	ablation	human	det_noaug	eval	7.0000	8.0000	0.4971	fault_detection/test_id/encoder_dropout	0.9439	staleness	0.9457	0.5647	0.6040			0.3859	0.9457	0.4999	0.4822
v2_fc_ablation_det_noaug_seed7	reports/v2_fc_ablation_det_noaug_seed7/reliability_report.json	ablation	human	det_noaug	eval	7.0000	8.0000	0.4971	fault_detection/test_id/imu_bias	0.5285	aleatoric	0.5347	0.5318	0.5347			0.5055	0.5022	0.5000	0.5132
v2_fc_ablation_det_noaug_seed7	reports/v2_fc_ablation_det_noaug_seed7/reliability_report.json	ablation	human	det_noaug	eval	7.0000	8.0000	0.4971	fault_detection/test_id/insole_missing	0.6356	staleness	0.8574	0.5248	0.6795			0.2768	0.8574	0.4999	0.3175
v2_fc_ablation_det_noaug_seed7	reports/v2_fc_ablation_det_noaug_seed7/reliability_report.json	ablation	human	det_noaug	eval	7.0000	8.0000	0.4971	fault_detection/test_id/packet_loss	0.8951	staleness	0.9370	0.4994	0.5001			0.5032	0.9370	0.4774	0.5000
v2_fc_ablation_det_noaug_seed7	reports/v2_fc_ablation_det_noaug_seed7/reliability_report.json	ablation	human	det_noaug	eval	7.0000	8.0000	0.4971	fault_detection/test_id/packet_loss_burst	0.8265	staleness	0.9231	0.5001	0.5002			0.4806	0.9231	0.0545	0.5016
v2_fc_ablation_det_noaug_seed7	reports/v2_fc_ablation_det_noaug_seed7/reliability_report.json	ablation	human	det_noaug	eval	7.0000	8.0000	0.4971	fault_detection/test_id/packet_loss_partial	0.9422	coherence	1.0000	0.5000	0.5002			0.4867	0.9387	1.0000	0.4996
v2_fc_ablation_det_noaug_seed7	reports/v2_fc_ablation_det_noaug_seed7/reliability_report.json	ablation	human	det_noaug	eval	7.0000	8.0000	0.4971	fault_detection/test_id/sensor_delay	0.8770	coherence	0.9530	0.4808	0.5247			0.4836	0.4970	0.9530	0.5087
v2_fc_ablation_det_noaug_seed7	reports/v2_fc_ablation_det_noaug_seed7/reliability_report.json	ablation	human	det_noaug	eval	7.0000	8.0000	0.4971	fault_detection/test_id/sensor_delay_jitter	0.8541	coherence	0.9404	0.4796	0.5177			0.4999	0.4972	0.9404	0.5098
v2_fc_ablation_det_noaug_seed7	reports/v2_fc_ablation_det_noaug_seed7/reliability_report.json	ablation	human	det_noaug	eval	7.0000	8.0000	0.4971	fault_detection/test_id/stuck_imu	0.9650	coherence	1.0000	0.4686	0.4792			0.5534	0.9647	1.0000	0.4927
v2_fc_ablation_det_noaug_seed7	reports/v2_fc_ablation_det_noaug_seed7/reliability_report.json	ablation	human	det_noaug	eval	7.0000	8.0000	0.4971	fault_detection/test_ood/encoder_dropout	0.9728	staleness	0.9806	0.4636	0.8038			0.2032	0.9806	0.5004	0.4886
v2_fc_ablation_det_noaug_seed7	reports/v2_fc_ablation_det_noaug_seed7/reliability_report.json	ablation	human	det_noaug	eval	7.0000	8.0000	0.4971	fault_detection/test_ood/imu_bias	0.5426	logit	0.5542	0.5542	0.5433			0.4688	0.5023	0.4996	0.5002
v2_fc_ablation_det_noaug_seed7	reports/v2_fc_ablation_det_noaug_seed7/reliability_report.json	ablation	human	det_noaug	eval	7.0000	8.0000	0.4971	fault_detection/test_ood/insole_missing	0.6666	aleatoric	0.8695	0.2879	0.8695			0.1573	0.8408	0.5004	0.2916
v2_fc_ablation_det_noaug_seed7	reports/v2_fc_ablation_det_noaug_seed7/reliability_report.json	ablation	human	det_noaug	eval	7.0000	8.0000	0.4971	fault_detection/test_ood/packet_loss	0.9083	staleness	0.9573	0.4992	0.5004			0.4878	0.9573	0.4506	0.5004
v2_fc_ablation_det_noaug_seed7	reports/v2_fc_ablation_det_noaug_seed7/reliability_report.json	ablation	human	det_noaug	eval	7.0000	8.0000	0.4971	fault_detection/test_ood/packet_loss_burst	0.8587	staleness	0.9217	0.4989	0.4991			0.4928	0.9217	0.0673	0.5001
v2_fc_ablation_det_noaug_seed7	reports/v2_fc_ablation_det_noaug_seed7/reliability_report.json	ablation	human	det_noaug	eval	7.0000	8.0000	0.4971	fault_detection/test_ood/packet_loss_partial	0.9827	coherence	0.9999	0.4996	0.4997			0.5051	0.9586	0.9999	0.5001
v2_fc_ablation_det_noaug_seed7	reports/v2_fc_ablation_det_noaug_seed7/reliability_report.json	ablation	human	det_noaug	eval	7.0000	8.0000	0.4971	fault_detection/test_ood/sensor_delay	0.9348	coherence	0.9890	0.4676	0.5291			0.4842	0.4982	0.9890	0.5045
v2_fc_ablation_det_noaug_seed7	reports/v2_fc_ablation_det_noaug_seed7/reliability_report.json	ablation	human	det_noaug	eval	7.0000	8.0000	0.4971	fault_detection/test_ood/sensor_delay_jitter	0.8982	coherence	0.9644	0.4576	0.5267			0.4764	0.4979	0.9644	0.5024
v2_fc_ablation_det_noaug_seed7	reports/v2_fc_ablation_det_noaug_seed7/reliability_report.json	ablation	human	det_noaug	eval	7.0000	8.0000	0.4971	fault_detection/test_ood/stuck_imu	0.9970	coherence	1.0000	0.4714	0.5072			0.4748	0.9970	1.0000	0.4994
v2_fc_ablation_det_noaug_seed7	reports/v2_fc_ablation_det_noaug_seed7/reliability_report.json	ablation	human	det_noaug	eval	7.0000	8.0000	0.4971	fault_detection/train/encoder_dropout	0.9369	staleness	0.9372	0.5511	0.6308			0.3746	0.9372	0.5000	0.4592
v2_fc_ablation_det_noaug_seed7	reports/v2_fc_ablation_det_noaug_seed7/reliability_report.json	ablation	human	det_noaug	eval	7.0000	8.0000	0.4971	fault_detection/train/imu_bias	0.5200	aleatoric	0.5330	0.5279	0.5330			0.4994	0.5011	0.5000	0.5179
v2_fc_ablation_det_noaug_seed7	reports/v2_fc_ablation_det_noaug_seed7/reliability_report.json	ablation	human	det_noaug	eval	7.0000	8.0000	0.4971	fault_detection/train/insole_missing	0.6336	staleness	0.8014	0.4724	0.7030			0.3002	0.8014	0.5000	0.3670
v2_fc_ablation_det_noaug_seed7	reports/v2_fc_ablation_det_noaug_seed7/reliability_report.json	ablation	human	det_noaug	eval	7.0000	8.0000	0.4971	fault_detection/train/packet_loss	0.8905	staleness	0.9113	0.4998	0.5000			0.4963	0.9113	0.4760	0.5002
v2_fc_ablation_det_noaug_seed7	reports/v2_fc_ablation_det_noaug_seed7/reliability_report.json	ablation	human	det_noaug	eval	7.0000	8.0000	0.4971	fault_detection/train/packet_loss_burst	0.8230	staleness	0.8841	0.4992	0.5003			0.4980	0.8841	0.0781	0.5024
v2_fc_ablation_det_noaug_seed7	reports/v2_fc_ablation_det_noaug_seed7/reliability_report.json	ablation	human	det_noaug	eval	7.0000	8.0000	0.4971	fault_detection/train/packet_loss_partial	0.9211	coherence	0.9987	0.4998	0.5000			0.4972	0.9129	0.9987	0.5000
v2_fc_ablation_det_noaug_seed7	reports/v2_fc_ablation_det_noaug_seed7/reliability_report.json	ablation	human	det_noaug	eval	7.0000	8.0000	0.4971	fault_detection/train/sensor_delay	0.7982	coherence	0.9374	0.4852	0.5186			0.4815	0.4988	0.9374	0.5151
v2_fc_ablation_det_noaug_seed7	reports/v2_fc_ablation_det_noaug_seed7/reliability_report.json	ablation	human	det_noaug	eval	7.0000	8.0000	0.4971	fault_detection/train/sensor_delay_jitter	0.7786	coherence	0.9177	0.4819	0.5159			0.4899	0.4990	0.9177	0.5153
v2_fc_ablation_det_noaug_seed7	reports/v2_fc_ablation_det_noaug_seed7/reliability_report.json	ablation	human	det_noaug	eval	7.0000	8.0000	0.4971	fault_detection/train/stuck_imu	0.9665	coherence	1.0000	0.4610	0.4857			0.5359	0.9659	1.0000	0.4876
v2_fc_ablation_det_noaug_seed7	reports/v2_fc_ablation_det_noaug_seed7/reliability_report.json	ablation	human	det_noaug	eval	7.0000	8.0000	0.4971	fault_detection/val/encoder_dropout	0.8967	staleness	0.9339	0.5928	0.6178			0.4211	0.9339	0.4999	0.4787
v2_fc_ablation_det_noaug_seed7	reports/v2_fc_ablation_det_noaug_seed7/reliability_report.json	ablation	human	det_noaug	eval	7.0000	8.0000	0.4971	fault_detection/val/imu_bias	0.5237	aleatoric	0.5338	0.5288	0.5338			0.4866	0.5012	0.4999	0.5129
v2_fc_ablation_det_noaug_seed7	reports/v2_fc_ablation_det_noaug_seed7/reliability_report.json	ablation	human	det_noaug	eval	7.0000	8.0000	0.4971	fault_detection/val/insole_missing	0.6533	staleness	0.8616	0.5663	0.5847			0.3007	0.8616	0.4999	0.3115
v2_fc_ablation_det_noaug_seed7	reports/v2_fc_ablation_det_noaug_seed7/reliability_report.json	ablation	human	det_noaug	eval	7.0000	8.0000	0.4971	fault_detection/val/packet_loss	0.8237	staleness	0.9201	0.4996	0.4998			0.5029	0.9201	0.4757	0.4998
v2_fc_ablation_det_noaug_seed7	reports/v2_fc_ablation_det_noaug_seed7/reliability_report.json	ablation	human	det_noaug	eval	7.0000	8.0000	0.4971	fault_detection/val/packet_loss_burst	0.7417	staleness	0.8983	0.4990	0.5005			0.5028	0.8983	0.0750	0.5047
v2_fc_ablation_det_noaug_seed7	reports/v2_fc_ablation_det_noaug_seed7/reliability_report.json	ablation	human	det_noaug	eval	7.0000	8.0000	0.4971	fault_detection/val/packet_loss_partial	0.9421	coherence	0.9998	0.4997	0.4999			0.4944	0.9217	0.9998	0.4999
v2_fc_ablation_det_noaug_seed7	reports/v2_fc_ablation_det_noaug_seed7/reliability_report.json	ablation	human	det_noaug	eval	7.0000	8.0000	0.4971	fault_detection/val/sensor_delay	0.8610	coherence	0.9529	0.4868	0.5281			0.4917	0.5009	0.9529	0.5135
v2_fc_ablation_det_noaug_seed7	reports/v2_fc_ablation_det_noaug_seed7/reliability_report.json	ablation	human	det_noaug	eval	7.0000	8.0000	0.4971	fault_detection/val/sensor_delay_jitter	0.8177	coherence	0.9277	0.4821	0.5177			0.4993	0.5012	0.9277	0.5115
v2_fc_ablation_det_noaug_seed7	reports/v2_fc_ablation_det_noaug_seed7/reliability_report.json	ablation	human	det_noaug	eval	7.0000	8.0000	0.4971	fault_detection/val/stuck_imu	0.9548	coherence	1.0000	0.4681	0.4597			0.5468	0.9542	1.0000	0.4882
v2_fc_ablation_det_noaug_seed7	reports/v2_fc_ablation_det_noaug_seed7/reliability_report.json	ablation	human	det_noaug	eval	7.0000	8.0000	0.4971	ood_detection/clean	0.5827	epistemic	0.7523	0.5046	0.2850			0.7523	0.5564	0.5624	0.6658
v2_fc_ablation_prob_aug_recon_fc_seed13	reports/v2_fc_ablation_prob_aug_recon_fc_seed13/reliability_report.json	ablation	human	prob_aug_recon_fc	eval	13.0000	2.0000	1.0743	fault_detection/test_id/encoder_dropout	0.9493	staleness	0.9462	0.5943	0.4938	0.8599	0.8409	0.5407	0.9462	0.4999	0.4832
v2_fc_ablation_prob_aug_recon_fc_seed13	reports/v2_fc_ablation_prob_aug_recon_fc_seed13/reliability_report.json	ablation	human	prob_aug_recon_fc	eval	13.0000	2.0000	1.0743	fault_detection/test_id/imu_bias	0.5022	logit	0.5492	0.5492	0.4531	0.5050	0.5043	0.4837	0.5024	0.5000	0.5138
v2_fc_ablation_prob_aug_recon_fc_seed13	reports/v2_fc_ablation_prob_aug_recon_fc_seed13/reliability_report.json	ablation	human	prob_aug_recon_fc	eval	13.0000	2.0000	1.0743	fault_detection/test_id/insole_missing	0.9525	residual	0.9680	0.5201	0.4732	0.9680	0.9552	0.5095	0.8595	0.4999	0.3188
v2_fc_ablation_prob_aug_recon_fc_seed13	reports/v2_fc_ablation_prob_aug_recon_fc_seed13/reliability_report.json	ablation	human	prob_aug_recon_fc	eval	13.0000	2.0000	1.0743	fault_detection/test_id/packet_loss	0.8727	staleness	0.9380	0.4995	0.5001	0.5008	0.5095	0.5023	0.9380	0.4846	0.4998
v2_fc_ablation_prob_aug_recon_fc_seed13	reports/v2_fc_ablation_prob_aug_recon_fc_seed13/reliability_report.json	ablation	human	prob_aug_recon_fc	eval	13.0000	2.0000	1.0743	fault_detection/test_id/packet_loss_burst	0.7216	staleness	0.9202	0.4983	0.5013	0.5027	0.5162	0.5009	0.9202	0.0508	0.5018
v2_fc_ablation_prob_aug_recon_fc_seed13	reports/v2_fc_ablation_prob_aug_recon_fc_seed13/reliability_report.json	ablation	human	prob_aug_recon_fc	eval	13.0000	2.0000	1.0743	fault_detection/test_id/packet_loss_partial	0.9169	coherence	1.0000	0.4994	0.5004	0.5015	0.5093	0.4920	0.9394	1.0000	0.5001
v2_fc_ablation_prob_aug_recon_fc_seed13	reports/v2_fc_ablation_prob_aug_recon_fc_seed13/reliability_report.json	ablation	human	prob_aug_recon_fc	eval	13.0000	2.0000	1.0743	fault_detection/test_id/sensor_delay	0.8807	coherence	0.9531	0.4160	0.5900	0.6267	0.6097	0.5200	0.4969	0.9531	0.5091
v2_fc_ablation_prob_aug_recon_fc_seed13	reports/v2_fc_ablation_prob_aug_recon_fc_seed13/reliability_report.json	ablation	human	prob_aug_recon_fc	eval	13.0000	2.0000	1.0743	fault_detection/test_id/sensor_delay_jitter	0.8640	coherence	0.9237	0.4213	0.5890	0.6284	0.6132	0.5257	0.4975	0.9237	0.5146
v2_fc_ablation_prob_aug_recon_fc_seed13	reports/v2_fc_ablation_prob_aug_recon_fc_seed13/reliability_report.json	ablation	human	prob_aug_recon_fc	eval	13.0000	2.0000	1.0743	fault_detection/test_id/stuck_imu	0.9587	coherence	1.0000	0.4635	0.5524	0.6676	0.6516	0.5376	0.9652	1.0000	0.4919
v2_fc_ablation_prob_aug_recon_fc_seed13	reports/v2_fc_ablation_prob_aug_recon_fc_seed13/reliability_report.json	ablation	human	prob_aug_recon_fc	eval	13.0000	2.0000	1.0743	fault_detection/test_ood/encoder_dropout	0.8925	staleness	0.9816	0.5791	0.4097	0.6285	0.6124	0.4248	0.9816	0.5006	0.4893
v2_fc_ablation_prob_aug_recon_fc_seed13	reports/v2_fc_ablation_prob_aug_recon_fc_seed13/reliability_report.json	ablation	human	prob_aug_recon_fc	eval	13.0000	2.0000	1.0743	fault_detection/test_ood/imu_bias	0.5020	logit	0.5501	0.5501	0.4600	0.5070	0.5071	0.4916	0.5028	0.4999	0.5005
v2_fc_ablation_prob_aug_recon_fc_seed13	reports/v2_fc_ablation_prob_aug_recon_fc_seed13/reliability_report.json	ablation	human	prob_aug_recon_fc	eval	13.0000	2.0000	1.0743	fault_detection/test_ood/insole_missing	0.8958	residual	0.8877	0.4982	0.4356	0.8877	0.8589	0.4198	0.8435	0.5006	0.2936
v2_fc_ablation_prob_aug_recon_fc_seed13	reports/v2_fc_ablation_prob_aug_recon_fc_seed13/reliability_report.json	ablation	human	prob_aug_recon_fc	eval	13.0000	2.0000	1.0743	fault_detection/test_ood/packet_loss	0.7940	staleness	0.9630	0.4985	0.4997	0.5004	0.5101	0.4909	0.9630	0.4587	0.4999
v2_fc_ablation_prob_aug_recon_fc_seed13	reports/v2_fc_ablation_prob_aug_recon_fc_seed13/reliability_report.json	ablation	human	prob_aug_recon_fc	eval	13.0000	2.0000	1.0743	fault_detection/test_ood/packet_loss_burst	0.7623	staleness	0.9242	0.4978	0.5000	0.5013	0.5130	0.4845	0.9242	0.0451	0.4992
v2_fc_ablation_prob_aug_recon_fc_seed13	reports/v2_fc_ablation_prob_aug_recon_fc_seed13/reliability_report.json	ablation	human	prob_aug_recon_fc	eval	13.0000	2.0000	1.0743	fault_detection/test_ood/packet_loss_partial	0.8208	coherence	0.9999	0.4992	0.4999	0.5004	0.5082	0.5169	0.9624	0.9999	0.5009
v2_fc_ablation_prob_aug_recon_fc_seed13	reports/v2_fc_ablation_prob_aug_recon_fc_seed13/reliability_report.json	ablation	human	prob_aug_recon_fc	eval	13.0000	2.0000	1.0743	fault_detection/test_ood/sensor_delay	0.7776	coherence	0.9890	0.4688	0.5212	0.5526	0.5461	0.5367	0.4983	0.9890	0.5040
v2_fc_ablation_prob_aug_recon_fc_seed13	reports/v2_fc_ablation_prob_aug_recon_fc_seed13/reliability_report.json	ablation	human	prob_aug_recon_fc	eval	13.0000	2.0000	1.0743	fault_detection/test_ood/sensor_delay_jitter	0.7630	coherence	0.9526	0.4731	0.5217	0.5523	0.5465	0.5007	0.4983	0.9526	0.5060
v2_fc_ablation_prob_aug_recon_fc_seed13	reports/v2_fc_ablation_prob_aug_recon_fc_seed13/reliability_report.json	ablation	human	prob_aug_recon_fc	eval	13.0000	2.0000	1.0743	fault_detection/test_ood/stuck_imu	0.8596	coherence	1.0000	0.4780	0.5190	0.4873	0.4827	0.5292	0.9971	1.0000	0.4994
v2_fc_ablation_prob_aug_recon_fc_seed13	reports/v2_fc_ablation_prob_aug_recon_fc_seed13/reliability_report.json	ablation	human	prob_aug_recon_fc	eval	13.0000	2.0000	1.0743	fault_detection/train/encoder_dropout	0.9494	staleness	0.9385	0.5221	0.5398	0.8835	0.8647	0.5585	0.9385	0.5000	0.4608
v2_fc_ablation_prob_aug_recon_fc_seed13	reports/v2_fc_ablation_prob_aug_recon_fc_seed13/reliability_report.json	ablation	human	prob_aug_recon_fc	eval	13.0000	2.0000	1.0743	fault_detection/train/imu_bias	0.5024	logit	0.5529	0.5529	0.4505	0.5067	0.5058	0.4807	0.5007	0.5000	0.5189
v2_fc_ablation_prob_aug_recon_fc_seed13	reports/v2_fc_ablation_prob_aug_recon_fc_seed13/reliability_report.json	ablation	human	prob_aug_recon_fc	eval	13.0000	2.0000	1.0743	fault_detection/train/insole_missing	0.9407	residual	0.9463	0.5066	0.4761	0.9463	0.9265	0.4979	0.8032	0.5000	0.3677
v2_fc_ablation_prob_aug_recon_fc_seed13	reports/v2_fc_ablation_prob_aug_recon_fc_seed13/reliability_report.json	ablation	human	prob_aug_recon_fc	eval	13.0000	2.0000	1.0743	fault_detection/train/packet_loss	0.8579	staleness	0.9120	0.4996	0.5001	0.5007	0.5099	0.4985	0.9120	0.4748	0.5002
v2_fc_ablation_prob_aug_recon_fc_seed13	reports/v2_fc_ablation_prob_aug_recon_fc_seed13/reliability_report.json	ablation	human	prob_aug_recon_fc	eval	13.0000	2.0000	1.0743	fault_detection/train/packet_loss_burst	0.7750	staleness	0.8849	0.4979	0.5014	0.5038	0.5174	0.4974	0.8849	0.0802	0.5035
v2_fc_ablation_prob_aug_recon_fc_seed13	reports/v2_fc_ablation_prob_aug_recon_fc_seed13/reliability_report.json	ablation	human	prob_aug_recon_fc	eval	13.0000	2.0000	1.0743	fault_detection/train/packet_loss_partial	0.8846	coherence	0.9988	0.4995	0.5002	0.5014	0.5098	0.5023	0.9146	0.9988	0.5002
v2_fc_ablation_prob_aug_recon_fc_seed13	reports/v2_fc_ablation_prob_aug_recon_fc_seed13/reliability_report.json	ablation	human	prob_aug_recon_fc	eval	13.0000	2.0000	1.0743	fault_detection/train/sensor_delay	0.8105	coherence	0.9374	0.4036	0.5877	0.6117	0.5946	0.5110	0.4987	0.9374	0.5153
v2_fc_ablation_prob_aug_recon_fc_seed13	reports/v2_fc_ablation_prob_aug_recon_fc_seed13/reliability_report.json	ablation	human	prob_aug_recon_fc	eval	13.0000	2.0000	1.0743	fault_detection/train/sensor_delay_jitter	0.8049	coherence	0.9218	0.4081	0.5890	0.6167	0.6003	0.5146	0.4986	0.9218	0.5162
v2_fc_ablation_prob_aug_recon_fc_seed13	reports/v2_fc_ablation_prob_aug_recon_fc_seed13/reliability_report.json	ablation	human	prob_aug_recon_fc	eval	13.0000	2.0000	1.0743	fault_detection/train/stuck_imu	0.9598	coherence	1.0000	0.4470	0.5585	0.6656	0.6489	0.5236	0.9666	1.0000	0.4869
v2_fc_ablation_prob_aug_recon_fc_seed13	reports/v2_fc_ablation_prob_aug_recon_fc_seed13/reliability_report.json	ablation	human	prob_aug_recon_fc	eval	13.0000	2.0000	1.0743	fault_detection/val/encoder_dropout	0.9159	staleness	0.9349	0.5585	0.5574	0.8291	0.8119	0.5765	0.9349	0.5000	0.4799
v2_fc_ablation_prob_aug_recon_fc_seed13	reports/v2_fc_ablation_prob_aug_recon_fc_seed13/reliability_report.json	ablation	human	prob_aug_recon_fc	eval	13.0000	2.0000	1.0743	fault_detection/val/imu_bias	0.5011	logit	0.5542	0.5542	0.4503	0.5024	0.5027	0.4820	0.5015	0.5001	0.5140
v2_fc_ablation_prob_aug_recon_fc_seed13	reports/v2_fc_ablation_prob_aug_recon_fc_seed13/reliability_report.json	ablation	human	prob_aug_recon_fc	eval	13.0000	2.0000	1.0743	fault_detection/val/insole_missing	0.9213	residual	0.9251	0.5670	0.4080	0.9251	0.9069	0.4924	0.8637	0.5000	0.3127
v2_fc_ablation_prob_aug_recon_fc_seed13	reports/v2_fc_ablation_prob_aug_recon_fc_seed13/reliability_report.json	ablation	human	prob_aug_recon_fc	eval	13.0000	2.0000	1.0743	fault_detection/val/packet_loss	0.7680	staleness	0.9208	0.4994	0.5002	0.5006	0.5108	0.5047	0.9208	0.4845	0.5000
v2_fc_ablation_prob_aug_recon_fc_seed13	reports/v2_fc_ablation_prob_aug_recon_fc_seed13/reliability_report.json	ablation	human	prob_aug_recon_fc	eval	13.0000	2.0000	1.0743	fault_detection/val/packet_loss_burst	0.6679	staleness	0.8999	0.4987	0.5005	0.5030	0.5163	0.5062	0.8999	0.0856	0.5039
v2_fc_ablation_prob_aug_recon_fc_seed13	reports/v2_fc_ablation_prob_aug_recon_fc_seed13/reliability_report.json	ablation	human	prob_aug_recon_fc	eval	13.0000	2.0000	1.0743	fault_detection/val/packet_loss_partial	0.8769	coherence	0.9995	0.4993	0.5001	0.5013	0.5099	0.4997	0.9230	0.9995	0.5005
v2_fc_ablation_prob_aug_recon_fc_seed13	reports/v2_fc_ablation_prob_aug_recon_fc_seed13/reliability_report.json	ablation	human	prob_aug_recon_fc	eval	13.0000	2.0000	1.0743	fault_detection/val/sensor_delay	0.8420	coherence	0.9529	0.4176	0.5834	0.6055	0.5911	0.5136	0.5009	0.9529	0.5136
v2_fc_ablation_prob_aug_recon_fc_seed13	reports/v2_fc_ablation_prob_aug_recon_fc_seed13/reliability_report.json	ablation	human	prob_aug_recon_fc	eval	13.0000	2.0000	1.0743	fault_detection/val/sensor_delay_jitter	0.8341	coherence	0.9425	0.4175	0.5845	0.6143	0.6000	0.5231	0.5006	0.9425	0.5124
v2_fc_ablation_prob_aug_recon_fc_seed13	reports/v2_fc_ablation_prob_aug_recon_fc_seed13/reliability_report.json	ablation	human	prob_aug_recon_fc	eval	13.0000	2.0000	1.0743	fault_detection/val/stuck_imu	0.9330	coherence	1.0000	0.4509	0.5571	0.6591	0.6447	0.5232	0.9546	1.0000	0.4877
v2_fc_ablation_prob_aug_recon_fc_seed13	reports/v2_fc_ablation_prob_aug_recon_fc_seed13/reliability_report.json	ablation	human	prob_aug_recon_fc	eval	13.0000	2.0000	1.0743	ood_detection/clean	0.7308	aleatoric	0.7326	0.5668	0.7326	0.7120	0.6956	0.7320	0.5564	0.5623	0.6662
v2_fc_ablation_prob_aug_recon_fc_seed23	reports/v2_fc_ablation_prob_aug_recon_fc_seed23/reliability_report.json	ablation	human	prob_aug_recon_fc	eval	23.0000	2.0000	1.0094	fault_detection/test_id/encoder_dropout	0.9544	staleness	0.9458	0.6621	0.5049	0.8860	0.8710	0.5737	0.9458	0.4999	0.4825
v2_fc_ablation_prob_aug_recon_fc_seed23	reports/v2_fc_ablation_prob_aug_recon_fc_seed23/reliability_report.json	ablation	human	prob_aug_recon_fc	eval	23.0000	2.0000	1.0094	fault_detection/test_id/imu_bias	0.5007	logit	0.5372	0.5372	0.4582	0.5025	0.5021	0.4851	0.5022	0.4999	0.5139
v2_fc_ablation_prob_aug_recon_fc_seed23	reports/v2_fc_ablation_prob_aug_recon_fc_seed23/reliability_report.json	ablation	human	prob_aug_recon_fc	eval	23.0000	2.0000	1.0094	fault_detection/test_id/insole_missing	0.9231	residual	0.9507	0.5122	0.4766	0.9507	0.9343	0.4601	0.8586	0.4999	0.3168
v2_fc_ablation_prob_aug_recon_fc_seed23	reports/v2_fc_ablation_prob_aug_recon_fc_seed23/reliability_report.json	ablation	human	prob_aug_recon_fc	eval	23.0000	2.0000	1.0094	fault_detection/test_id/packet_loss	0.8834	staleness	0.9383	0.4993	0.4999	0.5004	0.5076	0.4960	0.9383	0.4761	0.5001
v2_fc_ablation_prob_aug_recon_fc_seed23	reports/v2_fc_ablation_prob_aug_recon_fc_seed23/reliability_report.json	ablation	human	prob_aug_recon_fc	eval	23.0000	2.0000	1.0094	fault_detection/test_id/packet_loss_burst	0.7509	staleness	0.9212	0.4987	0.5016	0.5038	0.5144	0.4996	0.9212	0.0594	0.5032
v2_fc_ablation_prob_aug_recon_fc_seed23	reports/v2_fc_ablation_prob_aug_recon_fc_seed23/reliability_report.json	ablation	human	prob_aug_recon_fc	eval	23.0000	2.0000	1.0094	fault_detection/test_id/packet_loss_partial	0.9203	coherence	1.0000	0.4994	0.5002	0.5018	0.5083	0.4989	0.9388	1.0000	0.5003
v2_fc_ablation_prob_aug_recon_fc_seed23	reports/v2_fc_ablation_prob_aug_recon_fc_seed23/reliability_report.json	ablation	human	prob_aug_recon_fc	eval	23.0000	2.0000	1.0094	fault_detection/test_id/sensor_delay	0.8858	coherence	0.9531	0.4465	0.5557	0.6181	0.6062	0.5141	0.4969	0.9531	0.5090
v2_fc_ablation_prob_aug_recon_fc_seed23	reports/v2_fc_ablation_prob_aug_recon_fc_seed23/reliability_report.json	ablation	human	prob_aug_recon_fc	eval	23.0000	2.0000	1.0094	fault_detection/test_id/sensor_delay_jitter	0.8791	coherence	0.9403	0.4473	0.5611	0.6247	0.6124	0.5271	0.4960	0.9403	0.5077
v2_fc_ablation_prob_aug_recon_fc_seed23	reports/v2_fc_ablation_prob_aug_recon_fc_seed23/reliability_report.json	ablation	human	prob_aug_recon_fc	eval	23.0000	2.0000	1.0094	fault_detection/test_id/stuck_imu	0.9595	coherence	1.0000	0.4874	0.5288	0.6542	0.6404	0.5265	0.9649	1.0000	0.4927
v2_fc_ablation_prob_aug_recon_fc_seed23	reports/v2_fc_ablation_prob_aug_recon_fc_seed23/reliability_report.json	ablation	human	prob_aug_recon_fc	eval	23.0000	2.0000	1.0094	fault_detection/test_ood/encoder_dropout	0.8956	staleness	0.9812	0.6038	0.4476	0.6863	0.6720	0.4931	0.9812	0.5007	0.4889
v2_fc_ablation_prob_aug_recon_fc_seed23	reports/v2_fc_ablation_prob_aug_recon_fc_seed23/reliability_report.json	ablation	human	prob_aug_recon_fc	eval	23.0000	2.0000	1.0094	fault_detection/test_ood/imu_bias	0.5019	logit	0.5385	0.5385	0.4617	0.5093	0.5085	0.4787	0.5028	0.5001	0.5005
v2_fc_ablation_prob_aug_recon_fc_seed23	reports/v2_fc_ablation_prob_aug_recon_fc_seed23/reliability_report.json	ablation	human	prob_aug_recon_fc	eval	23.0000	2.0000	1.0094	fault_detection/test_ood/insole_missing	0.8305	staleness	0.8427	0.4756	0.4348	0.8132	0.7879	0.3711	0.8427	0.5007	0.2910
v2_fc_ablation_prob_aug_recon_fc_seed23	reports/v2_fc_ablation_prob_aug_recon_fc_seed23/reliability_report.json	ablation	human	prob_aug_recon_fc	eval	23.0000	2.0000	1.0094	fault_detection/test_ood/packet_loss	0.7896	staleness	0.9643	0.4995	0.4997	0.5005	0.5063	0.4976	0.9643	0.4604	0.5009
v2_fc_ablation_prob_aug_recon_fc_seed23	reports/v2_fc_ablation_prob_aug_recon_fc_seed23/reliability_report.json	ablation	human	prob_aug_recon_fc	eval	23.0000	2.0000	1.0094	fault_detection/test_ood/packet_loss_burst	0.7526	staleness	0.9141	0.5010	0.5008	0.5015	0.5080	0.4991	0.9141	0.0481	0.5021
v2_fc_ablation_prob_aug_recon_fc_seed23	reports/v2_fc_ablation_prob_aug_recon_fc_seed23/reliability_report.json	ablation	human	prob_aug_recon_fc	eval	23.0000	2.0000	1.0094	fault_detection/test_ood/packet_loss_partial	0.8176	coherence	1.0000	0.5002	0.4990	0.5015	0.5073	0.4789	0.9608	1.0000	0.4999
v2_fc_ablation_prob_aug_recon_fc_seed23	reports/v2_fc_ablation_prob_aug_recon_fc_seed23/reliability_report.json	ablation	human	prob_aug_recon_fc	eval	23.0000	2.0000	1.0094	fault_detection/test_ood/sensor_delay	0.7819	coherence	0.9890	0.4816	0.5086	0.5459	0.5407	0.5046	0.4984	0.9890	0.5041
v2_fc_ablation_prob_aug_recon_fc_seed23	reports/v2_fc_ablation_prob_aug_recon_fc_seed23/reliability_report.json	ablation	human	prob_aug_recon_fc	eval	23.0000	2.0000	1.0094	fault_detection/test_ood/sensor_delay_jitter	0.7781	coherence	0.9726	0.4818	0.5078	0.5503	0.5453	0.5006	0.4995	0.9726	0.5032
v2_fc_ablation_prob_aug_recon_fc_seed23	reports/v2_fc_ablation_prob_aug_recon_fc_seed23/reliability_report.json	ablation	human	prob_aug_recon_fc	eval	23.0000	2.0000	1.0094	fault_detection/test_ood/stuck_imu	0.8456	coherence	1.0000	0.4887	0.5060	0.4740	0.4709	0.5211	0.9972	1.0000	0.4994
v2_fc_ablation_prob_aug_recon_fc_seed23	reports/v2_fc_ablation_prob_aug_recon_fc_seed23/reliability_report.json	ablation	human	prob_aug_recon_fc	eval	23.0000	2.0000	1.0094	fault_detection/train/encoder_dropout	0.9565	staleness	0.9379	0.6213	0.5241	0.9012	0.8880	0.5989	0.9379	0.5000	0.4604
v2_fc_ablation_prob_aug_recon_fc_seed23	reports/v2_fc_ablation_prob_aug_recon_fc_seed23/reliability_report.json	ablation	human	prob_aug_recon_fc	eval	23.0000	2.0000	1.0094	fault_detection/train/imu_bias	0.5010	logit	0.5326	0.5326	0.4611	0.5019	0.5020	0.4788	0.5011	0.4999	0.5186
v2_fc_ablation_prob_aug_recon_fc_seed23	reports/v2_fc_ablation_prob_aug_recon_fc_seed23/reliability_report.json	ablation	human	prob_aug_recon_fc	eval	23.0000	2.0000	1.0094	fault_detection/train/insole_missing	0.8943	residual	0.9094	0.5034	0.4636	0.9094	0.8859	0.4433	0.8025	0.5000	0.3659
v2_fc_ablation_prob_aug_recon_fc_seed23	reports/v2_fc_ablation_prob_aug_recon_fc_seed23/reliability_report.json	ablation	human	prob_aug_recon_fc	eval	23.0000	2.0000	1.0094	fault_detection/train/packet_loss	0.8572	staleness	0.9125	0.4997	0.5000	0.5007	0.5074	0.4974	0.9125	0.4737	0.5001
v2_fc_ablation_prob_aug_recon_fc_seed23	reports/v2_fc_ablation_prob_aug_recon_fc_seed23/reliability_report.json	ablation	human	prob_aug_recon_fc	eval	23.0000	2.0000	1.0094	fault_detection/train/packet_loss_burst	0.7641	staleness	0.8831	0.4989	0.5006	0.5028	0.5131	0.5019	0.8831	0.0817	0.5026
v2_fc_ablation_prob_aug_recon_fc_seed23	reports/v2_fc_ablation_prob_aug_recon_fc_seed23/reliability_report.json	ablation	human	prob_aug_recon_fc	eval	23.0000	2.0000	1.0094	fault_detection/train/packet_loss_partial	0.8821	coherence	0.9989	0.4996	0.5001	0.5011	0.5070	0.5018	0.9141	0.9989	0.5001
v2_fc_ablation_prob_aug_recon_fc_seed23	reports/v2_fc_ablation_prob_aug_recon_fc_seed23/reliability_report.json	ablation	human	prob_aug_recon_fc	eval	23.0000	2.0000	1.0094	fault_detection/train/sensor_delay	0.8130	coherence	0.9374	0.4410	0.5646	0.6052	0.5937	0.5095	0.4987	0.9374	0.5151
v2_fc_ablation_prob_aug_recon_fc_seed23	reports/v2_fc_ablation_prob_aug_recon_fc_seed23/reliability_report.json	ablation	human	prob_aug_recon_fc	eval	23.0000	2.0000	1.0094	fault_detection/train/sensor_delay_jitter	0.8043	coherence	0.9215	0.4445	0.5648	0.6093	0.5977	0.5122	0.4990	0.9215	0.5163
v2_fc_ablation_prob_aug_recon_fc_seed23	reports/v2_fc_ablation_prob_aug_recon_fc_seed23/reliability_report.json	ablation	human	prob_aug_recon_fc	eval	23.0000	2.0000	1.0094	fault_detection/train/stuck_imu	0.9566	coherence	1.0000	0.4774	0.5368	0.6521	0.6388	0.5176	0.9663	1.0000	0.4873
v2_fc_ablation_prob_aug_recon_fc_seed23	reports/v2_fc_ablation_prob_aug_recon_fc_seed23/reliability_report.json	ablation	human	prob_aug_recon_fc	eval	23.0000	2.0000	1.0094	fault_detection/val/encoder_dropout	0.9242	staleness	0.9344	0.6526	0.5271	0.8450	0.8314	0.5892	0.9344	0.5000	0.4796
v2_fc_ablation_prob_aug_recon_fc_seed23	reports/v2_fc_ablation_prob_aug_recon_fc_seed23/reliability_report.json	ablation	human	prob_aug_recon_fc	eval	23.0000	2.0000	1.0094	fault_detection/val/imu_bias	0.5001	logit	0.5383	0.5383	0.4605	0.4982	0.4990	0.4863	0.5016	0.5000	0.5137
v2_fc_ablation_prob_aug_recon_fc_seed23	reports/v2_fc_ablation_prob_aug_recon_fc_seed23/reliability_report.json	ablation	human	prob_aug_recon_fc	eval	23.0000	2.0000	1.0094	fault_detection/val/insole_missing	0.8784	residual	0.9046	0.5578	0.4253	0.9046	0.8838	0.4604	0.8629	0.5000	0.3108
v2_fc_ablation_prob_aug_recon_fc_seed23	reports/v2_fc_ablation_prob_aug_recon_fc_seed23/reliability_report.json	ablation	human	prob_aug_recon_fc	eval	23.0000	2.0000	1.0094	fault_detection/val/packet_loss	0.7707	staleness	0.9187	0.4995	0.5003	0.5014	0.5090	0.4976	0.9187	0.4751	0.5009
v2_fc_ablation_prob_aug_recon_fc_seed23	reports/v2_fc_ablation_prob_aug_recon_fc_seed23/reliability_report.json	ablation	human	prob_aug_recon_fc	eval	23.0000	2.0000	1.0094	fault_detection/val/packet_loss_burst	0.6548	staleness	0.8983	0.4987	0.5004	0.5026	0.5146	0.4912	0.8983	0.0770	0.5060
v2_fc_ablation_prob_aug_recon_fc_seed23	reports/v2_fc_ablation_prob_aug_recon_fc_seed23/reliability_report.json	ablation	human	prob_aug_recon_fc	eval	23.0000	2.0000	1.0094	fault_detection/val/packet_loss_partial	0.8806	coherence	0.9997	0.4992	0.5003	0.5014	0.5084	0.4968	0.9227	0.9997	0.5006
v2_fc_ablation_prob_aug_recon_fc_seed23	reports/v2_fc_ablation_prob_aug_recon_fc_seed23/reliability_report.json	ablation	human	prob_aug_recon_fc	eval	23.0000	2.0000	1.0094	fault_detection/val/sensor_delay	0.8457	coherence	0.9529	0.4542	0.5558	0.5993	0.5894	0.5097	0.5009	0.9529	0.5137
v2_fc_ablation_prob_aug_recon_fc_seed23	reports/v2_fc_ablation_prob_aug_recon_fc_seed23/reliability_report.json	ablation	human	prob_aug_recon_fc	eval	23.0000	2.0000	1.0094	fault_detection/val/sensor_delay_jitter	0.8248	coherence	0.9297	0.4574	0.5543	0.6040	0.5943	0.5129	0.5005	0.9297	0.5155
v2_fc_ablation_prob_aug_recon_fc_seed23	reports/v2_fc_ablation_prob_aug_recon_fc_seed23/reliability_report.json	ablation	human	prob_aug_recon_fc	eval	23.0000	2.0000	1.0094	fault_detection/val/stuck_imu	0.9334	coherence	1.0000	0.4775	0.5357	0.6468	0.6344	0.5204	0.9544	1.0000	0.4882
v2_fc_ablation_prob_aug_recon_fc_seed23	reports/v2_fc_ablation_prob_aug_recon_fc_seed23/reliability_report.json	ablation	human	prob_aug_recon_fc	eval	23.0000	2.0000	1.0094	ood_detection/clean	0.7173	epistemic	0.7110	0.5531	0.6787	0.7103	0.6987	0.7110	0.5565	0.5623	0.6659
v2_fc_ablation_prob_aug_recon_fc_seed7	reports/v2_fc_ablation_prob_aug_recon_fc_seed7/reliability_report.json	ablation	human	prob_aug_recon_fc	eval	7.0000	4.0000	1.0885	fault_detection/test_id/encoder_dropout	0.9465	staleness	0.9459	0.6382	0.4670	0.8530	0.8380	0.5184	0.9459	0.4999	0.4824
v2_fc_ablation_prob_aug_recon_fc_seed7	reports/v2_fc_ablation_prob_aug_recon_fc_seed7/reliability_report.json	ablation	human	prob_aug_recon_fc	eval	7.0000	4.0000	1.0885	fault_detection/test_id/imu_bias	0.5021	logit	0.5356	0.5356	0.4517	0.5055	0.5052	0.4785	0.5021	0.4999	0.5141
v2_fc_ablation_prob_aug_recon_fc_seed7	reports/v2_fc_ablation_prob_aug_recon_fc_seed7/reliability_report.json	ablation	human	prob_aug_recon_fc	eval	7.0000	4.0000	1.0885	fault_detection/test_id/insole_missing	0.9228	residual	0.9360	0.4182	0.5491	0.9360	0.9226	0.4451	0.8586	0.4999	0.3199
v2_fc_ablation_prob_aug_recon_fc_seed7	reports/v2_fc_ablation_prob_aug_recon_fc_seed7/reliability_report.json	ablation	human	prob_aug_recon_fc	eval	7.0000	4.0000	1.0885	fault_detection/test_id/packet_loss	0.8716	staleness	0.9374	0.4997	0.4997	0.5004	0.5076	0.4907	0.9374	0.4774	0.5000
v2_fc_ablation_prob_aug_recon_fc_seed7	reports/v2_fc_ablation_prob_aug_recon_fc_seed7/reliability_report.json	ablation	human	prob_aug_recon_fc	eval	7.0000	4.0000	1.0885	fault_detection/test_id/packet_loss_burst	0.7572	staleness	0.9238	0.4980	0.5011	0.5034	0.5148	0.5047	0.9238	0.0545	0.5017
v2_fc_ablation_prob_aug_recon_fc_seed7	reports/v2_fc_ablation_prob_aug_recon_fc_seed7/reliability_report.json	ablation	human	prob_aug_recon_fc	eval	7.0000	4.0000	1.0885	fault_detection/test_id/packet_loss_partial	0.9116	coherence	1.0000	0.4995	0.5000	0.5012	0.5075	0.4987	0.9390	1.0000	0.4997
v2_fc_ablation_prob_aug_recon_fc_seed7	reports/v2_fc_ablation_prob_aug_recon_fc_seed7/reliability_report.json	ablation	human	prob_aug_recon_fc	eval	7.0000	4.0000	1.0885	fault_detection/test_id/sensor_delay	0.8709	coherence	0.9531	0.4274	0.5689	0.5965	0.5875	0.5138	0.4971	0.9531	0.5089
v2_fc_ablation_prob_aug_recon_fc_seed7	reports/v2_fc_ablation_prob_aug_recon_fc_seed7/reliability_report.json	ablation	human	prob_aug_recon_fc	eval	7.0000	4.0000	1.0885	fault_detection/test_id/sensor_delay_jitter	0.8598	coherence	0.9405	0.4263	0.5709	0.6047	0.5953	0.4994	0.4971	0.9405	0.5096
v2_fc_ablation_prob_aug_recon_fc_seed7	reports/v2_fc_ablation_prob_aug_recon_fc_seed7/reliability_report.json	ablation	human	prob_aug_recon_fc	eval	7.0000	4.0000	1.0885	fault_detection/test_id/stuck_imu	0.9586	coherence	1.0000	0.4813	0.5444	0.6568	0.6458	0.5350	0.9650	1.0000	0.4921
v2_fc_ablation_prob_aug_recon_fc_seed7	reports/v2_fc_ablation_prob_aug_recon_fc_seed7/reliability_report.json	ablation	human	prob_aug_recon_fc	eval	7.0000	4.0000	1.0885	fault_detection/test_ood/encoder_dropout	0.8820	staleness	0.9813	0.6373	0.3974	0.6401	0.6293	0.4000	0.9813	0.5004	0.4885
v2_fc_ablation_prob_aug_recon_fc_seed7	reports/v2_fc_ablation_prob_aug_recon_fc_seed7/reliability_report.json	ablation	human	prob_aug_recon_fc	eval	7.0000	4.0000	1.0885	fault_detection/test_ood/imu_bias	0.5035	logit	0.5364	0.5364	0.4640	0.5095	0.5095	0.4648	0.5028	0.4996	0.5007
v2_fc_ablation_prob_aug_recon_fc_seed7	reports/v2_fc_ablation_prob_aug_recon_fc_seed7/reliability_report.json	ablation	human	prob_aug_recon_fc	eval	7.0000	4.0000	1.0885	fault_detection/test_ood/insole_missing	0.8258	staleness	0.8427	0.4423	0.4809	0.8114	0.7863	0.4112	0.8427	0.5004	0.2951
v2_fc_ablation_prob_aug_recon_fc_seed7	reports/v2_fc_ablation_prob_aug_recon_fc_seed7/reliability_report.json	ablation	human	prob_aug_recon_fc	eval	7.0000	4.0000	1.0885	fault_detection/test_ood/packet_loss	0.7936	staleness	0.9584	0.4993	0.5005	0.5006	0.5073	0.4891	0.9584	0.4503	0.5007
v2_fc_ablation_prob_aug_recon_fc_seed7	reports/v2_fc_ablation_prob_aug_recon_fc_seed7/reliability_report.json	ablation	human	prob_aug_recon_fc	eval	7.0000	4.0000	1.0885	fault_detection/test_ood/packet_loss_burst	0.7523	staleness	0.9228	0.4996	0.4997	0.5029	0.5103	0.5132	0.9228	0.0672	0.5003
v2_fc_ablation_prob_aug_recon_fc_seed7	reports/v2_fc_ablation_prob_aug_recon_fc_seed7/reliability_report.json	ablation	human	prob_aug_recon_fc	eval	7.0000	4.0000	1.0885	fault_detection/test_ood/packet_loss_partial	0.8116	coherence	0.9999	0.4993	0.5000	0.5002	0.5061	0.5026	0.9601	0.9999	0.5005
v2_fc_ablation_prob_aug_recon_fc_seed7	reports/v2_fc_ablation_prob_aug_recon_fc_seed7/reliability_report.json	ablation	human	prob_aug_recon_fc	eval	7.0000	4.0000	1.0885	fault_detection/test_ood/sensor_delay	0.7663	coherence	0.9890	0.4785	0.5131	0.5365	0.5327	0.5201	0.4983	0.9890	0.5049
v2_fc_ablation_prob_aug_recon_fc_seed7	reports/v2_fc_ablation_prob_aug_recon_fc_seed7/reliability_report.json	ablation	human	prob_aug_recon_fc	eval	7.0000	4.0000	1.0885	fault_detection/test_ood/sensor_delay_jitter	0.7642	coherence	0.9644	0.4785	0.5133	0.5462	0.5421	0.4925	0.4981	0.9644	0.5022
v2_fc_ablation_prob_aug_recon_fc_seed7	reports/v2_fc_ablation_prob_aug_recon_fc_seed7/reliability_report.json	ablation	human	prob_aug_recon_fc	eval	7.0000	4.0000	1.0885	fault_detection/test_ood/stuck_imu	0.8437	coherence	1.0000	0.4796	0.5099	0.4781	0.4744	0.4863	0.9972	1.0000	0.4997
v2_fc_ablation_prob_aug_recon_fc_seed7	reports/v2_fc_ablation_prob_aug_recon_fc_seed7/reliability_report.json	ablation	human	prob_aug_recon_fc	eval	7.0000	4.0000	1.0885	fault_detection/train/encoder_dropout	0.9449	staleness	0.9379	0.5889	0.5042	0.8792	0.8653	0.5479	0.9379	0.5000	0.4596
v2_fc_ablation_prob_aug_recon_fc_seed7	reports/v2_fc_ablation_prob_aug_recon_fc_seed7/reliability_report.json	ablation	human	prob_aug_recon_fc	eval	7.0000	4.0000	1.0885	fault_detection/train/imu_bias	0.5033	logit	0.5329	0.5329	0.4523	0.5061	0.5057	0.4810	0.5009	0.5000	0.5189
v2_fc_ablation_prob_aug_recon_fc_seed7	reports/v2_fc_ablation_prob_aug_recon_fc_seed7/reliability_report.json	ablation	human	prob_aug_recon_fc	eval	7.0000	4.0000	1.0885	fault_detection/train/insole_missing	0.8944	residual	0.8942	0.4388	0.5218	0.8942	0.8730	0.4371	0.8025	0.5000	0.3692
v2_fc_ablation_prob_aug_recon_fc_seed7	reports/v2_fc_ablation_prob_aug_recon_fc_seed7/reliability_report.json	ablation	human	prob_aug_recon_fc	eval	7.0000	4.0000	1.0885	fault_detection/train/packet_loss	0.8512	staleness	0.9123	0.4997	0.5001	0.5006	0.5074	0.4983	0.9123	0.4759	0.5002
v2_fc_ablation_prob_aug_recon_fc_seed7	reports/v2_fc_ablation_prob_aug_recon_fc_seed7/reliability_report.json	ablation	human	prob_aug_recon_fc	eval	7.0000	4.0000	1.0885	fault_detection/train/packet_loss_burst	0.7668	staleness	0.8851	0.4985	0.5011	0.5035	0.5140	0.5018	0.8851	0.0781	0.5024
v2_fc_ablation_prob_aug_recon_fc_seed7	reports/v2_fc_ablation_prob_aug_recon_fc_seed7/reliability_report.json	ablation	human	prob_aug_recon_fc	eval	7.0000	4.0000	1.0885	fault_detection/train/packet_loss_partial	0.8758	coherence	0.9987	0.4997	0.5000	0.5011	0.5072	0.5003	0.9139	0.9987	0.5000
v2_fc_ablation_prob_aug_recon_fc_seed7	reports/v2_fc_ablation_prob_aug_recon_fc_seed7/reliability_report.json	ablation	human	prob_aug_recon_fc	eval	7.0000	4.0000	1.0885	fault_detection/train/sensor_delay	0.7977	coherence	0.9374	0.4227	0.5737	0.5879	0.5784	0.5025	0.4987	0.9374	0.5153
v2_fc_ablation_prob_aug_recon_fc_seed7	reports/v2_fc_ablation_prob_aug_recon_fc_seed7/reliability_report.json	ablation	human	prob_aug_recon_fc	eval	7.0000	4.0000	1.0885	fault_detection/train/sensor_delay_jitter	0.7904	coherence	0.9177	0.4266	0.5750	0.5944	0.5849	0.5085	0.4990	0.9177	0.5155
v2_fc_ablation_prob_aug_recon_fc_seed7	reports/v2_fc_ablation_prob_aug_recon_fc_seed7/reliability_report.json	ablation	human	prob_aug_recon_fc	eval	7.0000	4.0000	1.0885	fault_detection/train/stuck_imu	0.9555	coherence	1.0000	0.4769	0.5465	0.6573	0.6459	0.5190	0.9663	1.0000	0.4871
v2_fc_ablation_prob_aug_recon_fc_seed7	reports/v2_fc_ablation_prob_aug_recon_fc_seed7/reliability_report.json	ablation	human	prob_aug_recon_fc	eval	7.0000	4.0000	1.0885	fault_detection/val/encoder_dropout	0.9160	staleness	0.9345	0.6051	0.5331	0.8294	0.8153	0.5623	0.9345	0.5000	0.4791
v2_fc_ablation_prob_aug_recon_fc_seed7	reports/v2_fc_ablation_prob_aug_recon_fc_seed7/reliability_report.json	ablation	human	prob_aug_recon_fc	eval	7.0000	4.0000	1.0885	fault_detection/val/imu_bias	0.5016	logit	0.5373	0.5373	0.4534	0.5022	0.5023	0.4762	0.5016	0.5000	0.5140
v2_fc_ablation_prob_aug_recon_fc_seed7	reports/v2_fc_ablation_prob_aug_recon_fc_seed7/reliability_report.json	ablation	human	prob_aug_recon_fc	eval	7.0000	4.0000	1.0885	fault_detection/val/insole_missing	0.8779	residual	0.8862	0.4699	0.4775	0.8862	0.8664	0.4244	0.8627	0.5000	0.3141
v2_fc_ablation_prob_aug_recon_fc_seed7	reports/v2_fc_ablation_prob_aug_recon_fc_seed7/reliability_report.json	ablation	human	prob_aug_recon_fc	eval	7.0000	4.0000	1.0885	fault_detection/val/packet_loss	0.7736	staleness	0.9209	0.4993	0.5004	0.5009	0.5087	0.4987	0.9209	0.4757	0.4999
v2_fc_ablation_prob_aug_recon_fc_seed7	reports/v2_fc_ablation_prob_aug_recon_fc_seed7/reliability_report.json	ablation	human	prob_aug_recon_fc	eval	7.0000	4.0000	1.0885	fault_detection/val/packet_loss_burst	0.6539	staleness	0.8992	0.4983	0.5005	0.5027	0.5145	0.4878	0.8992	0.0750	0.5047
v2_fc_ablation_prob_aug_recon_fc_seed7	reports/v2_fc_ablation_prob_aug_recon_fc_seed7/reliability_report.json	ablation	human	prob_aug_recon_fc	eval	7.0000	4.0000	1.0885	fault_detection/val/packet_loss_partial	0.8782	coherence	0.9998	0.4997	0.4997	0.5016	0.5085	0.4983	0.9225	0.9998	0.4999
v2_fc_ablation_prob_aug_recon_fc_seed7	reports/v2_fc_ablation_prob_aug_recon_fc_seed7/reliability_report.json	ablation	human	prob_aug_recon_fc	eval	7.0000	4.0000	1.0885	fault_detection/val/sensor_delay	0.8353	coherence	0.9529	0.4301	0.5618	0.5868	0.5778	0.5142	0.5010	0.9529	0.5135
v2_fc_ablation_prob_aug_recon_fc_seed7	reports/v2_fc_ablation_prob_aug_recon_fc_seed7/reliability_report.json	ablation	human	prob_aug_recon_fc	eval	7.0000	4.0000	1.0885	fault_detection/val/sensor_delay_jitter	0.8159	coherence	0.9277	0.4371	0.5596	0.5889	0.5805	0.5227	0.5013	0.9277	0.5114
v2_fc_ablation_prob_aug_recon_fc_seed7	reports/v2_fc_ablation_prob_aug_recon_fc_seed7/reliability_report.json	ablation	human	prob_aug_recon_fc	eval	7.0000	4.0000	1.0885	fault_detection/val/stuck_imu	0.9315	coherence	1.0000	0.4810	0.5438	0.6531	0.6414	0.5308	0.9544	1.0000	0.4880
v2_fc_ablation_prob_aug_recon_fc_seed7	reports/v2_fc_ablation_prob_aug_recon_fc_seed7/reliability_report.json	ablation	human	prob_aug_recon_fc	eval	7.0000	4.0000	1.0885	ood_detection/clean	0.7184	aleatoric	0.7180	0.5000	0.7180	0.6797	0.6696	0.7138	0.5563	0.5624	0.6660
v2_fc_ablation_prob_aug_recon_seed13	reports/v2_fc_ablation_prob_aug_recon_seed13/reliability_report.json	ablation	human	prob_aug_recon	eval	13.0000	2.0000	0.9514	fault_detection/test_id/encoder_dropout	0.9518	staleness	0.9464	0.6343	0.4843	0.8774		0.5314	0.9464	0.5000	0.4826
v2_fc_ablation_prob_aug_recon_seed13	reports/v2_fc_ablation_prob_aug_recon_seed13/reliability_report.json	ablation	human	prob_aug_recon	eval	13.0000	2.0000	0.9514	fault_detection/test_id/imu_bias	0.5019	logit	0.5363	0.5363	0.4551	0.5036		0.4793	0.5022	0.4999	0.5147
v2_fc_ablation_prob_aug_recon_seed13	reports/v2_fc_ablation_prob_aug_recon_seed13/reliability_report.json	ablation	human	prob_aug_recon	eval	13.0000	2.0000	0.9514	fault_detection/test_id/insole_missing	0.9321	residual	0.9446	0.5192	0.4314	0.9446		0.4078	0.8597	0.5000	0.3221
v2_fc_ablation_prob_aug_recon_seed13	reports/v2_fc_ablation_prob_aug_recon_seed13/reliability_report.json	ablation	human	prob_aug_recon	eval	13.0000	2.0000	0.9514	fault_detection/test_id/packet_loss	0.8757	staleness	0.9380	0.4994	0.5000	0.5005		0.5077	0.9380	0.4848	0.4998
v2_fc_ablation_prob_aug_recon_seed13	reports/v2_fc_ablation_prob_aug_recon_seed13/reliability_report.json	ablation	human	prob_aug_recon	eval	13.0000	2.0000	0.9514	fault_detection/test_id/packet_loss_burst	0.7241	staleness	0.9203	0.4981	0.5013	0.5034		0.5129	0.9203	0.0508	0.5019
v2_fc_ablation_prob_aug_recon_seed13	reports/v2_fc_ablation_prob_aug_recon_seed13/reliability_report.json	ablation	human	prob_aug_recon	eval	13.0000	2.0000	0.9514	fault_detection/test_id/packet_loss_partial	0.9196	coherence	1.0000	0.4994	0.5002	0.5014		0.4846	0.9396	1.0000	0.5002
v2_fc_ablation_prob_aug_recon_seed13	reports/v2_fc_ablation_prob_aug_recon_seed13/reliability_report.json	ablation	human	prob_aug_recon	eval	13.0000	2.0000	0.9514	fault_detection/test_id/sensor_delay	0.8865	coherence	0.9531	0.4425	0.5657	0.6147		0.5159	0.4969	0.9531	0.5089
v2_fc_ablation_prob_aug_recon_seed13	reports/v2_fc_ablation_prob_aug_recon_seed13/reliability_report.json	ablation	human	prob_aug_recon	eval	13.0000	2.0000	0.9514	fault_detection/test_id/sensor_delay_jitter	0.8660	coherence	0.9237	0.4450	0.5683	0.6183		0.5153	0.4975	0.9237	0.5144
v2_fc_ablation_prob_aug_recon_seed13	reports/v2_fc_ablation_prob_aug_recon_seed13/reliability_report.json	ablation	human	prob_aug_recon	eval	13.0000	2.0000	0.9514	fault_detection/test_id/stuck_imu	0.9597	coherence	1.0000	0.4684	0.5583	0.6617		0.5158	0.9653	1.0000	0.4921
v2_fc_ablation_prob_aug_recon_seed13	reports/v2_fc_ablation_prob_aug_recon_seed13/reliability_report.json	ablation	human	prob_aug_recon	eval	13.0000	2.0000	0.9514	fault_detection/test_ood/encoder_dropout	0.8911	staleness	0.9819	0.5708	0.4020	0.6588		0.3819	0.9819	0.5004	0.4887
v2_fc_ablation_prob_aug_recon_seed13	reports/v2_fc_ablation_prob_aug_recon_seed13/reliability_report.json	ablation	human	prob_aug_recon	eval	13.0000	2.0000	0.9514	fault_detection/test_ood/imu_bias	0.4993	logit	0.5414	0.5414	0.4609	0.5062		0.4841	0.5024	0.5001	0.5006
v2_fc_ablation_prob_aug_recon_seed13	reports/v2_fc_ablation_prob_aug_recon_seed13/reliability_report.json	ablation	human	prob_aug_recon	eval	13.0000	2.0000	0.9514	fault_detection/test_ood/insole_missing	0.8416	staleness	0.8439	0.4863	0.3778	0.8307		0.3749	0.8439	0.5004	0.2982
v2_fc_ablation_prob_aug_recon_seed13	reports/v2_fc_ablation_prob_aug_recon_seed13/reliability_report.json	ablation	human	prob_aug_recon	eval	13.0000	2.0000	0.9514	fault_detection/test_ood/packet_loss	0.7872	staleness	0.9635	0.4992	0.4992	0.5006		0.4710	0.9635	0.4588	0.5000
v2_fc_ablation_prob_aug_recon_seed13	reports/v2_fc_ablation_prob_aug_recon_seed13/reliability_report.json	ablation	human	prob_aug_recon	eval	13.0000	2.0000	0.9514	fault_detection/test_ood/packet_loss_burst	0.7570	staleness	0.9250	0.4985	0.4995	0.5015		0.5007	0.9250	0.0452	0.4995
v2_fc_ablation_prob_aug_recon_seed13	reports/v2_fc_ablation_prob_aug_recon_seed13/reliability_report.json	ablation	human	prob_aug_recon	eval	13.0000	2.0000	0.9514	fault_detection/test_ood/packet_loss_partial	0.8210	coherence	0.9999	0.4994	0.4998	0.5008		0.5290	0.9626	0.9999	0.5008
v2_fc_ablation_prob_aug_recon_seed13	reports/v2_fc_ablation_prob_aug_recon_seed13/reliability_report.json	ablation	human	prob_aug_recon	eval	13.0000	2.0000	0.9514	fault_detection/test_ood/sensor_delay	0.7740	coherence	0.9890	0.4764	0.5099	0.5481		0.5129	0.4980	0.9890	0.5058
v2_fc_ablation_prob_aug_recon_seed13	reports/v2_fc_ablation_prob_aug_recon_seed13/reliability_report.json	ablation	human	prob_aug_recon	eval	13.0000	2.0000	0.9514	fault_detection/test_ood/sensor_delay_jitter	0.7582	coherence	0.9525	0.4775	0.5119	0.5476		0.5300	0.4982	0.9525	0.5071
v2_fc_ablation_prob_aug_recon_seed13	reports/v2_fc_ablation_prob_aug_recon_seed13/reliability_report.json	ablation	human	prob_aug_recon	eval	13.0000	2.0000	0.9514	fault_detection/test_ood/stuck_imu	0.8527	coherence	1.0000	0.4825	0.5161	0.4795		0.5134	0.9972	1.0000	0.4993
v2_fc_ablation_prob_aug_recon_seed13	reports/v2_fc_ablation_prob_aug_recon_seed13/reliability_report.json	ablation	human	prob_aug_recon	eval	13.0000	2.0000	0.9514	fault_detection/train/encoder_dropout	0.9511	staleness	0.9387	0.5895	0.5228	0.8924		0.5531	0.9387	0.5000	0.4597
v2_fc_ablation_prob_aug_recon_seed13	reports/v2_fc_ablation_prob_aug_recon_seed13/reliability_report.json	ablation	human	prob_aug_recon	eval	13.0000	2.0000	0.9514	fault_detection/train/imu_bias	0.5014	logit	0.5372	0.5372	0.4521	0.5034		0.4773	0.5009	0.4999	0.5195
v2_fc_ablation_prob_aug_recon_seed13	reports/v2_fc_ablation_prob_aug_recon_seed13/reliability_report.json	ablation	human	prob_aug_recon	eval	13.0000	2.0000	0.9514	fault_detection/train/insole_missing	0.9095	residual	0.9088	0.5023	0.4301	0.9088		0.4125	0.8033	0.5000	0.3711
v2_fc_ablation_prob_aug_recon_seed13	reports/v2_fc_ablation_prob_aug_recon_seed13/reliability_report.json	ablation	human	prob_aug_recon	eval	13.0000	2.0000	0.9514	fault_detection/train/packet_loss	0.8570	staleness	0.9122	0.4997	0.5001	0.5007		0.5016	0.9122	0.4748	0.5002
v2_fc_ablation_prob_aug_recon_seed13	reports/v2_fc_ablation_prob_aug_recon_seed13/reliability_report.json	ablation	human	prob_aug_recon	eval	13.0000	2.0000	0.9514	fault_detection/train/packet_loss_burst	0.7745	staleness	0.8851	0.4985	0.5013	0.5039		0.5023	0.8851	0.0802	0.5035
v2_fc_ablation_prob_aug_recon_seed13	reports/v2_fc_ablation_prob_aug_recon_seed13/reliability_report.json	ablation	human	prob_aug_recon	eval	13.0000	2.0000	0.9514	fault_detection/train/packet_loss_partial	0.8838	coherence	0.9988	0.4996	0.5001	0.5015		0.4971	0.9148	0.9988	0.5002
v2_fc_ablation_prob_aug_recon_seed13	reports/v2_fc_ablation_prob_aug_recon_seed13/reliability_report.json	ablation	human	prob_aug_recon	eval	13.0000	2.0000	0.9514	fault_detection/train/sensor_delay	0.8077	coherence	0.9374	0.4286	0.5689	0.6020		0.5033	0.4987	0.9374	0.5154
v2_fc_ablation_prob_aug_recon_seed13	reports/v2_fc_ablation_prob_aug_recon_seed13/reliability_report.json	ablation	human	prob_aug_recon	eval	13.0000	2.0000	0.9514	fault_detection/train/sensor_delay_jitter	0.8008	coherence	0.9218	0.4312	0.5715	0.6069		0.5060	0.4986	0.9218	0.5163
v2_fc_ablation_prob_aug_recon_seed13	reports/v2_fc_ablation_prob_aug_recon_seed13/reliability_report.json	ablation	human	prob_aug_recon	eval	13.0000	2.0000	0.9514	fault_detection/train/stuck_imu	0.9585	coherence	1.0000	0.4558	0.5627	0.6581		0.5191	0.9667	1.0000	0.4871
v2_fc_ablation_prob_aug_recon_seed13	reports/v2_fc_ablation_prob_aug_recon_seed13/reliability_report.json	ablation	human	prob_aug_recon	eval	13.0000	2.0000	0.9514	fault_detection/val/encoder_dropout	0.9186	staleness	0.9351	0.6226	0.5448	0.8440		0.5686	0.9351	0.4999	0.4791
v2_fc_ablation_prob_aug_recon_seed13	reports/v2_fc_ablation_prob_aug_recon_seed13/reliability_report.json	ablation	human	prob_aug_recon	eval	13.0000	2.0000	0.9514	fault_detection/val/imu_bias	0.5009	logit	0.5379	0.5379	0.4514	0.5015		0.4662	0.5017	0.4999	0.5144
v2_fc_ablation_prob_aug_recon_seed13	reports/v2_fc_ablation_prob_aug_recon_seed13/reliability_report.json	ablation	human	prob_aug_recon	eval	13.0000	2.0000	0.9514	fault_detection/val/insole_missing	0.8848	residual	0.8951	0.5626	0.3763	0.8951		0.4051	0.8640	0.4999	0.3164
v2_fc_ablation_prob_aug_recon_seed13	reports/v2_fc_ablation_prob_aug_recon_seed13/reliability_report.json	ablation	human	prob_aug_recon	eval	13.0000	2.0000	0.9514	fault_detection/val/packet_loss	0.7664	staleness	0.9211	0.4995	0.5001	0.5009		0.4969	0.9211	0.4845	0.5000
v2_fc_ablation_prob_aug_recon_seed13	reports/v2_fc_ablation_prob_aug_recon_seed13/reliability_report.json	ablation	human	prob_aug_recon	eval	13.0000	2.0000	0.9514	fault_detection/val/packet_loss_burst	0.6621	staleness	0.9001	0.4995	0.5003	0.5024		0.5039	0.9001	0.0856	0.5041
v2_fc_ablation_prob_aug_recon_seed13	reports/v2_fc_ablation_prob_aug_recon_seed13/reliability_report.json	ablation	human	prob_aug_recon	eval	13.0000	2.0000	0.9514	fault_detection/val/packet_loss_partial	0.8785	coherence	0.9995	0.4994	0.5003	0.5015		0.5002	0.9231	0.9995	0.5006
v2_fc_ablation_prob_aug_recon_seed13	reports/v2_fc_ablation_prob_aug_recon_seed13/reliability_report.json	ablation	human	prob_aug_recon	eval	13.0000	2.0000	0.9514	fault_detection/val/sensor_delay	0.8380	coherence	0.9529	0.4402	0.5631	0.5976		0.4957	0.5009	0.9529	0.5137
v2_fc_ablation_prob_aug_recon_seed13	reports/v2_fc_ablation_prob_aug_recon_seed13/reliability_report.json	ablation	human	prob_aug_recon	eval	13.0000	2.0000	0.9514	fault_detection/val/sensor_delay_jitter	0.8296	coherence	0.9425	0.4387	0.5652	0.6054		0.5048	0.5007	0.9425	0.5123
v2_fc_ablation_prob_aug_recon_seed13	reports/v2_fc_ablation_prob_aug_recon_seed13/reliability_report.json	ablation	human	prob_aug_recon	eval	13.0000	2.0000	0.9514	fault_detection/val/stuck_imu	0.9300	coherence	1.0000	0.4689	0.5581	0.6550		0.5148	0.9547	1.0000	0.4879
v2_fc_ablation_prob_aug_recon_seed13	reports/v2_fc_ablation_prob_aug_recon_seed13/reliability_report.json	ablation	human	prob_aug_recon	eval	13.0000	2.0000	0.9514	ood_detection/clean	0.7244	epistemic	0.7428	0.6282	0.6969	0.7173		0.7428	0.5563	0.5626	0.6666
v2_fc_ablation_prob_aug_recon_seed23	reports/v2_fc_ablation_prob_aug_recon_seed23/reliability_report.json	ablation	human	prob_aug_recon	eval	23.0000	2.0000	1.1414	fault_detection/test_id/encoder_dropout	0.9545	staleness	0.9463	0.5945	0.5318	0.8870		0.5956	0.9463	0.5000	0.4826
v2_fc_ablation_prob_aug_recon_seed23	reports/v2_fc_ablation_prob_aug_recon_seed23/reliability_report.json	ablation	human	prob_aug_recon	eval	23.0000	2.0000	1.1414	fault_detection/test_id/imu_bias	0.5024	logit	0.5360	0.5360	0.4558	0.5078		0.4832	0.5022	0.5000	0.5143
v2_fc_ablation_prob_aug_recon_seed23	reports/v2_fc_ablation_prob_aug_recon_seed23/reliability_report.json	ablation	human	prob_aug_recon	eval	23.0000	2.0000	1.1414	fault_detection/test_id/insole_missing	0.9211	residual	0.9354	0.4921	0.4781	0.9354		0.4511	0.8597	0.5000	0.3200
v2_fc_ablation_prob_aug_recon_seed23	reports/v2_fc_ablation_prob_aug_recon_seed23/reliability_report.json	ablation	human	prob_aug_recon	eval	23.0000	2.0000	1.1414	fault_detection/test_id/packet_loss	0.8830	staleness	0.9387	0.4994	0.5002	0.5005		0.5042	0.9387	0.4760	0.4999
v2_fc_ablation_prob_aug_recon_seed23	reports/v2_fc_ablation_prob_aug_recon_seed23/reliability_report.json	ablation	human	prob_aug_recon	eval	23.0000	2.0000	1.1414	fault_detection/test_id/packet_loss_burst	0.7526	staleness	0.9219	0.4988	0.5014	0.5036		0.5016	0.9219	0.0595	0.5028
v2_fc_ablation_prob_aug_recon_seed23	reports/v2_fc_ablation_prob_aug_recon_seed23/reliability_report.json	ablation	human	prob_aug_recon	eval	23.0000	2.0000	1.1414	fault_detection/test_id/packet_loss_partial	0.9155	coherence	1.0000	0.4995	0.5002	0.5015		0.5055	0.9392	1.0000	0.5004
v2_fc_ablation_prob_aug_recon_seed23	reports/v2_fc_ablation_prob_aug_recon_seed23/reliability_report.json	ablation	human	prob_aug_recon	eval	23.0000	2.0000	1.1414	fault_detection/test_id/sensor_delay	0.8834	coherence	0.9531	0.4542	0.5735	0.6162		0.5105	0.4969	0.9531	0.5091
v2_fc_ablation_prob_aug_recon_seed23	reports/v2_fc_ablation_prob_aug_recon_seed23/reliability_report.json	ablation	human	prob_aug_recon	eval	23.0000	2.0000	1.1414	fault_detection/test_id/sensor_delay_jitter	0.8758	coherence	0.9403	0.4530	0.5812	0.6216		0.5080	0.4959	0.9403	0.5079
v2_fc_ablation_prob_aug_recon_seed23	reports/v2_fc_ablation_prob_aug_recon_seed23/reliability_report.json	ablation	human	prob_aug_recon	eval	23.0000	2.0000	1.1414	fault_detection/test_id/stuck_imu	0.9591	coherence	1.0000	0.4833	0.5423	0.6562		0.5226	0.9652	1.0000	0.4919
v2_fc_ablation_prob_aug_recon_seed23	reports/v2_fc_ablation_prob_aug_recon_seed23/reliability_report.json	ablation	human	prob_aug_recon	eval	23.0000	2.0000	1.1414	fault_detection/test_ood/encoder_dropout	0.8966	staleness	0.9818	0.5943	0.4257	0.7079		0.5119	0.9818	0.5006	0.4891
v2_fc_ablation_prob_aug_recon_seed23	reports/v2_fc_ablation_prob_aug_recon_seed23/reliability_report.json	ablation	human	prob_aug_recon	eval	23.0000	2.0000	1.1414	fault_detection/test_ood/imu_bias	0.5009	logit	0.5379	0.5379	0.4656	0.5087		0.4855	0.5029	0.5007	0.5010
v2_fc_ablation_prob_aug_recon_seed23	reports/v2_fc_ablation_prob_aug_recon_seed23/reliability_report.json	ablation	human	prob_aug_recon	eval	23.0000	2.0000	1.1414	fault_detection/test_ood/insole_missing	0.8227	staleness	0.8442	0.4802	0.4029	0.8117		0.4144	0.8442	0.5006	0.2948
v2_fc_ablation_prob_aug_recon_seed23	reports/v2_fc_ablation_prob_aug_recon_seed23/reliability_report.json	ablation	human	prob_aug_recon	eval	23.0000	2.0000	1.1414	fault_detection/test_ood/packet_loss	0.7907	staleness	0.9650	0.4999	0.5000	0.5004		0.5020	0.9650	0.4605	0.5008
v2_fc_ablation_prob_aug_recon_seed23	reports/v2_fc_ablation_prob_aug_recon_seed23/reliability_report.json	ablation	human	prob_aug_recon	eval	23.0000	2.0000	1.1414	fault_detection/test_ood/packet_loss_burst	0.7546	staleness	0.9152	0.4993	0.5015	0.5013		0.5037	0.9152	0.0482	0.5028
v2_fc_ablation_prob_aug_recon_seed23	reports/v2_fc_ablation_prob_aug_recon_seed23/reliability_report.json	ablation	human	prob_aug_recon	eval	23.0000	2.0000	1.1414	fault_detection/test_ood/packet_loss_partial	0.8145	coherence	1.0000	0.4999	0.4993	0.5016		0.4826	0.9617	1.0000	0.5000
v2_fc_ablation_prob_aug_recon_seed23	reports/v2_fc_ablation_prob_aug_recon_seed23/reliability_report.json	ablation	human	prob_aug_recon	eval	23.0000	2.0000	1.1414	fault_detection/test_ood/sensor_delay	0.7717	coherence	0.9890	0.4861	0.5096	0.5435		0.5162	0.4982	0.9890	0.5047
v2_fc_ablation_prob_aug_recon_seed23	reports/v2_fc_ablation_prob_aug_recon_seed23/reliability_report.json	ablation	human	prob_aug_recon	eval	23.0000	2.0000	1.1414	fault_detection/test_ood/sensor_delay_jitter	0.7677	coherence	0.9727	0.4877	0.5098	0.5490		0.4892	0.4996	0.9727	0.5039
v2_fc_ablation_prob_aug_recon_seed23	reports/v2_fc_ablation_prob_aug_recon_seed23/reliability_report.json	ablation	human	prob_aug_recon	eval	23.0000	2.0000	1.1414	fault_detection/test_ood/stuck_imu	0.8442	coherence	1.0000	0.4779	0.5200	0.4772		0.4863	0.9972	1.0000	0.4999
v2_fc_ablation_prob_aug_recon_seed23	reports/v2_fc_ablation_prob_aug_recon_seed23/reliability_report.json	ablation	human	prob_aug_recon	eval	23.0000	2.0000	1.1414	fault_detection/train/encoder_dropout	0.9551	staleness	0.9387	0.5762	0.5571	0.9005		0.6191	0.9387	0.5000	0.4599
v2_fc_ablation_prob_aug_recon_seed23	reports/v2_fc_ablation_prob_aug_recon_seed23/reliability_report.json	ablation	human	prob_aug_recon	eval	23.0000	2.0000	1.1414	fault_detection/train/imu_bias	0.5027	logit	0.5354	0.5354	0.4569	0.5081		0.4805	0.5010	0.5000	0.5192
v2_fc_ablation_prob_aug_recon_seed23	reports/v2_fc_ablation_prob_aug_recon_seed23/reliability_report.json	ablation	human	prob_aug_recon	eval	23.0000	2.0000	1.1414	fault_detection/train/insole_missing	0.8894	residual	0.8859	0.4907	0.4760	0.8859		0.4706	0.8035	0.5000	0.3691
v2_fc_ablation_prob_aug_recon_seed23	reports/v2_fc_ablation_prob_aug_recon_seed23/reliability_report.json	ablation	human	prob_aug_recon	eval	23.0000	2.0000	1.1414	fault_detection/train/packet_loss	0.8524	staleness	0.9134	0.4997	0.5001	0.5007		0.5013	0.9134	0.4737	0.5001
v2_fc_ablation_prob_aug_recon_seed23	reports/v2_fc_ablation_prob_aug_recon_seed23/reliability_report.json	ablation	human	prob_aug_recon	eval	23.0000	2.0000	1.1414	fault_detection/train/packet_loss_burst	0.7625	staleness	0.8841	0.4988	0.5008	0.5028		0.5014	0.8841	0.0818	0.5026
v2_fc_ablation_prob_aug_recon_seed23	reports/v2_fc_ablation_prob_aug_recon_seed23/reliability_report.json	ablation	human	prob_aug_recon	eval	23.0000	2.0000	1.1414	fault_detection/train/packet_loss_partial	0.8740	coherence	0.9989	0.4996	0.5001	0.5011		0.5018	0.9150	0.9989	0.5001
v2_fc_ablation_prob_aug_recon_seed23	reports/v2_fc_ablation_prob_aug_recon_seed23/reliability_report.json	ablation	human	prob_aug_recon	eval	23.0000	2.0000	1.1414	fault_detection/train/sensor_delay	0.8106	coherence	0.9374	0.4452	0.5828	0.6046		0.5035	0.4987	0.9374	0.5153
v2_fc_ablation_prob_aug_recon_seed23	reports/v2_fc_ablation_prob_aug_recon_seed23/reliability_report.json	ablation	human	prob_aug_recon	eval	23.0000	2.0000	1.1414	fault_detection/train/sensor_delay_jitter	0.8013	coherence	0.9215	0.4465	0.5837	0.6081		0.5108	0.4990	0.9215	0.5166
v2_fc_ablation_prob_aug_recon_seed23	reports/v2_fc_ablation_prob_aug_recon_seed23/reliability_report.json	ablation	human	prob_aug_recon	eval	23.0000	2.0000	1.1414	fault_detection/train/stuck_imu	0.9540	coherence	1.0000	0.4734	0.5496	0.6561		0.5207	0.9667	1.0000	0.4868
v2_fc_ablation_prob_aug_recon_seed23	reports/v2_fc_ablation_prob_aug_recon_seed23/reliability_report.json	ablation	human	prob_aug_recon	eval	23.0000	2.0000	1.1414	fault_detection/val/encoder_dropout	0.9274	staleness	0.9351	0.6007	0.5727	0.8553		0.6161	0.9351	0.5001	0.4793
v2_fc_ablation_prob_aug_recon_seed23	reports/v2_fc_ablation_prob_aug_recon_seed23/reliability_report.json	ablation	human	prob_aug_recon	eval	23.0000	2.0000	1.1414	fault_detection/val/imu_bias	0.5018	logit	0.5370	0.5370	0.4526	0.5050		0.4912	0.5016	0.4998	0.5141
v2_fc_ablation_prob_aug_recon_seed23	reports/v2_fc_ablation_prob_aug_recon_seed23/reliability_report.json	ablation	human	prob_aug_recon	eval	23.0000	2.0000	1.1414	fault_detection/val/insole_missing	0.8740	residual	0.8858	0.5346	0.4065	0.8858		0.4468	0.8638	0.5001	0.3140
v2_fc_ablation_prob_aug_recon_seed23	reports/v2_fc_ablation_prob_aug_recon_seed23/reliability_report.json	ablation	human	prob_aug_recon	eval	23.0000	2.0000	1.1414	fault_detection/val/packet_loss	0.7704	staleness	0.9193	0.4996	0.5002	0.5013		0.4852	0.9193	0.4751	0.5010
v2_fc_ablation_prob_aug_recon_seed23	reports/v2_fc_ablation_prob_aug_recon_seed23/reliability_report.json	ablation	human	prob_aug_recon	eval	23.0000	2.0000	1.1414	fault_detection/val/packet_loss_burst	0.6580	staleness	0.8990	0.4981	0.5007	0.5024		0.5064	0.8990	0.0768	0.5063
v2_fc_ablation_prob_aug_recon_seed23	reports/v2_fc_ablation_prob_aug_recon_seed23/reliability_report.json	ablation	human	prob_aug_recon	eval	23.0000	2.0000	1.1414	fault_detection/val/packet_loss_partial	0.8732	coherence	0.9997	0.4993	0.5001	0.5016		0.4969	0.9234	0.9997	0.5006
v2_fc_ablation_prob_aug_recon_seed23	reports/v2_fc_ablation_prob_aug_recon_seed23/reliability_report.json	ablation	human	prob_aug_recon	eval	23.0000	2.0000	1.1414	fault_detection/val/sensor_delay	0.8433	coherence	0.9530	0.4593	0.5748	0.6031		0.5077	0.5009	0.9530	0.5135
v2_fc_ablation_prob_aug_recon_seed23	reports/v2_fc_ablation_prob_aug_recon_seed23/reliability_report.json	ablation	human	prob_aug_recon	eval	23.0000	2.0000	1.1414	fault_detection/val/sensor_delay_jitter	0.8240	coherence	0.9297	0.4606	0.5730	0.6075		0.5050	0.5007	0.9297	0.5155
v2_fc_ablation_prob_aug_recon_seed23	reports/v2_fc_ablation_prob_aug_recon_seed23/reliability_report.json	ablation	human	prob_aug_recon	eval	23.0000	2.0000	1.1414	fault_detection/val/stuck_imu	0.9286	coherence	1.0000	0.4785	0.5529	0.6487		0.5128	0.9546	1.0000	0.4876
v2_fc_ablation_prob_aug_recon_seed23	reports/v2_fc_ablation_prob_aug_recon_seed23/reliability_report.json	ablation	human	prob_aug_recon	eval	23.0000	2.0000	1.1414	ood_detection/clean	0.7492	aleatoric	0.7499	0.5084	0.7499	0.6876		0.7109	0.5564	0.5623	0.6658
v2_fc_ablation_prob_aug_recon_seed7	reports/v2_fc_ablation_prob_aug_recon_seed7/reliability_report.json	ablation	human	prob_aug_recon	eval	7.0000	2.0000	0.9945	fault_detection/test_id/encoder_dropout	0.9626	staleness	0.9460	0.6294	0.4564	0.9098		0.5334	0.9460	0.5000	0.4822
v2_fc_ablation_prob_aug_recon_seed7	reports/v2_fc_ablation_prob_aug_recon_seed7/reliability_report.json	ablation	human	prob_aug_recon	eval	7.0000	2.0000	0.9945	fault_detection/test_id/imu_bias	0.5029	logit	0.5417	0.5417	0.4479	0.5014		0.4928	0.5019	0.5001	0.5138
v2_fc_ablation_prob_aug_recon_seed7	reports/v2_fc_ablation_prob_aug_recon_seed7/reliability_report.json	ablation	human	prob_aug_recon	eval	7.0000	2.0000	0.9945	fault_detection/test_id/insole_missing	0.9427	residual	0.9708	0.5844	0.3945	0.9708		0.4497	0.8587	0.5000	0.3194
v2_fc_ablation_prob_aug_recon_seed7	reports/v2_fc_ablation_prob_aug_recon_seed7/reliability_report.json	ablation	human	prob_aug_recon	eval	7.0000	2.0000	0.9945	fault_detection/test_id/packet_loss	0.8796	staleness	0.9375	0.4997	0.4997	0.5008		0.4963	0.9375	0.4773	0.4999
v2_fc_ablation_prob_aug_recon_seed7	reports/v2_fc_ablation_prob_aug_recon_seed7/reliability_report.json	ablation	human	prob_aug_recon	eval	7.0000	2.0000	0.9945	fault_detection/test_id/packet_loss_burst	0.7614	staleness	0.9239	0.4980	0.5008	0.5042		0.5003	0.9239	0.0545	0.5017
v2_fc_ablation_prob_aug_recon_seed7	reports/v2_fc_ablation_prob_aug_recon_seed7/reliability_report.json	ablation	human	prob_aug_recon	eval	7.0000	2.0000	0.9945	fault_detection/test_id/packet_loss_partial	0.9224	coherence	1.0000	0.4996	0.5000	0.5017		0.4921	0.9390	1.0000	0.4997
v2_fc_ablation_prob_aug_recon_seed7	reports/v2_fc_ablation_prob_aug_recon_seed7/reliability_report.json	ablation	human	prob_aug_recon	eval	7.0000	2.0000	0.9945	fault_detection/test_id/sensor_delay	0.8843	coherence	0.9531	0.4357	0.5623	0.6198		0.4961	0.4970	0.9531	0.5089
v2_fc_ablation_prob_aug_recon_seed7	reports/v2_fc_ablation_prob_aug_recon_seed7/reliability_report.json	ablation	human	prob_aug_recon	eval	7.0000	2.0000	0.9945	fault_detection/test_id/sensor_delay_jitter	0.8692	coherence	0.9405	0.4352	0.5636	0.6310		0.5173	0.4970	0.9405	0.5098
v2_fc_ablation_prob_aug_recon_seed7	reports/v2_fc_ablation_prob_aug_recon_seed7/reliability_report.json	ablation	human	prob_aug_recon	eval	7.0000	2.0000	0.9945	fault_detection/test_id/stuck_imu	0.9590	coherence	1.0000	0.4584	0.5495	0.6599		0.5246	0.9650	1.0000	0.4922
v2_fc_ablation_prob_aug_recon_seed7	reports/v2_fc_ablation_prob_aug_recon_seed7/reliability_report.json	ablation	human	prob_aug_recon	eval	7.0000	2.0000	0.9945	fault_detection/test_ood/encoder_dropout	0.9096	staleness	0.9817	0.5952	0.4280	0.6998		0.4286	0.9817	0.5007	0.4881
v2_fc_ablation_prob_aug_recon_seed7	reports/v2_fc_ablation_prob_aug_recon_seed7/reliability_report.json	ablation	human	prob_aug_recon	eval	7.0000	2.0000	0.9945	fault_detection/test_ood/imu_bias	0.4995	logit	0.5444	0.5444	0.4626	0.5060		0.4782	0.5029	0.5001	0.5005
v2_fc_ablation_prob_aug_recon_seed7	reports/v2_fc_ablation_prob_aug_recon_seed7/reliability_report.json	ablation	human	prob_aug_recon	eval	7.0000	2.0000	0.9945	fault_detection/test_ood/insole_missing	0.8567	residual	0.8565	0.5631	0.3655	0.8565		0.3980	0.8433	0.5007	0.2939
v2_fc_ablation_prob_aug_recon_seed7	reports/v2_fc_ablation_prob_aug_recon_seed7/reliability_report.json	ablation	human	prob_aug_recon	eval	7.0000	2.0000	0.9945	fault_detection/test_ood/packet_loss	0.8009	staleness	0.9587	0.4999	0.4998	0.5008		0.4968	0.9587	0.4503	0.5004
v2_fc_ablation_prob_aug_recon_seed7	reports/v2_fc_ablation_prob_aug_recon_seed7/reliability_report.json	ablation	human	prob_aug_recon	eval	7.0000	2.0000	0.9945	fault_detection/test_ood/packet_loss_burst	0.7587	staleness	0.9231	0.4991	0.5003	0.5030		0.5055	0.9231	0.0673	0.4996
v2_fc_ablation_prob_aug_recon_seed7	reports/v2_fc_ablation_prob_aug_recon_seed7/reliability_report.json	ablation	human	prob_aug_recon	eval	7.0000	2.0000	0.9945	fault_detection/test_ood/packet_loss_partial	0.8187	coherence	0.9999	0.4991	0.4998	0.5007		0.4920	0.9605	0.9999	0.5004
v2_fc_ablation_prob_aug_recon_seed7	reports/v2_fc_ablation_prob_aug_recon_seed7/reliability_report.json	ablation	human	prob_aug_recon	eval	7.0000	2.0000	0.9945	fault_detection/test_ood/sensor_delay	0.7734	coherence	0.9889	0.4699	0.5190	0.5416		0.5130	0.4981	0.9889	0.5045
v2_fc_ablation_prob_aug_recon_seed7	reports/v2_fc_ablation_prob_aug_recon_seed7/reliability_report.json	ablation	human	prob_aug_recon	eval	7.0000	2.0000	0.9945	fault_detection/test_ood/sensor_delay_jitter	0.7728	coherence	0.9644	0.4694	0.5179	0.5529		0.4697	0.4982	0.9644	0.5017
v2_fc_ablation_prob_aug_recon_seed7	reports/v2_fc_ablation_prob_aug_recon_seed7/reliability_report.json	ablation	human	prob_aug_recon	eval	7.0000	2.0000	0.9945	fault_detection/test_ood/stuck_imu	0.8535	coherence	1.0000	0.4705	0.5120	0.4890		0.5195	0.9972	1.0000	0.4993
v2_fc_ablation_prob_aug_recon_seed7	reports/v2_fc_ablation_prob_aug_recon_seed7/reliability_report.json	ablation	human	prob_aug_recon	eval	7.0000	2.0000	0.9945	fault_detection/train/encoder_dropout	0.9652	staleness	0.9381	0.5908	0.4697	0.9164		0.5383	0.9381	0.5000	0.4591
v2_fc_ablation_prob_aug_recon_seed7	reports/v2_fc_ablation_prob_aug_recon_seed7/reliability_report.json	ablation	human	prob_aug_recon	eval	7.0000	2.0000	0.9945	fault_detection/train/imu_bias	0.5021	logit	0.5354	0.5354	0.4504	0.5042		0.4870	0.5009	0.5000	0.5184
v2_fc_ablation_prob_aug_recon_seed7	reports/v2_fc_ablation_prob_aug_recon_seed7/reliability_report.json	ablation	human	prob_aug_recon	eval	7.0000	2.0000	0.9945	fault_detection/train/insole_missing	0.9150	residual	0.9316	0.5591	0.3953	0.9316		0.4449	0.8026	0.5000	0.3689
v2_fc_ablation_prob_aug_recon_seed7	reports/v2_fc_ablation_prob_aug_recon_seed7/reliability_report.json	ablation	human	prob_aug_recon	eval	7.0000	2.0000	0.9945	fault_detection/train/packet_loss	0.8574	staleness	0.9125	0.4997	0.5001	0.5007		0.5003	0.9125	0.4761	0.5002
v2_fc_ablation_prob_aug_recon_seed7	reports/v2_fc_ablation_prob_aug_recon_seed7/reliability_report.json	ablation	human	prob_aug_recon	eval	7.0000	2.0000	0.9945	fault_detection/train/packet_loss_burst	0.7715	staleness	0.8852	0.4986	0.5009	0.5040		0.4997	0.8852	0.0781	0.5024
v2_fc_ablation_prob_aug_recon_seed7	reports/v2_fc_ablation_prob_aug_recon_seed7/reliability_report.json	ablation	human	prob_aug_recon	eval	7.0000	2.0000	0.9945	fault_detection/train/packet_loss_partial	0.8822	coherence	0.9987	0.4997	0.5000	0.5015		0.4980	0.9140	0.9987	0.5000
v2_fc_ablation_prob_aug_recon_seed7	reports/v2_fc_ablation_prob_aug_recon_seed7/reliability_report.json	ablation	human	prob_aug_recon	eval	7.0000	2.0000	0.9945	fault_detection/train/sensor_delay	0.7998	coherence	0.9374	0.4329	0.5655	0.5999		0.4991	0.4988	0.9374	0.5152
v2_fc_ablation_prob_aug_recon_seed7	reports/v2_fc_ablation_prob_aug_recon_seed7/reliability_report.json	ablation	human	prob_aug_recon	eval	7.0000	2.0000	0.9945	fault_detection/train/sensor_delay_jitter	0.7929	coherence	0.9177	0.4348	0.5666	0.6086		0.5056	0.4990	0.9177	0.5154
v2_fc_ablation_prob_aug_recon_seed7	reports/v2_fc_ablation_prob_aug_recon_seed7/reliability_report.json	ablation	human	prob_aug_recon	eval	7.0000	2.0000	0.9945	fault_detection/train/stuck_imu	0.9544	coherence	1.0000	0.4494	0.5579	0.6535		0.5138	0.9664	1.0000	0.4873
v2_fc_ablation_prob_aug_recon_seed7	reports/v2_fc_ablation_prob_aug_recon_seed7/reliability_report.json	ablation	human	prob_aug_recon	eval	7.0000	2.0000	0.9945	fault_detection/val/encoder_dropout	0.9387	staleness	0.9348	0.6133	0.4941	0.8670		0.5616	0.9348	0.5000	0.4787
v2_fc_ablation_prob_aug_recon_seed7	reports/v2_fc_ablation_prob_aug_recon_seed7/reliability_report.json	ablation	human	prob_aug_recon	eval	7.0000	2.0000	0.9945	fault_detection/val/imu_bias	0.5012	logit	0.5425	0.5425	0.4470	0.4991		0.4915	0.5016	0.5000	0.5137
v2_fc_ablation_prob_aug_recon_seed7	reports/v2_fc_ablation_prob_aug_recon_seed7/reliability_report.json	ablation	human	prob_aug_recon	eval	7.0000	2.0000	0.9945	fault_detection/val/insole_missing	0.8923	residual	0.9122	0.6153	0.3480	0.9122		0.4479	0.8631	0.5000	0.3134
v2_fc_ablation_prob_aug_recon_seed7	reports/v2_fc_ablation_prob_aug_recon_seed7/reliability_report.json	ablation	human	prob_aug_recon	eval	7.0000	2.0000	0.9945	fault_detection/val/packet_loss	0.7763	staleness	0.9211	0.4996	0.5003	0.5015		0.4907	0.9211	0.4757	0.4997
v2_fc_ablation_prob_aug_recon_seed7	reports/v2_fc_ablation_prob_aug_recon_seed7/reliability_report.json	ablation	human	prob_aug_recon	eval	7.0000	2.0000	0.9945	fault_detection/val/packet_loss_burst	0.6598	staleness	0.8994	0.4986	0.5004	0.5031		0.4947	0.8994	0.0749	0.5050
v2_fc_ablation_prob_aug_recon_seed7	reports/v2_fc_ablation_prob_aug_recon_seed7/reliability_report.json	ablation	human	prob_aug_recon	eval	7.0000	2.0000	0.9945	fault_detection/val/packet_loss_partial	0.8788	coherence	0.9998	0.4995	0.5003	0.5018		0.5081	0.9228	0.9998	0.5000
v2_fc_ablation_prob_aug_recon_seed7	reports/v2_fc_ablation_prob_aug_recon_seed7/reliability_report.json	ablation	human	prob_aug_recon	eval	7.0000	2.0000	0.9945	fault_detection/val/sensor_delay	0.8356	coherence	0.9529	0.4396	0.5608	0.5935		0.5064	0.5009	0.9529	0.5136
v2_fc_ablation_prob_aug_recon_seed7	reports/v2_fc_ablation_prob_aug_recon_seed7/reliability_report.json	ablation	human	prob_aug_recon	eval	7.0000	2.0000	0.9945	fault_detection/val/sensor_delay_jitter	0.8168	coherence	0.9277	0.4448	0.5576	0.5997		0.5075	0.5012	0.9277	0.5114
v2_fc_ablation_prob_aug_recon_seed7	reports/v2_fc_ablation_prob_aug_recon_seed7/reliability_report.json	ablation	human	prob_aug_recon	eval	7.0000	2.0000	0.9945	fault_detection/val/stuck_imu	0.9289	coherence	1.0000	0.4577	0.5531	0.6475		0.5088	0.9544	1.0000	0.4880
v2_fc_ablation_prob_aug_recon_seed7	reports/v2_fc_ablation_prob_aug_recon_seed7/reliability_report.json	ablation	human	prob_aug_recon	eval	7.0000	2.0000	0.9945	ood_detection/clean	0.7285	residual	0.7410	0.5682	0.6735	0.7410		0.7012	0.5563	0.5624	0.6661
v2_fc_ablation_prob_aug_seed13	reports/v2_fc_ablation_prob_aug_seed13/reliability_report.json	ablation	human	prob_aug	eval	13.0000	8.0000	0.7053	fault_detection/test_id/encoder_dropout	0.9460	staleness	0.9460	0.6371	0.4979			0.5477	0.9460	0.5000	0.4827
v2_fc_ablation_prob_aug_seed13	reports/v2_fc_ablation_prob_aug_seed13/reliability_report.json	ablation	human	prob_aug	eval	13.0000	8.0000	0.7053	fault_detection/test_id/imu_bias	0.5023	logit	0.5300	0.5300	0.4642			0.4724	0.5023	0.4999	0.5139
v2_fc_ablation_prob_aug_seed13	reports/v2_fc_ablation_prob_aug_seed13/reliability_report.json	ablation	human	prob_aug	eval	13.0000	8.0000	0.7053	fault_detection/test_id/insole_missing	0.8592	staleness	0.8592	0.3568	0.5249			0.5031	0.8592	0.5000	0.3174
v2_fc_ablation_prob_aug_seed13	reports/v2_fc_ablation_prob_aug_seed13/reliability_report.json	ablation	human	prob_aug	eval	13.0000	8.0000	0.7053	fault_detection/test_id/packet_loss	0.9377	staleness	0.9377	0.4995	0.4999			0.5029	0.9377	0.4846	0.4999
v2_fc_ablation_prob_aug_seed13	reports/v2_fc_ablation_prob_aug_seed13/reliability_report.json	ablation	human	prob_aug	eval	13.0000	8.0000	0.7053	fault_detection/test_id/packet_loss_burst	0.9198	staleness	0.9198	0.4985	0.5007			0.5003	0.9198	0.0508	0.5016
v2_fc_ablation_prob_aug_seed13	reports/v2_fc_ablation_prob_aug_seed13/reliability_report.json	ablation	human	prob_aug	eval	13.0000	8.0000	0.7053	fault_detection/test_id/packet_loss_partial	0.9392	coherence	1.0000	0.4994	0.5004			0.5012	0.9392	1.0000	0.5001
v2_fc_ablation_prob_aug_seed13	reports/v2_fc_ablation_prob_aug_seed13/reliability_report.json	ablation	human	prob_aug	eval	13.0000	8.0000	0.7053	fault_detection/test_id/sensor_delay	0.4970	coherence	0.9531	0.3967	0.5738			0.5197	0.4970	0.9531	0.5089
v2_fc_ablation_prob_aug_seed13	reports/v2_fc_ablation_prob_aug_seed13/reliability_report.json	ablation	human	prob_aug	eval	13.0000	8.0000	0.7053	fault_detection/test_id/sensor_delay_jitter	0.4975	coherence	0.9237	0.3972	0.5752			0.5245	0.4975	0.9237	0.5144
v2_fc_ablation_prob_aug_seed13	reports/v2_fc_ablation_prob_aug_seed13/reliability_report.json	ablation	human	prob_aug	eval	13.0000	8.0000	0.7053	fault_detection/test_id/stuck_imu	0.9651	coherence	1.0000	0.4310	0.5668			0.5491	0.9651	1.0000	0.4926
v2_fc_ablation_prob_aug_seed13	reports/v2_fc_ablation_prob_aug_seed13/reliability_report.json	ablation	human	prob_aug	eval	13.0000	8.0000	0.7053	fault_detection/test_ood/encoder_dropout	0.9814	staleness	0.9814	0.5431	0.4477			0.4651	0.9814	0.5006	0.4887
v2_fc_ablation_prob_aug_seed13	reports/v2_fc_ablation_prob_aug_seed13/reliability_report.json	ablation	human	prob_aug	eval	13.0000	8.0000	0.7053	fault_detection/test_ood/imu_bias	0.5026	logit	0.5278	0.5278	0.4691			0.4578	0.5026	0.4997	0.5005
v2_fc_ablation_prob_aug_seed13	reports/v2_fc_ablation_prob_aug_seed13/reliability_report.json	ablation	human	prob_aug	eval	13.0000	8.0000	0.7053	fault_detection/test_ood/insole_missing	0.8432	staleness	0.8432	0.3469	0.4805			0.4331	0.8432	0.5006	0.2920
v2_fc_ablation_prob_aug_seed13	reports/v2_fc_ablation_prob_aug_seed13/reliability_report.json	ablation	human	prob_aug	eval	13.0000	8.0000	0.7053	fault_detection/test_ood/packet_loss	0.9626	staleness	0.9626	0.4994	0.4992			0.5069	0.9626	0.4587	0.4996
v2_fc_ablation_prob_aug_seed13	reports/v2_fc_ablation_prob_aug_seed13/reliability_report.json	ablation	human	prob_aug	eval	13.0000	8.0000	0.7053	fault_detection/test_ood/packet_loss_burst	0.9238	staleness	0.9238	0.4964	0.4997			0.5013	0.9238	0.0452	0.4997
v2_fc_ablation_prob_aug_seed13	reports/v2_fc_ablation_prob_aug_seed13/reliability_report.json	ablation	human	prob_aug	eval	13.0000	8.0000	0.7053	fault_detection/test_ood/packet_loss_partial	0.9618	coherence	0.9999	0.4989	0.4988			0.5126	0.9618	0.9999	0.5006
v2_fc_ablation_prob_aug_seed13	reports/v2_fc_ablation_prob_aug_seed13/reliability_report.json	ablation	human	prob_aug	eval	13.0000	8.0000	0.7053	fault_detection/test_ood/sensor_delay	0.4984	coherence	0.9890	0.4516	0.5202			0.5108	0.4984	0.9890	0.5042
v2_fc_ablation_prob_aug_seed13	reports/v2_fc_ablation_prob_aug_seed13/reliability_report.json	ablation	human	prob_aug	eval	13.0000	8.0000	0.7053	fault_detection/test_ood/sensor_delay_jitter	0.4980	coherence	0.9526	0.4533	0.5213			0.5192	0.4980	0.9526	0.5061
v2_fc_ablation_prob_aug_seed13	reports/v2_fc_ablation_prob_aug_seed13/reliability_report.json	ablation	human	prob_aug	eval	13.0000	8.0000	0.7053	fault_detection/test_ood/stuck_imu	0.9972	coherence	1.0000	0.4849	0.5236			0.5388	0.9972	1.0000	0.5000
v2_fc_ablation_prob_aug_seed13	reports/v2_fc_ablation_prob_aug_seed13/reliability_report.json	ablation	human	prob_aug	eval	13.0000	8.0000	0.7053	fault_detection/train/encoder_dropout	0.9382	staleness	0.9382	0.5995	0.5406			0.5844	0.9382	0.5000	0.4602
v2_fc_ablation_prob_aug_seed13	reports/v2_fc_ablation_prob_aug_seed13/reliability_report.json	ablation	human	prob_aug	eval	13.0000	8.0000	0.7053	fault_detection/train/imu_bias	0.5010	logit	0.5302	0.5302	0.4628			0.4767	0.5010	0.4999	0.5187
v2_fc_ablation_prob_aug_seed13	reports/v2_fc_ablation_prob_aug_seed13/reliability_report.json	ablation	human	prob_aug	eval	13.0000	8.0000	0.7053	fault_detection/train/insole_missing	0.8029	staleness	0.8029	0.3694	0.5060			0.4808	0.8029	0.5000	0.3667
v2_fc_ablation_prob_aug_seed13	reports/v2_fc_ablation_prob_aug_seed13/reliability_report.json	ablation	human	prob_aug	eval	13.0000	8.0000	0.7053	fault_detection/train/packet_loss	0.9117	staleness	0.9117	0.4997	0.5000			0.4968	0.9117	0.4748	0.5002
v2_fc_ablation_prob_aug_seed13	reports/v2_fc_ablation_prob_aug_seed13/reliability_report.json	ablation	human	prob_aug	eval	13.0000	8.0000	0.7053	fault_detection/train/packet_loss_burst	0.8846	staleness	0.8846	0.4984	0.5007			0.4956	0.8846	0.0802	0.5034
v2_fc_ablation_prob_aug_seed13	reports/v2_fc_ablation_prob_aug_seed13/reliability_report.json	ablation	human	prob_aug	eval	13.0000	8.0000	0.7053	fault_detection/train/packet_loss_partial	0.9142	coherence	0.9988	0.4996	0.5001			0.4967	0.9142	0.9988	0.5002
v2_fc_ablation_prob_aug_seed13	reports/v2_fc_ablation_prob_aug_seed13/reliability_report.json	ablation	human	prob_aug	eval	13.0000	8.0000	0.7053	fault_detection/train/sensor_delay	0.4987	coherence	0.9374	0.3859	0.5798			0.5116	0.4987	0.9374	0.5152
v2_fc_ablation_prob_aug_seed13	reports/v2_fc_ablation_prob_aug_seed13/reliability_report.json	ablation	human	prob_aug	eval	13.0000	8.0000	0.7053	fault_detection/train/sensor_delay_jitter	0.4986	coherence	0.9217	0.3845	0.5813			0.5131	0.4986	0.9217	0.5160
v2_fc_ablation_prob_aug_seed13	reports/v2_fc_ablation_prob_aug_seed13/reliability_report.json	ablation	human	prob_aug	eval	13.0000	8.0000	0.7053	fault_detection/train/stuck_imu	0.9665	coherence	1.0000	0.4078	0.5798			0.5596	0.9665	1.0000	0.4872
v2_fc_ablation_prob_aug_seed13	reports/v2_fc_ablation_prob_aug_seed13/reliability_report.json	ablation	human	prob_aug	eval	13.0000	8.0000	0.7053	fault_detection/val/encoder_dropout	0.9348	staleness	0.9348	0.6248	0.5522			0.5667	0.9348	0.5000	0.4796
v2_fc_ablation_prob_aug_seed13	reports/v2_fc_ablation_prob_aug_seed13/reliability_report.json	ablation	human	prob_aug	eval	13.0000	8.0000	0.7053	fault_detection/val/imu_bias	0.5016	logit	0.5306	0.5306	0.4613			0.4939	0.5016	0.5000	0.5136
v2_fc_ablation_prob_aug_seed13	reports/v2_fc_ablation_prob_aug_seed13/reliability_report.json	ablation	human	prob_aug	eval	13.0000	8.0000	0.7053	fault_detection/val/insole_missing	0.8634	staleness	0.8634	0.3829	0.4563			0.4302	0.8634	0.5000	0.3113
v2_fc_ablation_prob_aug_seed13	reports/v2_fc_ablation_prob_aug_seed13/reliability_report.json	ablation	human	prob_aug	eval	13.0000	8.0000	0.7053	fault_detection/val/packet_loss	0.9207	staleness	0.9207	0.4997	0.5001			0.4993	0.9207	0.4844	0.5001
v2_fc_ablation_prob_aug_seed13	reports/v2_fc_ablation_prob_aug_seed13/reliability_report.json	ablation	human	prob_aug	eval	13.0000	8.0000	0.7053	fault_detection/val/packet_loss_burst	0.8997	staleness	0.8997	0.4993	0.4999			0.5019	0.8997	0.0855	0.5039
v2_fc_ablation_prob_aug_seed13	reports/v2_fc_ablation_prob_aug_seed13/reliability_report.json	ablation	human	prob_aug	eval	13.0000	8.0000	0.7053	fault_detection/val/packet_loss_partial	0.9227	coherence	0.9995	0.4995	0.5001			0.5093	0.9227	0.9995	0.5005
v2_fc_ablation_prob_aug_seed13	reports/v2_fc_ablation_prob_aug_seed13/reliability_report.json	ablation	human	prob_aug	eval	13.0000	8.0000	0.7053	fault_detection/val/sensor_delay	0.5009	coherence	0.9529	0.4062	0.5716			0.5195	0.5009	0.9529	0.5136
v2_fc_ablation_prob_aug_seed13	reports/v2_fc_ablation_prob_aug_seed13/reliability_report.json	ablation	human	prob_aug	eval	13.0000	8.0000	0.7053	fault_detection/val/sensor_delay_jitter	0.5005	coherence	0.9425	0.4019	0.5743			0.5177	0.5005	0.9425	0.5122
v2_fc_ablation_prob_aug_seed13	reports/v2_fc_ablation_prob_aug_seed13/reliability_report.json	ablation	human	prob_aug	eval	13.0000	8.0000	0.7053	fault_detection/val/stuck_imu	0.9545	coherence	1.0000	0.4239	0.5752			0.5686	0.9545	1.0000	0.4879
v2_fc_ablation_prob_aug_seed13	reports/v2_fc_ablation_prob_aug_seed13/reliability_report.json	ablation	human	prob_aug	eval	13.0000	8.0000	0.7053	ood_detection/clean	0.6822	epistemic	0.7360	0.4771	0.7122			0.7360	0.5565	0.5625	0.6659
v2_fc_ablation_prob_aug_seed23	reports/v2_fc_ablation_prob_aug_seed23/reliability_report.json	ablation	human	prob_aug	eval	23.0000	8.0000	0.6119	fault_detection/test_id/encoder_dropout	0.9458	staleness	0.9458	0.5753	0.5665			0.5967	0.9458	0.4999	0.4825
v2_fc_ablation_prob_aug_seed23	reports/v2_fc_ablation_prob_aug_seed23/reliability_report.json	ablation	human	prob_aug	eval	23.0000	8.0000	0.6119	fault_detection/test_id/imu_bias	0.5023	drift	0.5142	0.5141	0.4600			0.4747	0.5023	0.4998	0.5142
v2_fc_ablation_prob_aug_seed23	reports/v2_fc_ablation_prob_aug_seed23/reliability_report.json	ablation	human	prob_aug	eval	23.0000	8.0000	0.6119	fault_detection/test_id/insole_missing	0.8578	staleness	0.8578	0.4324	0.4845			0.4951	0.8578	0.4999	0.3200
v2_fc_ablation_prob_aug_seed23	reports/v2_fc_ablation_prob_aug_seed23/reliability_report.json	ablation	human	prob_aug	eval	23.0000	8.0000	0.6119	fault_detection/test_id/packet_loss	0.9380	staleness	0.9380	0.4995	0.4998			0.5005	0.9380	0.4761	0.5000
v2_fc_ablation_prob_aug_seed23	reports/v2_fc_ablation_prob_aug_seed23/reliability_report.json	ablation	human	prob_aug	eval	23.0000	8.0000	0.6119	fault_detection/test_id/packet_loss_burst	0.9208	staleness	0.9208	0.4991	0.5002			0.4923	0.9208	0.0594	0.5028
v2_fc_ablation_prob_aug_seed23	reports/v2_fc_ablation_prob_aug_seed23/reliability_report.json	ablation	human	prob_aug	eval	23.0000	8.0000	0.6119	fault_detection/test_id/packet_loss_partial	0.9386	coherence	1.0000	0.4996	0.5000			0.4945	0.9386	1.0000	0.5003
v2_fc_ablation_prob_aug_seed23	reports/v2_fc_ablation_prob_aug_seed23/reliability_report.json	ablation	human	prob_aug	eval	23.0000	8.0000	0.6119	fault_detection/test_id/sensor_delay	0.4970	coherence	0.9531	0.4232	0.5752			0.5191	0.4970	0.9531	0.5089
v2_fc_ablation_prob_aug_seed23	reports/v2_fc_ablation_prob_aug_seed23/reliability_report.json	ablation	human	prob_aug	eval	23.0000	8.0000	0.6119	fault_detection/test_id/sensor_delay_jitter	0.4960	coherence	0.9403	0.4171	0.5818			0.5327	0.4960	0.9403	0.5078
v2_fc_ablation_prob_aug_seed23	reports/v2_fc_ablation_prob_aug_seed23/reliability_report.json	ablation	human	prob_aug	eval	23.0000	8.0000	0.6119	fault_detection/test_id/stuck_imu	0.9647	coherence	1.0000	0.4497	0.5505			0.5391	0.9647	1.0000	0.4918
v2_fc_ablation_prob_aug_seed23	reports/v2_fc_ablation_prob_aug_seed23/reliability_report.json	ablation	human	prob_aug	eval	23.0000	8.0000	0.6119	fault_detection/test_ood/encoder_dropout	0.9808	staleness	0.9808	0.5384	0.5243			0.4852	0.9808	0.5006	0.4889
v2_fc_ablation_prob_aug_seed23	reports/v2_fc_ablation_prob_aug_seed23/reliability_report.json	ablation	human	prob_aug	eval	23.0000	8.0000	0.6119	fault_detection/test_ood/imu_bias	0.5024	logit	0.5127	0.5127	0.4658			0.4571	0.5024	0.4998	0.5006
v2_fc_ablation_prob_aug_seed23	reports/v2_fc_ablation_prob_aug_seed23/reliability_report.json	ablation	human	prob_aug	eval	23.0000	8.0000	0.6119	fault_detection/test_ood/insole_missing	0.8412	staleness	0.8412	0.3845	0.4741			0.4174	0.8412	0.5006	0.2954
v2_fc_ablation_prob_aug_seed23	reports/v2_fc_ablation_prob_aug_seed23/reliability_report.json	ablation	human	prob_aug	eval	23.0000	8.0000	0.6119	fault_detection/test_ood/packet_loss	0.9632	staleness	0.9632	0.5000	0.5001			0.5006	0.9632	0.4602	0.5008
v2_fc_ablation_prob_aug_seed23	reports/v2_fc_ablation_prob_aug_seed23/reliability_report.json	ablation	human	prob_aug	eval	23.0000	8.0000	0.6119	fault_detection/test_ood/packet_loss_burst	0.9131	staleness	0.9131	0.5001	0.4987			0.4911	0.9131	0.0481	0.5028
v2_fc_ablation_prob_aug_seed23	reports/v2_fc_ablation_prob_aug_seed23/reliability_report.json	ablation	human	prob_aug	eval	23.0000	8.0000	0.6119	fault_detection/test_ood/packet_loss_partial	0.9597	coherence	1.0000	0.4997	0.4999			0.4802	0.9597	1.0000	0.5003
v2_fc_ablation_prob_aug_seed23	reports/v2_fc_ablation_prob_aug_seed23/reliability_report.json	ablation	human	prob_aug	eval	23.0000	8.0000	0.6119	fault_detection/test_ood/sensor_delay	0.4983	coherence	0.9890	0.4496	0.5167			0.4856	0.4983	0.9890	0.5045
v2_fc_ablation_prob_aug_seed23	reports/v2_fc_ablation_prob_aug_seed23/reliability_report.json	ablation	human	prob_aug	eval	23.0000	8.0000	0.6119	fault_detection/test_ood/sensor_delay_jitter	0.4998	coherence	0.9726	0.4440	0.5160			0.5215	0.4998	0.9726	0.5036
v2_fc_ablation_prob_aug_seed23	reports/v2_fc_ablation_prob_aug_seed23/reliability_report.json	ablation	human	prob_aug	eval	23.0000	8.0000	0.6119	fault_detection/test_ood/stuck_imu	0.9972	coherence	1.0000	0.4678	0.5071			0.4893	0.9972	1.0000	0.4996
v2_fc_ablation_prob_aug_seed23	reports/v2_fc_ablation_prob_aug_seed23/reliability_report.json	ablation	human	prob_aug	eval	23.0000	8.0000	0.6119	fault_detection/train/encoder_dropout	0.9374	staleness	0.9374	0.5434	0.6018			0.6333	0.9374	0.5000	0.4597
v2_fc_ablation_prob_aug_seed23	reports/v2_fc_ablation_prob_aug_seed23/reliability_report.json	ablation	human	prob_aug	eval	23.0000	8.0000	0.6119	fault_detection/train/imu_bias	0.5010	drift	0.5188	0.5138	0.4600			0.4830	0.5010	0.4999	0.5188
v2_fc_ablation_prob_aug_seed23	reports/v2_fc_ablation_prob_aug_seed23/reliability_report.json	ablation	human	prob_aug	eval	23.0000	8.0000	0.6119	fault_detection/train/insole_missing	0.8017	staleness	0.8017	0.4431	0.4960			0.4856	0.8017	0.5000	0.3690
v2_fc_ablation_prob_aug_seed23	reports/v2_fc_ablation_prob_aug_seed23/reliability_report.json	ablation	human	prob_aug	eval	23.0000	8.0000	0.6119	fault_detection/train/packet_loss	0.9118	staleness	0.9118	0.4998	0.4999			0.4957	0.9118	0.4737	0.5001
v2_fc_ablation_prob_aug_seed23	reports/v2_fc_ablation_prob_aug_seed23/reliability_report.json	ablation	human	prob_aug	eval	23.0000	8.0000	0.6119	fault_detection/train/packet_loss_burst	0.8824	staleness	0.8824	0.4990	0.5000			0.4996	0.8824	0.0818	0.5026
v2_fc_ablation_prob_aug_seed23	reports/v2_fc_ablation_prob_aug_seed23/reliability_report.json	ablation	human	prob_aug	eval	23.0000	8.0000	0.6119	fault_detection/train/packet_loss_partial	0.9134	coherence	0.9989	0.4997	0.4999			0.5018	0.9134	0.9989	0.5001
v2_fc_ablation_prob_aug_seed23	reports/v2_fc_ablation_prob_aug_seed23/reliability_report.json	ablation	human	prob_aug	eval	23.0000	8.0000	0.6119	fault_detection/train/sensor_delay	0.4988	coherence	0.9374	0.4154	0.5835			0.5199	0.4988	0.9374	0.5153
v2_fc_ablation_prob_aug_seed23	reports/v2_fc_ablation_prob_aug_seed23/reliability_report.json	ablation	human	prob_aug	eval	23.0000	8.0000	0.6119	fault_detection/train/sensor_delay_jitter	0.4990	coherence	0.9215	0.4153	0.5851			0.5255	0.4990	0.9215	0.5165
v2_fc_ablation_prob_aug_seed23	reports/v2_fc_ablation_prob_aug_seed23/reliability_report.json	ablation	human	prob_aug	eval	23.0000	8.0000	0.6119	fault_detection/train/stuck_imu	0.9660	coherence	1.0000	0.4441	0.5556			0.5345	0.9660	1.0000	0.4868
v2_fc_ablation_prob_aug_seed23	reports/v2_fc_ablation_prob_aug_seed23/reliability_report.json	ablation	human	prob_aug	eval	23.0000	8.0000	0.6119	fault_detection/val/encoder_dropout	0.9341	staleness	0.9341	0.5623	0.5903			0.6038	0.9341	0.5000	0.4789
v2_fc_ablation_prob_aug_seed23	reports/v2_fc_ablation_prob_aug_seed23/reliability_report.json	ablation	human	prob_aug	eval	23.0000	8.0000	0.6119	fault_detection/val/imu_bias	0.5014	logit	0.5168	0.5168	0.4586			0.4733	0.5014	0.5000	0.5140
v2_fc_ablation_prob_aug_seed23	reports/v2_fc_ablation_prob_aug_seed23/reliability_report.json	ablation	human	prob_aug	eval	23.0000	8.0000	0.6119	fault_detection/val/insole_missing	0.8620	staleness	0.8620	0.4627	0.4391			0.4755	0.8620	0.5000	0.3138
v2_fc_ablation_prob_aug_seed23	reports/v2_fc_ablation_prob_aug_seed23/reliability_report.json	ablation	human	prob_aug	eval	23.0000	8.0000	0.6119	fault_detection/val/packet_loss	0.9182	staleness	0.9182	0.4998	0.5002			0.4974	0.9182	0.4751	0.5010
v2_fc_ablation_prob_aug_seed23	reports/v2_fc_ablation_prob_aug_seed23/reliability_report.json	ablation	human	prob_aug	eval	23.0000	8.0000	0.6119	fault_detection/val/packet_loss_burst	0.8978	staleness	0.8978	0.4989	0.4998			0.5003	0.8978	0.0768	0.5064
v2_fc_ablation_prob_aug_seed23	reports/v2_fc_ablation_prob_aug_seed23/reliability_report.json	ablation	human	prob_aug	eval	23.0000	8.0000	0.6119	fault_detection/val/packet_loss_partial	0.9222	coherence	0.9997	0.4998	0.5001			0.5016	0.9222	0.9997	0.5006
v2_fc_ablation_prob_aug_seed23	reports/v2_fc_ablation_prob_aug_seed23/reliability_report.json	ablation	human	prob_aug	eval	23.0000	8.0000	0.6119	fault_detection/val/sensor_delay	0.5010	coherence	0.9529	0.4302	0.5690			0.5216	0.5010	0.9529	0.5136
v2_fc_ablation_prob_aug_seed23	reports/v2_fc_ablation_prob_aug_seed23/reliability_report.json	ablation	human	prob_aug	eval	23.0000	8.0000	0.6119	fault_detection/val/sensor_delay_jitter	0.5006	coherence	0.9296	0.4299	0.5689			0.5248	0.5006	0.9296	0.5155
v2_fc_ablation_prob_aug_seed23	reports/v2_fc_ablation_prob_aug_seed23/reliability_report.json	ablation	human	prob_aug	eval	23.0000	8.0000	0.6119	fault_detection/val/stuck_imu	0.9542	coherence	1.0000	0.4494	0.5513			0.5343	0.9542	1.0000	0.4877
v2_fc_ablation_prob_aug_seed23	reports/v2_fc_ablation_prob_aug_seed23/reliability_report.json	ablation	human	prob_aug	eval	23.0000	8.0000	0.6119	ood_detection/clean	0.6676	epistemic	0.7269	0.4448	0.7108			0.7269	0.5563	0.5624	0.6657
v2_fc_ablation_prob_aug_seed7	reports/v2_fc_ablation_prob_aug_seed7/reliability_report.json	ablation	human	prob_aug	eval	7.0000	8.0000	0.7078	fault_detection/test_id/encoder_dropout	0.9457	staleness	0.9457	0.5919	0.4989			0.5325	0.9457	0.4999	0.4822
v2_fc_ablation_prob_aug_seed7	reports/v2_fc_ablation_prob_aug_seed7/reliability_report.json	ablation	human	prob_aug	eval	7.0000	8.0000	0.7078	fault_detection/test_id/imu_bias	0.5022	logit	0.5154	0.5154	0.4586			0.4747	0.5022	0.5000	0.5132
v2_fc_ablation_prob_aug_seed7	reports/v2_fc_ablation_prob_aug_seed7/reliability_report.json	ablation	human	prob_aug	eval	7.0000	8.0000	0.7078	fault_detection/test_id/insole_missing	0.8574	staleness	0.8574	0.4378	0.4997			0.4749	0.8574	0.4999	0.3175
v2_fc_ablation_prob_aug_seed7	reports/v2_fc_ablation_prob_aug_seed7/reliability_report.json	ablation	human	prob_aug	eval	7.0000	8.0000	0.7078	fault_detection/test_id/packet_loss	0.9370	staleness	0.9370	0.4996	0.4998			0.4948	0.9370	0.4774	0.5000
v2_fc_ablation_prob_aug_seed7	reports/v2_fc_ablation_prob_aug_seed7/reliability_report.json	ablation	human	prob_aug	eval	7.0000	8.0000	0.7078	fault_detection/test_id/packet_loss_burst	0.9231	staleness	0.9231	0.4990	0.5012			0.4984	0.9231	0.0545	0.5016
v2_fc_ablation_prob_aug_seed7	reports/v2_fc_ablation_prob_aug_seed7/reliability_report.json	ablation	human	prob_aug	eval	7.0000	8.0000	0.7078	fault_detection/test_id/packet_loss_partial	0.9387	coherence	1.0000	0.4993	0.5000			0.4951	0.9387	1.0000	0.4996
v2_fc_ablation_prob_aug_seed7	reports/v2_fc_ablation_prob_aug_seed7/reliability_report.json	ablation	human	prob_aug	eval	7.0000	8.0000	0.7078	fault_detection/test_id/sensor_delay	0.4970	coherence	0.9530	0.4101	0.5764			0.5383	0.4970	0.9530	0.5087
v2_fc_ablation_prob_aug_seed7	reports/v2_fc_ablation_prob_aug_seed7/reliability_report.json	ablation	human	prob_aug	eval	7.0000	8.0000	0.7078	fault_detection/test_id/sensor_delay_jitter	0.4972	coherence	0.9404	0.4024	0.5791			0.5371	0.4972	0.9404	0.5098
v2_fc_ablation_prob_aug_seed7	reports/v2_fc_ablation_prob_aug_seed7/reliability_report.json	ablation	human	prob_aug	eval	7.0000	8.0000	0.7078	fault_detection/test_id/stuck_imu	0.9647	coherence	1.0000	0.4509	0.5585			0.5454	0.9647	1.0000	0.4927
v2_fc_ablation_prob_aug_seed7	reports/v2_fc_ablation_prob_aug_seed7/reliability_report.json	ablation	human	prob_aug	eval	7.0000	8.0000	0.7078	fault_detection/test_ood/encoder_dropout	0.9806	staleness	0.9806	0.5181	0.4615			0.4020	0.9806	0.5004	0.4886
v2_fc_ablation_prob_aug_seed7	reports/v2_fc_ablation_prob_aug_seed7/reliability_report.json	ablation	human	prob_aug	eval	7.0000	8.0000	0.7078	fault_detection/test_ood/imu_bias	0.5023	logit	0.5037	0.5037	0.4649			0.4919	0.5023	0.4996	0.5002
v2_fc_ablation_prob_aug_seed7	reports/v2_fc_ablation_prob_aug_seed7/reliability_report.json	ablation	human	prob_aug	eval	7.0000	8.0000	0.7078	fault_detection/test_ood/insole_missing	0.8408	staleness	0.8408	0.3987	0.4968			0.4576	0.8408	0.5004	0.2916
v2_fc_ablation_prob_aug_seed7	reports/v2_fc_ablation_prob_aug_seed7/reliability_report.json	ablation	human	prob_aug	eval	7.0000	8.0000	0.7078	fault_detection/test_ood/packet_loss	0.9573	staleness	0.9573	0.4998	0.5003			0.4809	0.9573	0.4506	0.5004
v2_fc_ablation_prob_aug_seed7	reports/v2_fc_ablation_prob_aug_seed7/reliability_report.json	ablation	human	prob_aug	eval	7.0000	8.0000	0.7078	fault_detection/test_ood/packet_loss_burst	0.9217	staleness	0.9217	0.5017	0.5011			0.5020	0.9217	0.0673	0.5001
v2_fc_ablation_prob_aug_seed7	reports/v2_fc_ablation_prob_aug_seed7/reliability_report.json	ablation	human	prob_aug	eval	7.0000	8.0000	0.7078	fault_detection/test_ood/packet_loss_partial	0.9586	coherence	0.9999	0.4994	0.4998			0.4972	0.9586	0.9999	0.5001
v2_fc_ablation_prob_aug_seed7	reports/v2_fc_ablation_prob_aug_seed7/reliability_report.json	ablation	human	prob_aug	eval	7.0000	8.0000	0.7078	fault_detection/test_ood/sensor_delay	0.4982	coherence	0.9890	0.4550	0.5203			0.5325	0.4982	0.9890	0.5045
v2_fc_ablation_prob_aug_seed7	reports/v2_fc_ablation_prob_aug_seed7/reliability_report.json	ablation	human	prob_aug	eval	7.0000	8.0000	0.7078	fault_detection/test_ood/sensor_delay_jitter	0.4979	coherence	0.9644	0.4432	0.5230			0.5215	0.4979	0.9644	0.5024
v2_fc_ablation_prob_aug_seed7	reports/v2_fc_ablation_prob_aug_seed7/reliability_report.json	ablation	human	prob_aug	eval	7.0000	8.0000	0.7078	fault_detection/test_ood/stuck_imu	0.9970	coherence	1.0000	0.4572	0.5155			0.4979	0.9970	1.0000	0.4994
v2_fc_ablation_prob_aug_seed7	reports/v2_fc_ablation_prob_aug_seed7/reliability_report.json	ablation	human	prob_aug	eval	7.0000	8.0000	0.7078	fault_detection/train/encoder_dropout	0.9372	staleness	0.9372	0.5507	0.5272			0.5518	0.9372	0.5000	0.4592
v2_fc_ablation_prob_aug_seed7	reports/v2_fc_ablation_prob_aug_seed7/reliability_report.json	ablation	human	prob_aug	eval	7.0000	8.0000	0.7078	fault_detection/train/imu_bias	0.5011	drift	0.5179	0.5114	0.4619			0.4794	0.5011	0.5000	0.5179
v2_fc_ablation_prob_aug_seed7	reports/v2_fc_ablation_prob_aug_seed7/reliability_report.json	ablation	human	prob_aug	eval	7.0000	8.0000	0.7078	fault_detection/train/insole_missing	0.8014	staleness	0.8014	0.4409	0.5012			0.4816	0.8014	0.5000	0.3670
v2_fc_ablation_prob_aug_seed7	reports/v2_fc_ablation_prob_aug_seed7/reliability_report.json	ablation	human	prob_aug	eval	7.0000	8.0000	0.7078	fault_detection/train/packet_loss	0.9113	staleness	0.9113	0.4997	0.5000			0.5010	0.9113	0.4760	0.5002
v2_fc_ablation_prob_aug_seed7	reports/v2_fc_ablation_prob_aug_seed7/reliability_report.json	ablation	human	prob_aug	eval	7.0000	8.0000	0.7078	fault_detection/train/packet_loss_burst	0.8841	staleness	0.8841	0.4984	0.5008			0.5017	0.8841	0.0781	0.5024
v2_fc_ablation_prob_aug_seed7	reports/v2_fc_ablation_prob_aug_seed7/reliability_report.json	ablation	human	prob_aug	eval	7.0000	8.0000	0.7078	fault_detection/train/packet_loss_partial	0.9129	coherence	0.9987	0.4996	0.5000			0.4987	0.9129	0.9987	0.5000
v2_fc_ablation_prob_aug_seed7	reports/v2_fc_ablation_prob_aug_seed7/reliability_report.json	ablation	human	prob_aug	eval	7.0000	8.0000	0.7078	fault_detection/train/sensor_delay	0.4988	coherence	0.9374	0.4033	0.5796			0.5257	0.4988	0.9374	0.5151
v2_fc_ablation_prob_aug_seed7	reports/v2_fc_ablation_prob_aug_seed7/reliability_report.json	ablation	human	prob_aug	eval	7.0000	8.0000	0.7078	fault_detection/train/sensor_delay_jitter	0.4990	coherence	0.9177	0.4029	0.5807			0.5263	0.4990	0.9177	0.5153
v2_fc_ablation_prob_aug_seed7	reports/v2_fc_ablation_prob_aug_seed7/reliability_report.json	ablation	human	prob_aug	eval	7.0000	8.0000	0.7078	fault_detection/train/stuck_imu	0.9659	coherence	1.0000	0.4335	0.5627			0.5331	0.9659	1.0000	0.4876
v2_fc_ablation_prob_aug_seed7	reports/v2_fc_ablation_prob_aug_seed7/reliability_report.json	ablation	human	prob_aug	eval	7.0000	8.0000	0.7078	fault_detection/val/encoder_dropout	0.9339	staleness	0.9339	0.5779	0.5259			0.5581	0.9339	0.4999	0.4787
v2_fc_ablation_prob_aug_seed7	reports/v2_fc_ablation_prob_aug_seed7/reliability_report.json	ablation	human	prob_aug	eval	7.0000	8.0000	0.7078	fault_detection/val/imu_bias	0.5012	logit	0.5169	0.5169	0.4608			0.4871	0.5012	0.4999	0.5129
v2_fc_ablation_prob_aug_seed7	reports/v2_fc_ablation_prob_aug_seed7/reliability_report.json	ablation	human	prob_aug	eval	7.0000	8.0000	0.7078	fault_detection/val/insole_missing	0.8616	staleness	0.8616	0.4518	0.4475			0.4476	0.8616	0.4999	0.3115
v2_fc_ablation_prob_aug_seed7	reports/v2_fc_ablation_prob_aug_seed7/reliability_report.json	ablation	human	prob_aug	eval	7.0000	8.0000	0.7078	fault_detection/val/packet_loss	0.9201	staleness	0.9201	0.4996	0.5002			0.4953	0.9201	0.4757	0.4998
v2_fc_ablation_prob_aug_seed7	reports/v2_fc_ablation_prob_aug_seed7/reliability_report.json	ablation	human	prob_aug	eval	7.0000	8.0000	0.7078	fault_detection/val/packet_loss_burst	0.8983	staleness	0.8983	0.4984	0.5009			0.5015	0.8983	0.0750	0.5047
v2_fc_ablation_prob_aug_seed7	reports/v2_fc_ablation_prob_aug_seed7/reliability_report.json	ablation	human	prob_aug	eval	7.0000	8.0000	0.7078	fault_detection/val/packet_loss_partial	0.9217	coherence	0.9998	0.4994	0.5000			0.4923	0.9217	0.9998	0.4999
v2_fc_ablation_prob_aug_seed7	reports/v2_fc_ablation_prob_aug_seed7/reliability_report.json	ablation	human	prob_aug	eval	7.0000	8.0000	0.7078	fault_detection/val/sensor_delay	0.5009	coherence	0.9529	0.4160	0.5714			0.5244	0.5009	0.9529	0.5135
v2_fc_ablation_prob_aug_seed7	reports/v2_fc_ablation_prob_aug_seed7/reliability_report.json	ablation	human	prob_aug	eval	7.0000	8.0000	0.7078	fault_detection/val/sensor_delay_jitter	0.5012	coherence	0.9277	0.4193	0.5685			0.5403	0.5012	0.9277	0.5115
v2_fc_ablation_prob_aug_seed7	reports/v2_fc_ablation_prob_aug_seed7/reliability_report.json	ablation	human	prob_aug	eval	7.0000	8.0000	0.7078	fault_detection/val/stuck_imu	0.9542	coherence	1.0000	0.4424	0.5548			0.5402	0.9542	1.0000	0.4882
v2_fc_ablation_prob_aug_seed7	reports/v2_fc_ablation_prob_aug_seed7/reliability_report.json	ablation	human	prob_aug	eval	7.0000	8.0000	0.7078	ood_detection/clean	0.6736	epistemic	0.7133	0.5232	0.6973			0.7133	0.5564	0.5624	0.6658
v2_fc_action_human_desired_seed7	reports/v2_fc_action_human_desired_seed7/reliability_report.json	action	human_desired	prob_aug_recon_fc	eval	7.0000	2.0000	1.0809	fault_detection/test_id/encoder_dropout	0.9483	staleness	0.9411	0.6512	0.4546	0.8749	0.8609	0.5493	0.9411	0.4999	0.4946
v2_fc_action_human_desired_seed7	reports/v2_fc_action_human_desired_seed7/reliability_report.json	action	human_desired	prob_aug_recon_fc	eval	7.0000	2.0000	1.0809	fault_detection/test_id/imu_bias	0.5013	logit	0.5312	0.5312	0.4630	0.5048	0.5055	0.4762	0.5021	0.5002	0.5128
v2_fc_action_human_desired_seed7	reports/v2_fc_action_human_desired_seed7/reliability_report.json	action	human_desired	prob_aug_recon_fc	eval	7.0000	2.0000	1.0809	fault_detection/test_id/insole_missing	0.9266	residual	0.9464	0.4862	0.4969	0.9464	0.9329	0.4477	0.8451	0.4999	0.3487
v2_fc_action_human_desired_seed7	reports/v2_fc_action_human_desired_seed7/reliability_report.json	action	human_desired	prob_aug_recon_fc	eval	7.0000	2.0000	1.0809	fault_detection/test_id/packet_loss	0.8686	staleness	0.9370	0.4995	0.5002	0.5010	0.5087	0.4920	0.9370	0.4820	0.5000
v2_fc_action_human_desired_seed7	reports/v2_fc_action_human_desired_seed7/reliability_report.json	action	human_desired	prob_aug_recon_fc	eval	7.0000	2.0000	1.0809	fault_detection/test_id/packet_loss_burst	0.7410	staleness	0.9187	0.4977	0.5013	0.5029	0.5150	0.5030	0.9187	0.0662	0.5004
v2_fc_action_human_desired_seed7	reports/v2_fc_action_human_desired_seed7/reliability_report.json	action	human_desired	prob_aug_recon_fc	eval	7.0000	2.0000	1.0809	fault_detection/test_id/packet_loss_partial	0.9111	coherence	1.0000	0.4995	0.5001	0.5014	0.5081	0.5026	0.9391	1.0000	0.5003
v2_fc_action_human_desired_seed7	reports/v2_fc_action_human_desired_seed7/reliability_report.json	action	human_desired	prob_aug_recon_fc	eval	7.0000	2.0000	1.0809	fault_detection/test_id/sensor_delay	0.8712	coherence	0.9531	0.4614	0.5370	0.5909	0.5802	0.4964	0.4975	0.9531	0.5091
v2_fc_action_human_desired_seed7	reports/v2_fc_action_human_desired_seed7/reliability_report.json	action	human_desired	prob_aug_recon_fc	eval	7.0000	2.0000	1.0809	fault_detection/test_id/sensor_delay_jitter	0.8588	coherence	0.9366	0.4610	0.5396	0.6066	0.5950	0.4981	0.4973	0.9366	0.5118
v2_fc_action_human_desired_seed7	reports/v2_fc_action_human_desired_seed7/reliability_report.json	action	human_desired	prob_aug_recon_fc	eval	7.0000	2.0000	1.0809	fault_detection/test_id/stuck_imu	0.9546	coherence	1.0000	0.4805	0.5300	0.6677	0.6540	0.5105	0.9587	1.0000	0.4930
v2_fc_action_human_desired_seed7	reports/v2_fc_action_human_desired_seed7/reliability_report.json	action	human_desired	prob_aug_recon_fc	eval	7.0000	2.0000	1.0809	fault_detection/test_ood/encoder_dropout	0.8976	staleness	0.9667	0.6435	0.4292	0.6869	0.6737	0.4710	0.9667	0.5006	0.4951
v2_fc_action_human_desired_seed7	reports/v2_fc_action_human_desired_seed7/reliability_report.json	action	human_desired	prob_aug_recon_fc	eval	7.0000	2.0000	1.0809	fault_detection/test_ood/imu_bias	0.5012	logit	0.5455	0.5455	0.4666	0.5059	0.5063	0.4842	0.5020	0.5005	0.5001
v2_fc_action_human_desired_seed7	reports/v2_fc_action_human_desired_seed7/reliability_report.json	action	human_desired	prob_aug_recon_fc	eval	7.0000	2.0000	1.0809	fault_detection/test_ood/insole_missing	0.8595	residual	0.8338	0.4773	0.4462	0.8338	0.8110	0.3868	0.8195	0.5006	0.3599
v2_fc_action_human_desired_seed7	reports/v2_fc_action_human_desired_seed7/reliability_report.json	action	human_desired	prob_aug_recon_fc	eval	7.0000	2.0000	1.0809	fault_detection/test_ood/packet_loss	0.8022	staleness	0.9598	0.4999	0.5002	0.5012	0.5073	0.5100	0.9598	0.4568	0.5003
v2_fc_action_human_desired_seed7	reports/v2_fc_action_human_desired_seed7/reliability_report.json	action	human_desired	prob_aug_recon_fc	eval	7.0000	2.0000	1.0809	fault_detection/test_ood/packet_loss_burst	0.7610	staleness	0.9183	0.5007	0.4992	0.5003	0.5081	0.4923	0.9183	0.0450	0.5011
v2_fc_action_human_desired_seed7	reports/v2_fc_action_human_desired_seed7/reliability_report.json	action	human_desired	prob_aug_recon_fc	eval	7.0000	2.0000	1.0809	fault_detection/test_ood/packet_loss_partial	0.8138	coherence	1.0000	0.5000	0.4994	0.5008	0.5068	0.4920	0.9605	1.0000	0.5004
v2_fc_action_human_desired_seed7	reports/v2_fc_action_human_desired_seed7/reliability_report.json	action	human_desired	prob_aug_recon_fc	eval	7.0000	2.0000	1.0809	fault_detection/test_ood/sensor_delay	0.7460	coherence	0.9890	0.4901	0.5036	0.5296	0.5259	0.5131	0.4980	0.9890	0.5091
v2_fc_action_human_desired_seed7	reports/v2_fc_action_human_desired_seed7/reliability_report.json	action	human_desired	prob_aug_recon_fc	eval	7.0000	2.0000	1.0809	fault_detection/test_ood/sensor_delay_jitter	0.7387	coherence	0.9543	0.4920	0.5043	0.5376	0.5332	0.4913	0.4980	0.9543	0.5070
v2_fc_action_human_desired_seed7	reports/v2_fc_action_human_desired_seed7/reliability_report.json	action	human_desired	prob_aug_recon_fc	eval	7.0000	2.0000	1.0809	fault_detection/test_ood/stuck_imu	0.8403	coherence	1.0000	0.4884	0.5065	0.4627	0.4621	0.5034	0.9939	1.0000	0.4998
v2_fc_action_human_desired_seed7	reports/v2_fc_action_human_desired_seed7/reliability_report.json	action	human_desired	prob_aug_recon_fc	eval	7.0000	2.0000	1.0809	fault_detection/train/encoder_dropout	0.9440	residual	0.9031	0.6088	0.4769	0.9031	0.8888	0.5614	0.9023	0.5000	0.4816
v2_fc_action_human_desired_seed7	reports/v2_fc_action_human_desired_seed7/reliability_report.json	action	human_desired	prob_aug_recon_fc	eval	7.0000	2.0000	1.0809	fault_detection/train/imu_bias	0.5025	logit	0.5283	0.5283	0.4625	0.5030	0.5038	0.4838	0.5008	0.5000	0.5135
v2_fc_action_human_desired_seed7	reports/v2_fc_action_human_desired_seed7/reliability_report.json	action	human_desired	prob_aug_recon_fc	eval	7.0000	2.0000	1.0809	fault_detection/train/insole_missing	0.8777	residual	0.9105	0.4819	0.4754	0.9105	0.8882	0.4418	0.7597	0.5000	0.3938
v2_fc_action_human_desired_seed7	reports/v2_fc_action_human_desired_seed7/reliability_report.json	action	human_desired	prob_aug_recon_fc	eval	7.0000	2.0000	1.0809	fault_detection/train/packet_loss	0.8435	staleness	0.8873	0.4997	0.5001	0.5006	0.5079	0.4971	0.8873	0.4760	0.5000
v2_fc_action_human_desired_seed7	reports/v2_fc_action_human_desired_seed7/reliability_report.json	action	human_desired	prob_aug_recon_fc	eval	7.0000	2.0000	1.0809	fault_detection/train/packet_loss_burst	0.7720	staleness	0.8592	0.4988	0.5010	0.5037	0.5150	0.4972	0.8592	0.0781	0.5015
v2_fc_action_human_desired_seed7	reports/v2_fc_action_human_desired_seed7/reliability_report.json	action	human_desired	prob_aug_recon_fc	eval	7.0000	2.0000	1.0809	fault_detection/train/packet_loss_partial	0.8585	coherence	0.9988	0.4997	0.5001	0.5012	0.5077	0.4989	0.8885	0.9988	0.4999
v2_fc_action_human_desired_seed7	reports/v2_fc_action_human_desired_seed7/reliability_report.json	action	human_desired	prob_aug_recon_fc	eval	7.0000	2.0000	1.0809	fault_detection/train/sensor_delay	0.7497	coherence	0.9374	0.4467	0.5498	0.5814	0.5705	0.4907	0.4989	0.9374	0.5118
v2_fc_action_human_desired_seed7	reports/v2_fc_action_human_desired_seed7/reliability_report.json	action	human_desired	prob_aug_recon_fc	eval	7.0000	2.0000	1.0809	fault_detection/train/sensor_delay_jitter	0.7486	coherence	0.9234	0.4475	0.5511	0.5920	0.5807	0.4960	0.4987	0.9234	0.5126
v2_fc_action_human_desired_seed7	reports/v2_fc_action_human_desired_seed7/reliability_report.json	action	human_desired	prob_aug_recon_fc	eval	7.0000	2.0000	1.0809	fault_detection/train/stuck_imu	0.9454	coherence	1.0000	0.4792	0.5324	0.6562	0.6438	0.5125	0.9429	1.0000	0.4920
v2_fc_action_human_desired_seed7	reports/v2_fc_action_human_desired_seed7/reliability_report.json	action	human_desired	prob_aug_recon_fc	eval	7.0000	2.0000	1.0809	fault_detection/val/encoder_dropout	0.9101	staleness	0.9268	0.6353	0.4935	0.8399	0.8261	0.5762	0.9268	0.4999	0.4873
v2_fc_action_human_desired_seed7	reports/v2_fc_action_human_desired_seed7/reliability_report.json	action	human_desired	prob_aug_recon_fc	eval	7.0000	2.0000	1.0809	fault_detection/val/imu_bias	0.5009	logit	0.5307	0.5307	0.4624	0.5034	0.5040	0.4889	0.5013	0.4999	0.5125
v2_fc_action_human_desired_seed7	reports/v2_fc_action_human_desired_seed7/reliability_report.json	action	human_desired	prob_aug_recon_fc	eval	7.0000	2.0000	1.0809	fault_detection/val/insole_missing	0.8752	residual	0.8930	0.5330	0.4286	0.8930	0.8719	0.4417	0.8504	0.4999	0.3383
v2_fc_action_human_desired_seed7	reports/v2_fc_action_human_desired_seed7/reliability_report.json	action	human_desired	prob_aug_recon_fc	eval	7.0000	2.0000	1.0809	fault_detection/val/packet_loss	0.7921	staleness	0.9239	0.4995	0.5000	0.5009	0.5091	0.5049	0.9239	0.4727	0.5005
v2_fc_action_human_desired_seed7	reports/v2_fc_action_human_desired_seed7/reliability_report.json	action	human_desired	prob_aug_recon_fc	eval	7.0000	2.0000	1.0809	fault_detection/val/packet_loss_burst	0.6667	staleness	0.8991	0.4984	0.5010	0.5036	0.5160	0.5034	0.8991	0.0839	0.5026
v2_fc_action_human_desired_seed7	reports/v2_fc_action_human_desired_seed7/reliability_report.json	action	human_desired	prob_aug_recon_fc	eval	7.0000	2.0000	1.0809	fault_detection/val/packet_loss_partial	0.8745	coherence	0.9997	0.4994	0.5005	0.5014	0.5091	0.4876	0.9248	0.9997	0.5007
v2_fc_action_human_desired_seed7	reports/v2_fc_action_human_desired_seed7/reliability_report.json	action	human_desired	prob_aug_recon_fc	eval	7.0000	2.0000	1.0809	fault_detection/val/sensor_delay	0.8245	coherence	0.9529	0.4572	0.5447	0.5771	0.5683	0.4941	0.5008	0.9529	0.5137
v2_fc_action_human_desired_seed7	reports/v2_fc_action_human_desired_seed7/reliability_report.json	action	human_desired	prob_aug_recon_fc	eval	7.0000	2.0000	1.0809	fault_detection/val/sensor_delay_jitter	0.8193	coherence	0.9444	0.4576	0.5440	0.5876	0.5783	0.5040	0.5010	0.9444	0.5121
v2_fc_action_human_desired_seed7	reports/v2_fc_action_human_desired_seed7/reliability_report.json	action	human_desired	prob_aug_recon_fc	eval	7.0000	2.0000	1.0809	fault_detection/val/stuck_imu	0.9301	coherence	1.0000	0.4850	0.5342	0.6542	0.6420	0.5129	0.9517	1.0000	0.4895
v2_fc_action_human_desired_seed7	reports/v2_fc_action_human_desired_seed7/reliability_report.json	action	human_desired	prob_aug_recon_fc	eval	7.0000	2.0000	1.0809	ood_detection/clean	0.7093	residual	0.7487	0.5454	0.6697	0.7487	0.7397	0.6693	0.5630	0.5624	0.6785
v2_fc_action_human_execution_seed7	reports/v2_fc_action_human_execution_seed7/reliability_report.json	action	human_execution	prob_aug_recon_fc	eval	7.0000	2.0000	1.0785	fault_detection/test_id/encoder_dropout	0.9441	staleness	0.9383	0.6068	0.4760	0.8622	0.8474	0.5219	0.9383	0.4999	0.4961
v2_fc_action_human_execution_seed7	reports/v2_fc_action_human_execution_seed7/reliability_report.json	action	human_execution	prob_aug_recon_fc	eval	7.0000	2.0000	1.0785	fault_detection/test_id/imu_bias	0.5006	logit	0.5326	0.5326	0.4640	0.5066	0.5063	0.4930	0.5020	0.4999	0.5115
v2_fc_action_human_execution_seed7	reports/v2_fc_action_human_execution_seed7/reliability_report.json	action	human_execution	prob_aug_recon_fc	eval	7.0000	2.0000	1.0785	fault_detection/test_id/insole_missing	0.9364	residual	0.9672	0.5276	0.4906	0.9672	0.9570	0.4818	0.8359	0.4999	0.3586
v2_fc_action_human_execution_seed7	reports/v2_fc_action_human_execution_seed7/reliability_report.json	action	human_execution	prob_aug_recon_fc	eval	7.0000	2.0000	1.0785	fault_detection/test_id/packet_loss	0.8810	staleness	0.9391	0.4995	0.5000	0.5008	0.5087	0.4955	0.9391	0.4820	0.4999
v2_fc_action_human_execution_seed7	reports/v2_fc_action_human_execution_seed7/reliability_report.json	action	human_execution	prob_aug_recon_fc	eval	7.0000	2.0000	1.0785	fault_detection/test_id/packet_loss_burst	0.7504	staleness	0.9213	0.4981	0.5015	0.5027	0.5152	0.4975	0.9213	0.0662	0.5000
v2_fc_action_human_execution_seed7	reports/v2_fc_action_human_execution_seed7/reliability_report.json	action	human_execution	prob_aug_recon_fc	eval	7.0000	2.0000	1.0785	fault_detection/test_id/packet_loss_partial	0.9190	coherence	1.0000	0.4995	0.5002	0.5011	0.5084	0.5070	0.9406	1.0000	0.5001
v2_fc_action_human_execution_seed7	reports/v2_fc_action_human_execution_seed7/reliability_report.json	action	human_execution	prob_aug_recon_fc	eval	7.0000	2.0000	1.0785	fault_detection/test_id/sensor_delay	0.8745	coherence	0.9530	0.4585	0.5502	0.5997	0.5880	0.4951	0.4974	0.9530	0.5081
v2_fc_action_human_execution_seed7	reports/v2_fc_action_human_execution_seed7/reliability_report.json	action	human_execution	prob_aug_recon_fc	eval	7.0000	2.0000	1.0785	fault_detection/test_id/sensor_delay_jitter	0.8625	coherence	0.9366	0.4599	0.5498	0.6139	0.6028	0.5129	0.4974	0.9366	0.5103
v2_fc_action_human_execution_seed7	reports/v2_fc_action_human_execution_seed7/reliability_report.json	action	human_execution	prob_aug_recon_fc	eval	7.0000	2.0000	1.0785	fault_detection/test_id/stuck_imu	0.9543	coherence	1.0000	0.4873	0.5380	0.6603	0.6487	0.5306	0.9555	1.0000	0.4942
v2_fc_action_human_execution_seed7	reports/v2_fc_action_human_execution_seed7/reliability_report.json	action	human_execution	prob_aug_recon_fc	eval	7.0000	2.0000	1.0785	fault_detection/test_ood/encoder_dropout	0.8744	staleness	0.9572	0.5828	0.4321	0.6650	0.6499	0.4634	0.9572	0.5004	0.4963
v2_fc_action_human_execution_seed7	reports/v2_fc_action_human_execution_seed7/reliability_report.json	action	human_execution	prob_aug_recon_fc	eval	7.0000	2.0000	1.0785	fault_detection/test_ood/imu_bias	0.5029	logit	0.5521	0.5521	0.4721	0.5059	0.5078	0.4701	0.5022	0.4999	0.4999
v2_fc_action_human_execution_seed7	reports/v2_fc_action_human_execution_seed7/reliability_report.json	action	human_execution	prob_aug_recon_fc	eval	7.0000	2.0000	1.0785	fault_detection/test_ood/insole_missing	0.8696	residual	0.8656	0.4886	0.4735	0.8656	0.8459	0.4086	0.8085	0.5004	0.3803
v2_fc_action_human_execution_seed7	reports/v2_fc_action_human_execution_seed7/reliability_report.json	action	human_execution	prob_aug_recon_fc	eval	7.0000	2.0000	1.0785	fault_detection/test_ood/packet_loss	0.8004	staleness	0.9651	0.4994	0.5002	0.5006	0.5072	0.4954	0.9651	0.4571	0.5007
v2_fc_action_human_execution_seed7	reports/v2_fc_action_human_execution_seed7/reliability_report.json	action	human_execution	prob_aug_recon_fc	eval	7.0000	2.0000	1.0785	fault_detection/test_ood/packet_loss_burst	0.7593	staleness	0.9245	0.4989	0.4993	0.4998	0.5079	0.4846	0.9245	0.0451	0.5010
v2_fc_action_human_execution_seed7	reports/v2_fc_action_human_execution_seed7/reliability_report.json	action	human_execution	prob_aug_recon_fc	eval	7.0000	2.0000	1.0785	fault_detection/test_ood/packet_loss_partial	0.8138	coherence	1.0000	0.4991	0.5006	0.5009	0.5071	0.4988	0.9656	1.0000	0.5008
v2_fc_action_human_execution_seed7	reports/v2_fc_action_human_execution_seed7/reliability_report.json	action	human_execution	prob_aug_recon_fc	eval	7.0000	2.0000	1.0785	fault_detection/test_ood/sensor_delay	0.7612	coherence	0.9890	0.4911	0.5072	0.5327	0.5280	0.5252	0.4981	0.9890	0.5084
v2_fc_action_human_execution_seed7	reports/v2_fc_action_human_execution_seed7/reliability_report.json	action	human_execution	prob_aug_recon_fc	eval	7.0000	2.0000	1.0785	fault_detection/test_ood/sensor_delay_jitter	0.7517	coherence	0.9543	0.4941	0.5069	0.5404	0.5372	0.5206	0.4977	0.9543	0.5070
v2_fc_action_human_execution_seed7	reports/v2_fc_action_human_execution_seed7/reliability_report.json	action	human_execution	prob_aug_recon_fc	eval	7.0000	2.0000	1.0785	fault_detection/test_ood/stuck_imu	0.8267	coherence	1.0000	0.4821	0.5118	0.4606	0.4609	0.4998	0.9913	1.0000	0.4997
v2_fc_action_human_execution_seed7	reports/v2_fc_action_human_execution_seed7/reliability_report.json	action	human_execution	prob_aug_recon_fc	eval	7.0000	2.0000	1.0785	fault_detection/train/encoder_dropout	0.9258	residual	0.8896	0.5769	0.4959	0.8896	0.8751	0.5410	0.8813	0.5000	0.4755
v2_fc_action_human_execution_seed7	reports/v2_fc_action_human_execution_seed7/reliability_report.json	action	human_execution	prob_aug_recon_fc	eval	7.0000	2.0000	1.0785	fault_detection/train/imu_bias	0.5014	logit	0.5319	0.5319	0.4617	0.5046	0.5043	0.4884	0.5008	0.4999	0.5137
v2_fc_action_human_execution_seed7	reports/v2_fc_action_human_execution_seed7/reliability_report.json	action	human_execution	prob_aug_recon_fc	eval	7.0000	2.0000	1.0785	fault_detection/train/insole_missing	0.8946	residual	0.9361	0.5151	0.4792	0.9361	0.9185	0.4770	0.7403	0.5000	0.3851
v2_fc_action_human_execution_seed7	reports/v2_fc_action_human_execution_seed7/reliability_report.json	action	human_execution	prob_aug_recon_fc	eval	7.0000	2.0000	1.0785	fault_detection/train/packet_loss	0.8401	staleness	0.8800	0.4997	0.5000	0.5005	0.5080	0.4972	0.8800	0.4761	0.5001
v2_fc_action_human_execution_seed7	reports/v2_fc_action_human_execution_seed7/reliability_report.json	action	human_execution	prob_aug_recon_fc	eval	7.0000	2.0000	1.0785	fault_detection/train/packet_loss_burst	0.7750	staleness	0.8527	0.4988	0.5012	0.5033	0.5148	0.4975	0.8527	0.0781	0.5019
v2_fc_action_human_execution_seed7	reports/v2_fc_action_human_execution_seed7/reliability_report.json	action	human_execution	prob_aug_recon_fc	eval	7.0000	2.0000	1.0785	fault_detection/train/packet_loss_partial	0.8521	coherence	0.9989	0.4997	0.5000	0.5011	0.5077	0.4986	0.8810	0.9989	0.4999
v2_fc_action_human_execution_seed7	reports/v2_fc_action_human_execution_seed7/reliability_report.json	action	human_execution	prob_aug_recon_fc	eval	7.0000	2.0000	1.0785	fault_detection/train/sensor_delay	0.7426	coherence	0.9374	0.4514	0.5538	0.5898	0.5783	0.5003	0.4990	0.9374	0.5128
v2_fc_action_human_execution_seed7	reports/v2_fc_action_human_execution_seed7/reliability_report.json	action	human_execution	prob_aug_recon_fc	eval	7.0000	2.0000	1.0785	fault_detection/train/sensor_delay_jitter	0.7416	coherence	0.9234	0.4523	0.5554	0.5986	0.5871	0.5046	0.4989	0.9234	0.5135
v2_fc_action_human_execution_seed7	reports/v2_fc_action_human_execution_seed7/reliability_report.json	action	human_execution	prob_aug_recon_fc	eval	7.0000	2.0000	1.0785	fault_detection/train/stuck_imu	0.9375	coherence	1.0000	0.4793	0.5427	0.6531	0.6412	0.5133	0.9269	1.0000	0.4907
v2_fc_action_human_execution_seed7	reports/v2_fc_action_human_execution_seed7/reliability_report.json	action	human_execution	prob_aug_recon_fc	eval	7.0000	2.0000	1.0785	fault_detection/val/encoder_dropout	0.8911	staleness	0.9213	0.5946	0.5209	0.8339	0.8194	0.5520	0.9213	0.4999	0.4896
v2_fc_action_human_execution_seed7	reports/v2_fc_action_human_execution_seed7/reliability_report.json	action	human_execution	prob_aug_recon_fc	eval	7.0000	2.0000	1.0785	fault_detection/val/imu_bias	0.5011	logit	0.5353	0.5353	0.4603	0.5047	0.5044	0.4861	0.5012	0.5000	0.5111
v2_fc_action_human_execution_seed7	reports/v2_fc_action_human_execution_seed7/reliability_report.json	action	human_execution	prob_aug_recon_fc	eval	7.0000	2.0000	1.0785	fault_detection/val/insole_missing	0.8870	residual	0.9172	0.5694	0.4269	0.9172	0.9012	0.4564	0.8415	0.4999	0.3476
v2_fc_action_human_execution_seed7	reports/v2_fc_action_human_execution_seed7/reliability_report.json	action	human_execution	prob_aug_recon_fc	eval	7.0000	2.0000	1.0785	fault_detection/val/packet_loss	0.8058	staleness	0.9268	0.4993	0.5002	0.5006	0.5092	0.4891	0.9268	0.4727	0.5005
v2_fc_action_human_execution_seed7	reports/v2_fc_action_human_execution_seed7/reliability_report.json	action	human_execution	prob_aug_recon_fc	eval	7.0000	2.0000	1.0785	fault_detection/val/packet_loss_burst	0.6799	staleness	0.9025	0.4984	0.5015	0.5037	0.5164	0.5038	0.9025	0.0839	0.5024
v2_fc_action_human_execution_seed7	reports/v2_fc_action_human_execution_seed7/reliability_report.json	action	human_execution	prob_aug_recon_fc	eval	7.0000	2.0000	1.0785	fault_detection/val/packet_loss_partial	0.8753	coherence	0.9997	0.4994	0.5002	0.5016	0.5088	0.4977	0.9275	0.9997	0.5007
v2_fc_action_human_execution_seed7	reports/v2_fc_action_human_execution_seed7/reliability_report.json	action	human_execution	prob_aug_recon_fc	eval	7.0000	2.0000	1.0785	fault_detection/val/sensor_delay	0.8273	coherence	0.9529	0.4617	0.5510	0.5848	0.5746	0.5101	0.5008	0.9529	0.5123
v2_fc_action_human_execution_seed7	reports/v2_fc_action_human_execution_seed7/reliability_report.json	action	human_execution	prob_aug_recon_fc	eval	7.0000	2.0000	1.0785	fault_detection/val/sensor_delay_jitter	0.8225	coherence	0.9444	0.4612	0.5506	0.5937	0.5832	0.5055	0.5009	0.9444	0.5111
v2_fc_action_human_execution_seed7	reports/v2_fc_action_human_execution_seed7/reliability_report.json	action	human_execution	prob_aug_recon_fc	eval	7.0000	2.0000	1.0785	fault_detection/val/stuck_imu	0.9287	coherence	1.0000	0.4881	0.5450	0.6506	0.6393	0.5162	0.9499	1.0000	0.4903
v2_fc_action_human_execution_seed7	reports/v2_fc_action_human_execution_seed7/reliability_report.json	action	human_execution	prob_aug_recon_fc	eval	7.0000	2.0000	1.0785	ood_detection/clean	0.7327	epistemic	0.7368	0.6691	0.7220	0.7284	0.7218	0.7368	0.5651	0.5623	0.6826
v2_fc_action_human_interaction_seed7	reports/v2_fc_action_human_interaction_seed7/reliability_report.json	action	human_interaction	prob_aug_recon_fc	eval	7.0000	2.0000	1.1388	fault_detection/test_id/encoder_dropout	0.9410	staleness	0.9348	0.6665	0.4487	0.8651	0.8503	0.5384	0.9348	0.5000	0.4964
v2_fc_action_human_interaction_seed7	reports/v2_fc_action_human_interaction_seed7/reliability_report.json	action	human_interaction	prob_aug_recon_fc	eval	7.0000	2.0000	1.1388	fault_detection/test_id/imu_bias	0.5057	logit	0.5338	0.5338	0.4670	0.5077	0.5069	0.4843	0.5023	0.5001	0.5115
v2_fc_action_human_interaction_seed7	reports/v2_fc_action_human_interaction_seed7/reliability_report.json	action	human_interaction	prob_aug_recon_fc	eval	7.0000	2.0000	1.1388	fault_detection/test_id/insole_missing	0.9309	residual	0.9616	0.5182	0.4489	0.9616	0.9476	0.4331	0.8262	0.5000	0.3663
v2_fc_action_human_interaction_seed7	reports/v2_fc_action_human_interaction_seed7/reliability_report.json	action	human_interaction	prob_aug_recon_fc	eval	7.0000	2.0000	1.1388	fault_detection/test_id/packet_loss	0.8939	staleness	0.9410	0.5000	0.4999	0.5003	0.5088	0.4955	0.9410	0.4868	0.5000
v2_fc_action_human_interaction_seed7	reports/v2_fc_action_human_interaction_seed7/reliability_report.json	action	human_interaction	prob_aug_recon_fc	eval	7.0000	2.0000	1.1388	fault_detection/test_id/packet_loss_burst	0.7589	staleness	0.9238	0.4980	0.5002	0.5021	0.5149	0.4954	0.9238	0.0667	0.5001
v2_fc_action_human_interaction_seed7	reports/v2_fc_action_human_interaction_seed7/reliability_report.json	action	human_interaction	prob_aug_recon_fc	eval	7.0000	2.0000	1.1388	fault_detection/test_id/packet_loss_partial	0.9143	coherence	1.0000	0.4996	0.4999	0.5017	0.5090	0.5020	0.9418	1.0000	0.4998
v2_fc_action_human_interaction_seed7	reports/v2_fc_action_human_interaction_seed7/reliability_report.json	action	human_interaction	prob_aug_recon_fc	eval	7.0000	2.0000	1.1388	fault_detection/test_id/sensor_delay	0.8723	coherence	0.9530	0.4595	0.5441	0.5963	0.5845	0.5055	0.4975	0.9530	0.5076
v2_fc_action_human_interaction_seed7	reports/v2_fc_action_human_interaction_seed7/reliability_report.json	action	human_interaction	prob_aug_recon_fc	eval	7.0000	2.0000	1.1388	fault_detection/test_id/sensor_delay_jitter	0.8559	coherence	0.9357	0.4601	0.5460	0.6074	0.5957	0.5099	0.4971	0.9357	0.5076
v2_fc_action_human_interaction_seed7	reports/v2_fc_action_human_interaction_seed7/reliability_report.json	action	human_interaction	prob_aug_recon_fc	eval	7.0000	2.0000	1.1388	fault_detection/test_id/stuck_imu	0.9519	coherence	1.0000	0.4882	0.5237	0.6609	0.6477	0.5116	0.9514	1.0000	0.4947
v2_fc_action_human_interaction_seed7	reports/v2_fc_action_human_interaction_seed7/reliability_report.json	action	human_interaction	prob_aug_recon_fc	eval	7.0000	2.0000	1.1388	fault_detection/test_ood/encoder_dropout	0.8749	staleness	0.9473	0.6586	0.4173	0.6573	0.6411	0.4445	0.9473	0.5006	0.4963
v2_fc_action_human_interaction_seed7	reports/v2_fc_action_human_interaction_seed7/reliability_report.json	action	human_interaction	prob_aug_recon_fc	eval	7.0000	2.0000	1.1388	fault_detection/test_ood/imu_bias	0.5038	logit	0.5433	0.5433	0.4743	0.5061	0.5063	0.4886	0.5022	0.5001	0.4999
v2_fc_action_human_interaction_seed7	reports/v2_fc_action_human_interaction_seed7/reliability_report.json	action	human_interaction	prob_aug_recon_fc	eval	7.0000	2.0000	1.1388	fault_detection/test_ood/insole_missing	0.8868	residual	0.8741	0.5485	0.3949	0.8741	0.8526	0.3786	0.7960	0.5006	0.3903
v2_fc_action_human_interaction_seed7	reports/v2_fc_action_human_interaction_seed7/reliability_report.json	action	human_interaction	prob_aug_recon_fc	eval	7.0000	2.0000	1.1388	fault_detection/test_ood/packet_loss	0.7994	staleness	0.9710	0.4998	0.5000	0.4996	0.5075	0.4784	0.9710	0.4559	0.5001
v2_fc_action_human_interaction_seed7	reports/v2_fc_action_human_interaction_seed7/reliability_report.json	action	human_interaction	prob_aug_recon_fc	eval	7.0000	2.0000	1.1388	fault_detection/test_ood/packet_loss_burst	0.7606	staleness	0.9293	0.5003	0.4989	0.5002	0.5095	0.4924	0.9293	0.0448	0.5016
v2_fc_action_human_interaction_seed7	reports/v2_fc_action_human_interaction_seed7/reliability_report.json	action	human_interaction	prob_aug_recon_fc	eval	7.0000	2.0000	1.1388	fault_detection/test_ood/packet_loss_partial	0.8081	coherence	1.0000	0.5001	0.4999	0.5009	0.5076	0.4875	0.9705	1.0000	0.5009
v2_fc_action_human_interaction_seed7	reports/v2_fc_action_human_interaction_seed7/reliability_report.json	action	human_interaction	prob_aug_recon_fc	eval	7.0000	2.0000	1.1388	fault_detection/test_ood/sensor_delay	0.7432	coherence	0.9890	0.4867	0.5066	0.5428	0.5350	0.5149	0.4982	0.9890	0.5088
v2_fc_action_human_interaction_seed7	reports/v2_fc_action_human_interaction_seed7/reliability_report.json	action	human_interaction	prob_aug_recon_fc	eval	7.0000	2.0000	1.1388	fault_detection/test_ood/sensor_delay_jitter	0.7387	coherence	0.9683	0.4903	0.5080	0.5479	0.5396	0.5138	0.4976	0.9683	0.5083
v2_fc_action_human_interaction_seed7	reports/v2_fc_action_human_interaction_seed7/reliability_report.json	action	human_interaction	prob_aug_recon_fc	eval	7.0000	2.0000	1.1388	fault_detection/test_ood/stuck_imu	0.8208	coherence	1.0000	0.4846	0.5033	0.4512	0.4527	0.5152	0.9895	1.0000	0.4994
v2_fc_action_human_interaction_seed7	reports/v2_fc_action_human_interaction_seed7/reliability_report.json	action	human_interaction	prob_aug_recon_fc	eval	7.0000	2.0000	1.1388	fault_detection/train/encoder_dropout	0.9219	residual	0.8913	0.6202	0.4621	0.8913	0.8773	0.5447	0.8632	0.5000	0.4747
v2_fc_action_human_interaction_seed7	reports/v2_fc_action_human_interaction_seed7/reliability_report.json	action	human_interaction	prob_aug_recon_fc	eval	7.0000	2.0000	1.1388	fault_detection/train/imu_bias	0.5022	logit	0.5291	0.5291	0.4684	0.5051	0.5048	0.4873	0.5006	0.5000	0.5139
v2_fc_action_human_interaction_seed7	reports/v2_fc_action_human_interaction_seed7/reliability_report.json	action	human_interaction	prob_aug_recon_fc	eval	7.0000	2.0000	1.1388	fault_detection/train/insole_missing	0.8724	residual	0.9227	0.5072	0.4367	0.9227	0.9021	0.4277	0.7268	0.5000	0.3876
v2_fc_action_human_interaction_seed7	reports/v2_fc_action_human_interaction_seed7/reliability_report.json	action	human_interaction	prob_aug_recon_fc	eval	7.0000	2.0000	1.1388	fault_detection/train/packet_loss	0.8374	staleness	0.8776	0.4998	0.4999	0.5006	0.5082	0.4973	0.8776	0.4760	0.5001
v2_fc_action_human_interaction_seed7	reports/v2_fc_action_human_interaction_seed7/reliability_report.json	action	human_interaction	prob_aug_recon_fc	eval	7.0000	2.0000	1.1388	fault_detection/train/packet_loss_burst	0.7758	staleness	0.8507	0.4991	0.5006	0.5032	0.5150	0.4990	0.8507	0.0781	0.5019
v2_fc_action_human_interaction_seed7	reports/v2_fc_action_human_interaction_seed7/reliability_report.json	action	human_interaction	prob_aug_recon_fc	eval	7.0000	2.0000	1.1388	fault_detection/train/packet_loss_partial	0.8461	coherence	0.9988	0.4997	0.5000	0.5011	0.5079	0.4980	0.8785	0.9988	0.5000
v2_fc_action_human_interaction_seed7	reports/v2_fc_action_human_interaction_seed7/reliability_report.json	action	human_interaction	prob_aug_recon_fc	eval	7.0000	2.0000	1.1388	fault_detection/train/sensor_delay	0.7404	coherence	0.9374	0.4500	0.5528	0.5938	0.5819	0.4961	0.4991	0.9374	0.5127
v2_fc_action_human_interaction_seed7	reports/v2_fc_action_human_interaction_seed7/reliability_report.json	action	human_interaction	prob_aug_recon_fc	eval	7.0000	2.0000	1.1388	fault_detection/train/sensor_delay_jitter	0.7390	coherence	0.9224	0.4500	0.5556	0.6020	0.5901	0.5018	0.4990	0.9224	0.5141
v2_fc_action_human_interaction_seed7	reports/v2_fc_action_human_interaction_seed7/reliability_report.json	action	human_interaction	prob_aug_recon_fc	eval	7.0000	2.0000	1.1388	fault_detection/train/stuck_imu	0.9280	coherence	1.0000	0.4762	0.5324	0.6537	0.6411	0.5106	0.9116	1.0000	0.4907
v2_fc_action_human_interaction_seed7	reports/v2_fc_action_human_interaction_seed7/reliability_report.json	action	human_interaction	prob_aug_recon_fc	eval	7.0000	2.0000	1.1388	fault_detection/val/encoder_dropout	0.8857	staleness	0.9157	0.6351	0.4846	0.8334	0.8206	0.5623	0.9157	0.5000	0.4902
v2_fc_action_human_interaction_seed7	reports/v2_fc_action_human_interaction_seed7/reliability_report.json	action	human_interaction	prob_aug_recon_fc	eval	7.0000	2.0000	1.1388	fault_detection/val/imu_bias	0.5028	logit	0.5360	0.5360	0.4666	0.5048	0.5048	0.4885	0.5011	0.4999	0.5113
v2_fc_action_human_interaction_seed7	reports/v2_fc_action_human_interaction_seed7/reliability_report.json	action	human_interaction	prob_aug_recon_fc	eval	7.0000	2.0000	1.1388	fault_detection/val/insole_missing	0.8733	residual	0.9175	0.5557	0.4139	0.9175	0.9002	0.4228	0.8327	0.5000	0.3558
v2_fc_action_human_interaction_seed7	reports/v2_fc_action_human_interaction_seed7/reliability_report.json	action	human_interaction	prob_aug_recon_fc	eval	7.0000	2.0000	1.1388	fault_detection/val/packet_loss	0.8261	staleness	0.9290	0.4998	0.5001	0.5010	0.5098	0.4983	0.9290	0.4783	0.5007
v2_fc_action_human_interaction_seed7	reports/v2_fc_action_human_interaction_seed7/reliability_report.json	action	human_interaction	prob_aug_recon_fc	eval	7.0000	2.0000	1.1388	fault_detection/val/packet_loss_burst	0.6977	staleness	0.9062	0.4988	0.5005	0.5028	0.5167	0.4984	0.9062	0.0832	0.5025
v2_fc_action_human_interaction_seed7	reports/v2_fc_action_human_interaction_seed7/reliability_report.json	action	human_interaction	prob_aug_recon_fc	eval	7.0000	2.0000	1.1388	fault_detection/val/packet_loss_partial	0.8781	coherence	0.9996	0.4995	0.5000	0.5009	0.5093	0.5006	0.9308	0.9996	0.5007
v2_fc_action_human_interaction_seed7	reports/v2_fc_action_human_interaction_seed7/reliability_report.json	action	human_interaction	prob_aug_recon_fc	eval	7.0000	2.0000	1.1388	fault_detection/val/sensor_delay	0.8291	coherence	0.9529	0.4589	0.5466	0.5904	0.5803	0.5073	0.5006	0.9529	0.5120
v2_fc_action_human_interaction_seed7	reports/v2_fc_action_human_interaction_seed7/reliability_report.json	action	human_interaction	prob_aug_recon_fc	eval	7.0000	2.0000	1.1388	fault_detection/val/sensor_delay_jitter	0.8213	coherence	0.9418	0.4589	0.5467	0.5986	0.5885	0.5060	0.5008	0.9418	0.5131
v2_fc_action_human_interaction_seed7	reports/v2_fc_action_human_interaction_seed7/reliability_report.json	action	human_interaction	prob_aug_recon_fc	eval	7.0000	2.0000	1.1388	fault_detection/val/stuck_imu	0.9278	coherence	1.0000	0.4876	0.5302	0.6581	0.6451	0.5122	0.9469	1.0000	0.4908
v2_fc_action_human_interaction_seed7	reports/v2_fc_action_human_interaction_seed7/reliability_report.json	action	human_interaction	prob_aug_recon_fc	eval	7.0000	2.0000	1.1388	ood_detection/clean	0.7376	residual	0.7854	0.5950	0.6996	0.7854	0.7737	0.7581	0.5662	0.5623	0.6853
v2_fc_action_human_measured_seed7	reports/v2_fc_action_human_measured_seed7/reliability_report.json	action	human_measured	prob_aug_recon_fc	eval	7.0000	2.0000	0.9867	fault_detection/test_id/encoder_dropout	0.9508	staleness	0.9436	0.6365	0.4909	0.8714	0.8572	0.5584	0.9436	0.4999	0.4967
v2_fc_action_human_measured_seed7	reports/v2_fc_action_human_measured_seed7/reliability_report.json	action	human_measured	prob_aug_recon_fc	eval	7.0000	2.0000	0.9867	fault_detection/test_id/imu_bias	0.5031	logit	0.5313	0.5313	0.4608	0.5089	0.5085	0.4783	0.5021	0.5002	0.5100
v2_fc_action_human_measured_seed7	reports/v2_fc_action_human_measured_seed7/reliability_report.json	action	human_measured	prob_aug_recon_fc	eval	7.0000	2.0000	0.9867	fault_detection/test_id/insole_missing	0.9128	residual	0.9418	0.4811	0.4912	0.9418	0.9264	0.4459	0.8522	0.4999	0.3729
v2_fc_action_human_measured_seed7	reports/v2_fc_action_human_measured_seed7/reliability_report.json	action	human_measured	prob_aug_recon_fc	eval	7.0000	2.0000	0.9867	fault_detection/test_id/packet_loss	0.8844	staleness	0.9396	0.4995	0.5001	0.5006	0.5080	0.4910	0.9396	0.4820	0.4999
v2_fc_action_human_measured_seed7	reports/v2_fc_action_human_measured_seed7/reliability_report.json	action	human_measured	prob_aug_recon_fc	eval	7.0000	2.0000	0.9867	fault_detection/test_id/packet_loss_burst	0.7550	staleness	0.9223	0.4981	0.5009	0.5025	0.5143	0.4968	0.9223	0.0662	0.5002
v2_fc_action_human_measured_seed7	reports/v2_fc_action_human_measured_seed7/reliability_report.json	action	human_measured	prob_aug_recon_fc	eval	7.0000	2.0000	0.9867	fault_detection/test_id/packet_loss_partial	0.9194	coherence	1.0000	0.4993	0.4999	0.5012	0.5078	0.5022	0.9412	1.0000	0.5000
v2_fc_action_human_measured_seed7	reports/v2_fc_action_human_measured_seed7/reliability_report.json	action	human_measured	prob_aug_recon_fc	eval	7.0000	2.0000	0.9867	fault_detection/test_id/sensor_delay	0.8774	coherence	0.9531	0.4602	0.5438	0.5910	0.5805	0.5026	0.4969	0.9531	0.5069
v2_fc_action_human_measured_seed7	reports/v2_fc_action_human_measured_seed7/reliability_report.json	action	human_measured	prob_aug_recon_fc	eval	7.0000	2.0000	0.9867	fault_detection/test_id/sensor_delay_jitter	0.8633	coherence	0.9366	0.4612	0.5449	0.6043	0.5935	0.5048	0.4970	0.9366	0.5094
v2_fc_action_human_measured_seed7	reports/v2_fc_action_human_measured_seed7/reliability_report.json	action	human_measured	prob_aug_recon_fc	eval	7.0000	2.0000	0.9867	fault_detection/test_id/stuck_imu	0.9608	coherence	1.0000	0.4877	0.5226	0.6585	0.6467	0.5166	0.9623	1.0000	0.4954
v2_fc_action_human_measured_seed7	reports/v2_fc_action_human_measured_seed7/reliability_report.json	action	human_measured	prob_aug_recon_fc	eval	7.0000	2.0000	0.9867	fault_detection/test_ood/encoder_dropout	0.9001	staleness	0.9758	0.6026	0.4576	0.6580	0.6477	0.4388	0.9758	0.5006	0.4971
v2_fc_action_human_measured_seed7	reports/v2_fc_action_human_measured_seed7/reliability_report.json	action	human_measured	prob_aug_recon_fc	eval	7.0000	2.0000	0.9867	fault_detection/test_ood/imu_bias	0.5057	logit	0.5526	0.5526	0.4611	0.5061	0.5076	0.4640	0.5019	0.5005	0.5002
v2_fc_action_human_measured_seed7	reports/v2_fc_action_human_measured_seed7/reliability_report.json	action	human_measured	prob_aug_recon_fc	eval	7.0000	2.0000	0.9867	fault_detection/test_ood/insole_missing	0.8496	staleness	0.8340	0.4468	0.4199	0.8285	0.8028	0.3898	0.8340	0.5006	0.4013
v2_fc_action_human_measured_seed7	reports/v2_fc_action_human_measured_seed7/reliability_report.json	action	human_measured	prob_aug_recon_fc	eval	7.0000	2.0000	0.9867	fault_detection/test_ood/packet_loss	0.8153	staleness	0.9685	0.4994	0.5000	0.5004	0.5081	0.4993	0.9685	0.4568	0.5008
v2_fc_action_human_measured_seed7	reports/v2_fc_action_human_measured_seed7/reliability_report.json	action	human_measured	prob_aug_recon_fc	eval	7.0000	2.0000	0.9867	fault_detection/test_ood/packet_loss_burst	0.7716	staleness	0.9289	0.4994	0.5002	0.5012	0.5101	0.5056	0.9289	0.0450	0.5018
v2_fc_action_human_measured_seed7	reports/v2_fc_action_human_measured_seed7/reliability_report.json	action	human_measured	prob_aug_recon_fc	eval	7.0000	2.0000	0.9867	fault_detection/test_ood/packet_loss_partial	0.8272	coherence	1.0000	0.4995	0.5001	0.5012	0.5071	0.4804	0.9692	1.0000	0.5000
v2_fc_action_human_measured_seed7	reports/v2_fc_action_human_measured_seed7/reliability_report.json	action	human_measured	prob_aug_recon_fc	eval	7.0000	2.0000	0.9867	fault_detection/test_ood/sensor_delay	0.7683	coherence	0.9890	0.4889	0.5022	0.5335	0.5298	0.4960	0.4979	0.9890	0.5090
v2_fc_action_human_measured_seed7	reports/v2_fc_action_human_measured_seed7/reliability_report.json	action	human_measured	prob_aug_recon_fc	eval	7.0000	2.0000	0.9867	fault_detection/test_ood/sensor_delay_jitter	0.7576	coherence	0.9543	0.4928	0.5016	0.5417	0.5373	0.5010	0.4980	0.9543	0.5075
v2_fc_action_human_measured_seed7	reports/v2_fc_action_human_measured_seed7/reliability_report.json	action	human_measured	prob_aug_recon_fc	eval	7.0000	2.0000	0.9867	fault_detection/test_ood/stuck_imu	0.8563	coherence	1.0000	0.4887	0.5045	0.4643	0.4650	0.5009	0.9967	1.0000	0.5000
v2_fc_action_human_measured_seed7	reports/v2_fc_action_human_measured_seed7/reliability_report.json	action	human_measured	prob_aug_recon_fc	eval	7.0000	2.0000	0.9867	fault_detection/train/encoder_dropout	0.9471	staleness	0.9191	0.5935	0.5194	0.8969	0.8833	0.5717	0.9191	0.5000	0.4753
v2_fc_action_human_measured_seed7	reports/v2_fc_action_human_measured_seed7/reliability_report.json	action	human_measured	prob_aug_recon_fc	eval	7.0000	2.0000	0.9867	fault_detection/train/imu_bias	0.5029	logit	0.5298	0.5298	0.4588	0.5060	0.5060	0.4781	0.5008	0.5000	0.5124
v2_fc_action_human_measured_seed7	reports/v2_fc_action_human_measured_seed7/reliability_report.json	action	human_measured	prob_aug_recon_fc	eval	7.0000	2.0000	0.9867	fault_detection/train/insole_missing	0.8699	residual	0.8959	0.4769	0.4718	0.8959	0.8711	0.4337	0.7794	0.5000	0.3882
v2_fc_action_human_measured_seed7	reports/v2_fc_action_human_measured_seed7/reliability_report.json	action	human_measured	prob_aug_recon_fc	eval	7.0000	2.0000	0.9867	fault_detection/train/packet_loss	0.8628	staleness	0.9047	0.4997	0.5001	0.5006	0.5077	0.4962	0.9047	0.4760	0.5001
v2_fc_action_human_measured_seed7	reports/v2_fc_action_human_measured_seed7/reliability_report.json	action	human_measured	prob_aug_recon_fc	eval	7.0000	2.0000	0.9867	fault_detection/train/packet_loss_burst	0.7869	staleness	0.8776	0.4988	0.5011	0.5034	0.5143	0.4961	0.8776	0.0781	0.5019
v2_fc_action_human_measured_seed7	reports/v2_fc_action_human_measured_seed7/reliability_report.json	action	human_measured	prob_aug_recon_fc	eval	7.0000	2.0000	0.9867	fault_detection/train/packet_loss_partial	0.8789	coherence	0.9988	0.4997	0.5002	0.5011	0.5074	0.4958	0.9062	0.9988	0.5000
v2_fc_action_human_measured_seed7	reports/v2_fc_action_human_measured_seed7/reliability_report.json	action	human_measured	prob_aug_recon_fc	eval	7.0000	2.0000	0.9867	fault_detection/train/sensor_delay	0.7799	coherence	0.9374	0.4481	0.5535	0.5853	0.5741	0.4957	0.4989	0.9374	0.5121
v2_fc_action_human_measured_seed7	reports/v2_fc_action_human_measured_seed7/reliability_report.json	action	human_measured	prob_aug_recon_fc	eval	7.0000	2.0000	0.9867	fault_detection/train/sensor_delay_jitter	0.7767	coherence	0.9234	0.4487	0.5556	0.5943	0.5830	0.5017	0.4987	0.9234	0.5127
v2_fc_action_human_measured_seed7	reports/v2_fc_action_human_measured_seed7/reliability_report.json	action	human_measured	prob_aug_recon_fc	eval	7.0000	2.0000	0.9867	fault_detection/train/stuck_imu	0.9531	coherence	1.0000	0.4818	0.5271	0.6590	0.6461	0.5113	0.9544	1.0000	0.4911
v2_fc_action_human_measured_seed7	reports/v2_fc_action_human_measured_seed7/reliability_report.json	action	human_measured	prob_aug_recon_fc	eval	7.0000	2.0000	0.9867	fault_detection/val/encoder_dropout	0.9152	staleness	0.9306	0.6230	0.5405	0.8401	0.8270	0.5940	0.9306	0.4999	0.4917
v2_fc_action_human_measured_seed7	reports/v2_fc_action_human_measured_seed7/reliability_report.json	action	human_measured	prob_aug_recon_fc	eval	7.0000	2.0000	0.9867	fault_detection/val/imu_bias	0.5030	logit	0.5305	0.5305	0.4628	0.5057	0.5058	0.4942	0.5014	0.4999	0.5102
v2_fc_action_human_measured_seed7	reports/v2_fc_action_human_measured_seed7/reliability_report.json	action	human_measured	prob_aug_recon_fc	eval	7.0000	2.0000	0.9867	fault_detection/val/insole_missing	0.8455	residual	0.8842	0.5195	0.4364	0.8842	0.8627	0.4478	0.8568	0.4999	0.3630
v2_fc_action_human_measured_seed7	reports/v2_fc_action_human_measured_seed7/reliability_report.json	action	human_measured	prob_aug_recon_fc	eval	7.0000	2.0000	0.9867	fault_detection/val/packet_loss	0.8071	staleness	0.9269	0.4995	0.5000	0.5008	0.5090	0.4900	0.9269	0.4727	0.5003
v2_fc_action_human_measured_seed7	reports/v2_fc_action_human_measured_seed7/reliability_report.json	action	human_measured	prob_aug_recon_fc	eval	7.0000	2.0000	0.9867	fault_detection/val/packet_loss_burst	0.6826	staleness	0.9022	0.4985	0.5012	0.5040	0.5158	0.5051	0.9022	0.0839	0.5025
v2_fc_action_human_measured_seed7	reports/v2_fc_action_human_measured_seed7/reliability_report.json	action	human_measured	prob_aug_recon_fc	eval	7.0000	2.0000	0.9867	fault_detection/val/packet_loss_partial	0.8823	coherence	0.9997	0.4993	0.5001	0.5017	0.5088	0.5003	0.9277	0.9997	0.5005
v2_fc_action_human_measured_seed7	reports/v2_fc_action_human_measured_seed7/reliability_report.json	action	human_measured	prob_aug_recon_fc	eval	7.0000	2.0000	0.9867	fault_detection/val/sensor_delay	0.8324	coherence	0.9529	0.4579	0.5426	0.5825	0.5735	0.4944	0.5014	0.9529	0.5110
v2_fc_action_human_measured_seed7	reports/v2_fc_action_human_measured_seed7/reliability_report.json	action	human_measured	prob_aug_recon_fc	eval	7.0000	2.0000	0.9867	fault_detection/val/sensor_delay_jitter	0.8267	coherence	0.9444	0.4577	0.5437	0.5896	0.5811	0.4969	0.5017	0.9444	0.5103
v2_fc_action_human_measured_seed7	reports/v2_fc_action_human_measured_seed7/reliability_report.json	action	human_measured	prob_aug_recon_fc	eval	7.0000	2.0000	0.9867	fault_detection/val/stuck_imu	0.9343	coherence	1.0000	0.4931	0.5219	0.6523	0.6407	0.5164	0.9530	1.0000	0.4916
v2_fc_action_human_measured_seed7	reports/v2_fc_action_human_measured_seed7/reliability_report.json	action	human_measured	prob_aug_recon_fc	eval	7.0000	2.0000	0.9867	ood_detection/clean	0.7028	residual	0.7451	0.6086	0.6922	0.7451	0.7348	0.7075	0.5598	0.5624	0.6856
v2_fc_baseline_det_seed13	reports/v2_fc_baseline_det_seed13/reliability_report.json	baseline	human	det_noaug	eval	13.0000	8.0000	0.4849	fault_detection/test_id/encoder_dropout	0.9455	staleness	0.9460	0.6401	0.4879			0.4076	0.9460	0.5000	0.4827
v2_fc_baseline_det_seed13	reports/v2_fc_baseline_det_seed13/reliability_report.json	baseline	human	det_noaug	eval	13.0000	8.0000	0.4849	fault_detection/test_id/imu_bias	0.5387	logit	0.5506	0.5506	0.4466			0.5008	0.5023	0.4999	0.5139
v2_fc_baseline_det_seed13	reports/v2_fc_baseline_det_seed13/reliability_report.json	baseline	human	det_noaug	eval	13.0000	8.0000	0.4849	fault_detection/test_id/insole_missing	0.7859	staleness	0.8592	0.7722	0.4156			0.2835	0.8592	0.5000	0.3174
v2_fc_baseline_det_seed13	reports/v2_fc_baseline_det_seed13/reliability_report.json	baseline	human	det_noaug	eval	13.0000	8.0000	0.4849	fault_detection/test_id/packet_loss	0.8907	staleness	0.9377	0.4997	0.5003			0.5051	0.9377	0.4846	0.4999
v2_fc_baseline_det_seed13	reports/v2_fc_baseline_det_seed13/reliability_report.json	baseline	human	det_noaug	eval	13.0000	8.0000	0.4849	fault_detection/test_id/packet_loss_burst	0.7960	staleness	0.9198	0.4988	0.5012			0.5004	0.9198	0.0508	0.5016
v2_fc_baseline_det_seed13	reports/v2_fc_baseline_det_seed13/reliability_report.json	baseline	human	det_noaug	eval	13.0000	8.0000	0.4849	fault_detection/test_id/packet_loss_partial	0.9423	coherence	1.0000	0.4995	0.5001			0.4956	0.9392	1.0000	0.5001
v2_fc_baseline_det_seed13	reports/v2_fc_baseline_det_seed13/reliability_report.json	baseline	human	det_noaug	eval	13.0000	8.0000	0.4849	fault_detection/test_id/sensor_delay	0.8643	coherence	0.9531	0.4878	0.4928			0.5014	0.4970	0.9531	0.5089
v2_fc_baseline_det_seed13	reports/v2_fc_baseline_det_seed13/reliability_report.json	baseline	human	det_noaug	eval	13.0000	8.0000	0.4849	fault_detection/test_id/sensor_delay_jitter	0.8310	coherence	0.9237	0.4861	0.4874			0.5000	0.4975	0.9237	0.5144
v2_fc_baseline_det_seed13	reports/v2_fc_baseline_det_seed13/reliability_report.json	baseline	human	det_noaug	eval	13.0000	8.0000	0.4849	fault_detection/test_id/stuck_imu	0.9653	coherence	1.0000	0.4963	0.5479			0.5541	0.9651	1.0000	0.4926
v2_fc_baseline_det_seed13	reports/v2_fc_baseline_det_seed13/reliability_report.json	baseline	human	det_noaug	eval	13.0000	8.0000	0.4849	fault_detection/test_ood/encoder_dropout	0.9750	staleness	0.9814	0.6467	0.4818			0.2058	0.9814	0.5006	0.4887
v2_fc_baseline_det_seed13	reports/v2_fc_baseline_det_seed13/reliability_report.json	baseline	human	det_noaug	eval	13.0000	8.0000	0.4849	fault_detection/test_ood/imu_bias	0.5506	logit	0.5633	0.5633	0.4329			0.4941	0.5026	0.4997	0.5005
v2_fc_baseline_det_seed13	reports/v2_fc_baseline_det_seed13/reliability_report.json	baseline	human	det_noaug	eval	13.0000	8.0000	0.4849	fault_detection/test_ood/insole_missing	0.8319	staleness	0.8432	0.7845	0.4590			0.2179	0.8432	0.5006	0.2920
v2_fc_baseline_det_seed13	reports/v2_fc_baseline_det_seed13/reliability_report.json	baseline	human	det_noaug	eval	13.0000	8.0000	0.4849	fault_detection/test_ood/packet_loss	0.8989	staleness	0.9626	0.4996	0.5004			0.5094	0.9626	0.4587	0.4996
v2_fc_baseline_det_seed13	reports/v2_fc_baseline_det_seed13/reliability_report.json	baseline	human	det_noaug	eval	13.0000	8.0000	0.4849	fault_detection/test_ood/packet_loss_burst	0.8297	staleness	0.9238	0.5015	0.4992			0.5087	0.9238	0.0452	0.4997
v2_fc_baseline_det_seed13	reports/v2_fc_baseline_det_seed13/reliability_report.json	baseline	human	det_noaug	eval	13.0000	8.0000	0.4849	fault_detection/test_ood/packet_loss_partial	0.9835	coherence	0.9999	0.5000	0.4999			0.5150	0.9618	0.9999	0.5006
v2_fc_baseline_det_seed13	reports/v2_fc_baseline_det_seed13/reliability_report.json	baseline	human	det_noaug	eval	13.0000	8.0000	0.4849	fault_detection/test_ood/sensor_delay	0.9383	coherence	0.9890	0.5249	0.5001			0.4567	0.4984	0.9890	0.5042
v2_fc_baseline_det_seed13	reports/v2_fc_baseline_det_seed13/reliability_report.json	baseline	human	det_noaug	eval	13.0000	8.0000	0.4849	fault_detection/test_ood/sensor_delay_jitter	0.8806	coherence	0.9526	0.5194	0.4975			0.4884	0.4980	0.9526	0.5061
v2_fc_baseline_det_seed13	reports/v2_fc_baseline_det_seed13/reliability_report.json	baseline	human	det_noaug	eval	13.0000	8.0000	0.4849	fault_detection/test_ood/stuck_imu	0.9972	coherence	1.0000	0.4983	0.4944			0.5380	0.9972	1.0000	0.5000
v2_fc_baseline_det_seed13	reports/v2_fc_baseline_det_seed13/reliability_report.json	baseline	human	det_noaug	eval	13.0000	8.0000	0.4849	fault_detection/train/encoder_dropout	0.9378	staleness	0.9382	0.6084	0.4590			0.3902	0.9382	0.5000	0.4602
v2_fc_baseline_det_seed13	reports/v2_fc_baseline_det_seed13/reliability_report.json	baseline	human	det_noaug	eval	13.0000	8.0000	0.4849	fault_detection/train/imu_bias	0.5273	logit	0.5449	0.5449	0.4325			0.4843	0.5010	0.4999	0.5187
v2_fc_baseline_det_seed13	reports/v2_fc_baseline_det_seed13/reliability_report.json	baseline	human	det_noaug	eval	13.0000	8.0000	0.4849	fault_detection/train/insole_missing	0.7460	staleness	0.8029	0.7231	0.3619			0.3020	0.8029	0.5000	0.3667
v2_fc_baseline_det_seed13	reports/v2_fc_baseline_det_seed13/reliability_report.json	baseline	human	det_noaug	eval	13.0000	8.0000	0.4849	fault_detection/train/packet_loss	0.8844	staleness	0.9117	0.4998	0.5001			0.4990	0.9117	0.4748	0.5002
v2_fc_baseline_det_seed13	reports/v2_fc_baseline_det_seed13/reliability_report.json	baseline	human	det_noaug	eval	13.0000	8.0000	0.4849	fault_detection/train/packet_loss_burst	0.8218	staleness	0.8846	0.4991	0.5003			0.5046	0.8846	0.0802	0.5034
v2_fc_baseline_det_seed13	reports/v2_fc_baseline_det_seed13/reliability_report.json	baseline	human	det_noaug	eval	13.0000	8.0000	0.4849	fault_detection/train/packet_loss_partial	0.9219	coherence	0.9988	0.4997	0.5002			0.5021	0.9142	0.9988	0.5002
v2_fc_baseline_det_seed13	reports/v2_fc_baseline_det_seed13/reliability_report.json	baseline	human	det_noaug	eval	13.0000	8.0000	0.4849	fault_detection/train/sensor_delay	0.7900	coherence	0.9374	0.4784	0.4772			0.4772	0.4987	0.9374	0.5152
v2_fc_baseline_det_seed13	reports/v2_fc_baseline_det_seed13/reliability_report.json	baseline	human	det_noaug	eval	13.0000	8.0000	0.4849	fault_detection/train/sensor_delay_jitter	0.7770	coherence	0.9217	0.4749	0.4756			0.4816	0.4986	0.9217	0.5160
v2_fc_baseline_det_seed13	reports/v2_fc_baseline_det_seed13/reliability_report.json	baseline	human	det_noaug	eval	13.0000	8.0000	0.4849	fault_detection/train/stuck_imu	0.9670	coherence	1.0000	0.4671	0.5179			0.5309	0.9665	1.0000	0.4872
v2_fc_baseline_det_seed13	reports/v2_fc_baseline_det_seed13/reliability_report.json	baseline	human	det_noaug	eval	13.0000	8.0000	0.4849	fault_detection/val/encoder_dropout	0.9007	staleness	0.9348	0.6506	0.3586			0.4394	0.9348	0.5000	0.4796
v2_fc_baseline_det_seed13	reports/v2_fc_baseline_det_seed13/reliability_report.json	baseline	human	det_noaug	eval	13.0000	8.0000	0.4849	fault_detection/val/imu_bias	0.5349	logit	0.5488	0.5488	0.4191			0.4916	0.5016	0.5000	0.5136
v2_fc_baseline_det_seed13	reports/v2_fc_baseline_det_seed13/reliability_report.json	baseline	human	det_noaug	eval	13.0000	8.0000	0.4849	fault_detection/val/insole_missing	0.7736	staleness	0.8634	0.7775	0.3004			0.2713	0.8634	0.5000	0.3113
v2_fc_baseline_det_seed13	reports/v2_fc_baseline_det_seed13/reliability_report.json	baseline	human	det_noaug	eval	13.0000	8.0000	0.4849	fault_detection/val/packet_loss	0.7979	staleness	0.9207	0.4997	0.4999			0.4957	0.9207	0.4844	0.5001
v2_fc_baseline_det_seed13	reports/v2_fc_baseline_det_seed13/reliability_report.json	baseline	human	det_noaug	eval	13.0000	8.0000	0.4849	fault_detection/val/packet_loss_burst	0.7439	staleness	0.8997	0.4991	0.5006			0.5091	0.8997	0.0855	0.5039
v2_fc_baseline_det_seed13	reports/v2_fc_baseline_det_seed13/reliability_report.json	baseline	human	det_noaug	eval	13.0000	8.0000	0.4849	fault_detection/val/packet_loss_partial	0.9423	coherence	0.9995	0.4995	0.5008			0.5024	0.9227	0.9995	0.5005
v2_fc_baseline_det_seed13	reports/v2_fc_baseline_det_seed13/reliability_report.json	baseline	human	det_noaug	eval	13.0000	8.0000	0.4849	fault_detection/val/sensor_delay	0.8544	coherence	0.9529	0.4817	0.5003			0.4828	0.5009	0.9529	0.5136
v2_fc_baseline_det_seed13	reports/v2_fc_baseline_det_seed13/reliability_report.json	baseline	human	det_noaug	eval	13.0000	8.0000	0.4849	fault_detection/val/sensor_delay_jitter	0.8223	coherence	0.9425	0.4764	0.5028			0.4882	0.5005	0.9425	0.5122
v2_fc_baseline_det_seed13	reports/v2_fc_baseline_det_seed13/reliability_report.json	baseline	human	det_noaug	eval	13.0000	8.0000	0.4849	fault_detection/val/stuck_imu	0.9550	coherence	1.0000	0.4679	0.4977			0.5350	0.9545	1.0000	0.4879
v2_fc_baseline_det_seed13	reports/v2_fc_baseline_det_seed13/reliability_report.json	baseline	human	det_noaug	eval	13.0000	8.0000	0.4849	ood_detection/clean	0.6405	epistemic	0.7296	0.4774	0.4422			0.7296	0.5565	0.5625	0.6659
v2_fc_baseline_det_seed23	reports/v2_fc_baseline_det_seed23/reliability_report.json	baseline	human	det_noaug	eval	23.0000	8.0000	0.4462	fault_detection/test_id/encoder_dropout	0.9458	staleness	0.9458	0.4081	0.1213			0.4219	0.9458	0.4999	0.4825
v2_fc_baseline_det_seed23	reports/v2_fc_baseline_det_seed23/reliability_report.json	baseline	human	det_noaug	eval	23.0000	8.0000	0.4462	fault_detection/test_id/imu_bias	0.5023	drift	0.5142	0.4969	0.4928			0.5109	0.5023	0.4998	0.5142
v2_fc_baseline_det_seed23	reports/v2_fc_baseline_det_seed23/reliability_report.json	baseline	human	det_noaug	eval	23.0000	8.0000	0.4462	fault_detection/test_id/insole_missing	0.8578	staleness	0.8578	0.2686	0.2285			0.3872	0.8578	0.4999	0.3200
v2_fc_baseline_det_seed23	reports/v2_fc_baseline_det_seed23/reliability_report.json	baseline	human	det_noaug	eval	23.0000	8.0000	0.4462	fault_detection/test_id/packet_loss	0.9380	staleness	0.9380	0.5002	0.4998			0.4842	0.9380	0.4761	0.5000
v2_fc_baseline_det_seed23	reports/v2_fc_baseline_det_seed23/reliability_report.json	baseline	human	det_noaug	eval	23.0000	8.0000	0.4462	fault_detection/test_id/packet_loss_burst	0.9208	staleness	0.9208	0.5000	0.4994			0.5103	0.9208	0.0594	0.5028
v2_fc_baseline_det_seed23	reports/v2_fc_baseline_det_seed23/reliability_report.json	baseline	human	det_noaug	eval	23.0000	8.0000	0.4462	fault_detection/test_id/packet_loss_partial	0.9386	coherence	1.0000	0.4997	0.4999			0.5008	0.9386	1.0000	0.5003
v2_fc_baseline_det_seed23	reports/v2_fc_baseline_det_seed23/reliability_report.json	baseline	human	det_noaug	eval	23.0000	8.0000	0.4462	fault_detection/test_id/sensor_delay	0.4970	coherence	0.9531	0.4925	0.4953			0.4879	0.4970	0.9531	0.5089
v2_fc_baseline_det_seed23	reports/v2_fc_baseline_det_seed23/reliability_report.json	baseline	human	det_noaug	eval	23.0000	8.0000	0.4462	fault_detection/test_id/sensor_delay_jitter	0.4960	coherence	0.9403	0.4902	0.4974			0.5075	0.4960	0.9403	0.5078
v2_fc_baseline_det_seed23	reports/v2_fc_baseline_det_seed23/reliability_report.json	baseline	human	det_noaug	eval	23.0000	8.0000	0.4462	fault_detection/test_id/stuck_imu	0.9647	coherence	1.0000	0.4893	0.4840			0.5347	0.9647	1.0000	0.4918
v2_fc_baseline_det_seed23	reports/v2_fc_baseline_det_seed23/reliability_report.json	baseline	human	det_noaug	eval	23.0000	8.0000	0.4462	fault_detection/test_ood/encoder_dropout	0.9808	staleness	0.9808	0.2531	0.0231			0.2206	0.9808	0.5006	0.4889
v2_fc_baseline_det_seed23	reports/v2_fc_baseline_det_seed23/reliability_report.json	baseline	human	det_noaug	eval	23.0000	8.0000	0.4462	fault_detection/test_ood/imu_bias	0.5024	logit	0.5025	0.5025	0.4780			0.4901	0.5024	0.4998	0.5006
v2_fc_baseline_det_seed23	reports/v2_fc_baseline_det_seed23/reliability_report.json	baseline	human	det_noaug	eval	23.0000	8.0000	0.4462	fault_detection/test_ood/insole_missing	0.8412	staleness	0.8412	0.1507	0.0773			0.2666	0.8412	0.5006	0.2954
v2_fc_baseline_det_seed23	reports/v2_fc_baseline_det_seed23/reliability_report.json	baseline	human	det_noaug	eval	23.0000	8.0000	0.4462	fault_detection/test_ood/packet_loss	0.9632	staleness	0.9632	0.4995	0.4996			0.4818	0.9632	0.4602	0.5008
v2_fc_baseline_det_seed23	reports/v2_fc_baseline_det_seed23/reliability_report.json	baseline	human	det_noaug	eval	23.0000	8.0000	0.4462	fault_detection/test_ood/packet_loss_burst	0.9131	staleness	0.9131	0.4988	0.4987			0.5139	0.9131	0.0481	0.5028
v2_fc_baseline_det_seed23	reports/v2_fc_baseline_det_seed23/reliability_report.json	baseline	human	det_noaug	eval	23.0000	8.0000	0.4462	fault_detection/test_ood/packet_loss_partial	0.9597	coherence	1.0000	0.5003	0.4993			0.4877	0.9597	1.0000	0.5003
v2_fc_baseline_det_seed23	reports/v2_fc_baseline_det_seed23/reliability_report.json	baseline	human	det_noaug	eval	23.0000	8.0000	0.4462	fault_detection/test_ood/sensor_delay	0.4983	coherence	0.9890	0.4775	0.4781			0.4836	0.4983	0.9890	0.5045
v2_fc_baseline_det_seed23	reports/v2_fc_baseline_det_seed23/reliability_report.json	baseline	human	det_noaug	eval	23.0000	8.0000	0.4462	fault_detection/test_ood/sensor_delay_jitter	0.4998	coherence	0.9726	0.4795	0.4771			0.4991	0.4998	0.9726	0.5036
v2_fc_baseline_det_seed23	reports/v2_fc_baseline_det_seed23/reliability_report.json	baseline	human	det_noaug	eval	23.0000	8.0000	0.4462	fault_detection/test_ood/stuck_imu	0.9972	coherence	1.0000	0.4819	0.4971			0.5017	0.9972	1.0000	0.4996
v2_fc_baseline_det_seed23	reports/v2_fc_baseline_det_seed23/reliability_report.json	baseline	human	det_noaug	eval	23.0000	8.0000	0.4462	fault_detection/train/encoder_dropout	0.9374	staleness	0.9374	0.3707	0.1145			0.3880	0.9374	0.5000	0.4597
v2_fc_baseline_det_seed23	reports/v2_fc_baseline_det_seed23/reliability_report.json	baseline	human	det_noaug	eval	23.0000	8.0000	0.4462	fault_detection/train/imu_bias	0.5010	drift	0.5188	0.4963	0.4907			0.4949	0.5010	0.4999	0.5188
v2_fc_baseline_det_seed23	reports/v2_fc_baseline_det_seed23/reliability_report.json	baseline	human	det_noaug	eval	23.0000	8.0000	0.4462	fault_detection/train/insole_missing	0.8017	staleness	0.8017	0.2692	0.2194			0.3752	0.8017	0.5000	0.3690
v2_fc_baseline_det_seed23	reports/v2_fc_baseline_det_seed23/reliability_report.json	baseline	human	det_noaug	eval	23.0000	8.0000	0.4462	fault_detection/train/packet_loss	0.9118	staleness	0.9118	0.4999	0.4998			0.4951	0.9118	0.4737	0.5001
v2_fc_baseline_det_seed23	reports/v2_fc_baseline_det_seed23/reliability_report.json	baseline	human	det_noaug	eval	23.0000	8.0000	0.4462	fault_detection/train/packet_loss_burst	0.8824	staleness	0.8824	0.4997	0.4993			0.4998	0.8824	0.0818	0.5026
v2_fc_baseline_det_seed23	reports/v2_fc_baseline_det_seed23/reliability_report.json	baseline	human	det_noaug	eval	23.0000	8.0000	0.4462	fault_detection/train/packet_loss_partial	0.9134	coherence	0.9989	0.4998	0.4997			0.5014	0.9134	0.9989	0.5001
v2_fc_baseline_det_seed23	reports/v2_fc_baseline_det_seed23/reliability_report.json	baseline	human	det_noaug	eval	23.0000	8.0000	0.4462	fault_detection/train/sensor_delay	0.4988	coherence	0.9374	0.4893	0.4878			0.4819	0.4988	0.9374	0.5153
v2_fc_baseline_det_seed23	reports/v2_fc_baseline_det_seed23/reliability_report.json	baseline	human	det_noaug	eval	23.0000	8.0000	0.4462	fault_detection/train/sensor_delay_jitter	0.4990	coherence	0.9215	0.4869	0.4872			0.4931	0.4990	0.9215	0.5165
v2_fc_baseline_det_seed23	reports/v2_fc_baseline_det_seed23/reliability_report.json	baseline	human	det_noaug	eval	23.0000	8.0000	0.4462	fault_detection/train/stuck_imu	0.9660	coherence	1.0000	0.4725	0.4698			0.5281	0.9660	1.0000	0.4868
v2_fc_baseline_det_seed23	reports/v2_fc_baseline_det_seed23/reliability_report.json	baseline	human	det_noaug	eval	23.0000	8.0000	0.4462	fault_detection/val/encoder_dropout	0.9341	staleness	0.9341	0.4136	0.1818			0.4261	0.9341	0.5000	0.4789
v2_fc_baseline_det_seed23	reports/v2_fc_baseline_det_seed23/reliability_report.json	baseline	human	det_noaug	eval	23.0000	8.0000	0.4462	fault_detection/val/imu_bias	0.5014	drift	0.5140	0.4978	0.4913			0.5007	0.5014	0.5000	0.5140
v2_fc_baseline_det_seed23	reports/v2_fc_baseline_det_seed23/reliability_report.json	baseline	human	det_noaug	eval	23.0000	8.0000	0.4462	fault_detection/val/insole_missing	0.8620	staleness	0.8620	0.2967	0.2702			0.3497	0.8620	0.5000	0.3138
v2_fc_baseline_det_seed23	reports/v2_fc_baseline_det_seed23/reliability_report.json	baseline	human	det_noaug	eval	23.0000	8.0000	0.4462	fault_detection/val/packet_loss	0.9182	staleness	0.9182	0.4997	0.4998			0.5014	0.9182	0.4751	0.5010
v2_fc_baseline_det_seed23	reports/v2_fc_baseline_det_seed23/reliability_report.json	baseline	human	det_noaug	eval	23.0000	8.0000	0.4462	fault_detection/val/packet_loss_burst	0.8978	staleness	0.8978	0.4998	0.4988			0.4956	0.8978	0.0768	0.5064
v2_fc_baseline_det_seed23	reports/v2_fc_baseline_det_seed23/reliability_report.json	baseline	human	det_noaug	eval	23.0000	8.0000	0.4462	fault_detection/val/packet_loss_partial	0.9222	coherence	0.9997	0.4999	0.4994			0.4962	0.9222	0.9997	0.5006
v2_fc_baseline_det_seed23	reports/v2_fc_baseline_det_seed23/reliability_report.json	baseline	human	det_noaug	eval	23.0000	8.0000	0.4462	fault_detection/val/sensor_delay	0.5010	coherence	0.9529	0.4897	0.4948			0.4945	0.5010	0.9529	0.5136
v2_fc_baseline_det_seed23	reports/v2_fc_baseline_det_seed23/reliability_report.json	baseline	human	det_noaug	eval	23.0000	8.0000	0.4462	fault_detection/val/sensor_delay_jitter	0.5006	coherence	0.9296	0.4884	0.4958			0.4917	0.5006	0.9296	0.5155
v2_fc_baseline_det_seed23	reports/v2_fc_baseline_det_seed23/reliability_report.json	baseline	human	det_noaug	eval	23.0000	8.0000	0.4462	fault_detection/val/stuck_imu	0.9542	coherence	1.0000	0.4911	0.4774			0.5335	0.9542	1.0000	0.4877
v2_fc_baseline_det_seed23	reports/v2_fc_baseline_det_seed23/reliability_report.json	baseline	human	det_noaug	eval	23.0000	8.0000	0.4462	ood_detection/clean	0.6724	epistemic	0.7490	0.5840	0.7452			0.7490	0.5563	0.5624	0.6657
v2_fc_baseline_det_seed7	reports/v2_fc_baseline_det_seed7/reliability_report.json	baseline	human	det_noaug	eval	7.0000	8.0000	0.4835	fault_detection/test_id/encoder_dropout	0.9440	staleness	0.9457	0.5515	0.6463			0.3808	0.9457	0.4999	0.4822
v2_fc_baseline_det_seed7	reports/v2_fc_baseline_det_seed7/reliability_report.json	baseline	human	det_noaug	eval	7.0000	8.0000	0.4835	fault_detection/test_id/imu_bias	0.5216	aleatoric	0.5377	0.5240	0.5377			0.5069	0.5022	0.5000	0.5132
v2_fc_baseline_det_seed7	reports/v2_fc_baseline_det_seed7/reliability_report.json	baseline	human	det_noaug	eval	7.0000	8.0000	0.4835	fault_detection/test_id/insole_missing	0.6755	staleness	0.8574	0.6011	0.7077			0.2675	0.8574	0.4999	0.3175
v2_fc_baseline_det_seed7	reports/v2_fc_baseline_det_seed7/reliability_report.json	baseline	human	det_noaug	eval	7.0000	8.0000	0.4835	fault_detection/test_id/packet_loss	0.8946	staleness	0.9370	0.4996	0.5005			0.4928	0.9370	0.4774	0.5000
v2_fc_baseline_det_seed7	reports/v2_fc_baseline_det_seed7/reliability_report.json	baseline	human	det_noaug	eval	7.0000	8.0000	0.4835	fault_detection/test_id/packet_loss_burst	0.8243	staleness	0.9231	0.4996	0.5003			0.4754	0.9231	0.0545	0.5016
v2_fc_baseline_det_seed7	reports/v2_fc_baseline_det_seed7/reliability_report.json	baseline	human	det_noaug	eval	7.0000	8.0000	0.4835	fault_detection/test_id/packet_loss_partial	0.9422	coherence	1.0000	0.5001	0.5001			0.4840	0.9387	1.0000	0.4996
v2_fc_baseline_det_seed7	reports/v2_fc_baseline_det_seed7/reliability_report.json	baseline	human	det_noaug	eval	7.0000	8.0000	0.4835	fault_detection/test_id/sensor_delay	0.8746	coherence	0.9530	0.4711	0.5244			0.4786	0.4970	0.9530	0.5087
v2_fc_baseline_det_seed7	reports/v2_fc_baseline_det_seed7/reliability_report.json	baseline	human	det_noaug	eval	7.0000	8.0000	0.4835	fault_detection/test_id/sensor_delay_jitter	0.8525	coherence	0.9404	0.4709	0.5173			0.5004	0.4972	0.9404	0.5098
v2_fc_baseline_det_seed7	reports/v2_fc_baseline_det_seed7/reliability_report.json	baseline	human	det_noaug	eval	7.0000	8.0000	0.4835	fault_detection/test_id/stuck_imu	0.9650	coherence	1.0000	0.4701	0.4900			0.5515	0.9647	1.0000	0.4927
v2_fc_baseline_det_seed7	reports/v2_fc_baseline_det_seed7/reliability_report.json	baseline	human	det_noaug	eval	7.0000	8.0000	0.4835	fault_detection/test_ood/encoder_dropout	0.9739	staleness	0.9806	0.5196	0.8310			0.2068	0.9806	0.5004	0.4886
v2_fc_baseline_det_seed7	reports/v2_fc_baseline_det_seed7/reliability_report.json	baseline	human	det_noaug	eval	7.0000	8.0000	0.4835	fault_detection/test_ood/imu_bias	0.5424	logit	0.5535	0.5535	0.5448			0.4736	0.5023	0.4996	0.5002
v2_fc_baseline_det_seed7	reports/v2_fc_baseline_det_seed7/reliability_report.json	baseline	human	det_noaug	eval	7.0000	8.0000	0.4835	fault_detection/test_ood/insole_missing	0.7183	aleatoric	0.8863	0.4167	0.8863			0.1578	0.8408	0.5004	0.2916
v2_fc_baseline_det_seed7	reports/v2_fc_baseline_det_seed7/reliability_report.json	baseline	human	det_noaug	eval	7.0000	8.0000	0.4835	fault_detection/test_ood/packet_loss	0.9132	staleness	0.9573	0.4994	0.5005			0.4719	0.9573	0.4506	0.5004
v2_fc_baseline_det_seed7	reports/v2_fc_baseline_det_seed7/reliability_report.json	baseline	human	det_noaug	eval	7.0000	8.0000	0.4835	fault_detection/test_ood/packet_loss_burst	0.8599	staleness	0.9217	0.4984	0.4983			0.4920	0.9217	0.0673	0.5001
v2_fc_baseline_det_seed7	reports/v2_fc_baseline_det_seed7/reliability_report.json	baseline	human	det_noaug	eval	7.0000	8.0000	0.4835	fault_detection/test_ood/packet_loss_partial	0.9827	coherence	0.9999	0.4996	0.4999			0.5009	0.9586	0.9999	0.5001
v2_fc_baseline_det_seed7	reports/v2_fc_baseline_det_seed7/reliability_report.json	baseline	human	det_noaug	eval	7.0000	8.0000	0.4835	fault_detection/test_ood/sensor_delay	0.9362	coherence	0.9890	0.4639	0.5285			0.4716	0.4982	0.9890	0.5045
v2_fc_baseline_det_seed7	reports/v2_fc_baseline_det_seed7/reliability_report.json	baseline	human	det_noaug	eval	7.0000	8.0000	0.4835	fault_detection/test_ood/sensor_delay_jitter	0.8998	coherence	0.9644	0.4544	0.5260			0.4726	0.4979	0.9644	0.5024
v2_fc_baseline_det_seed7	reports/v2_fc_baseline_det_seed7/reliability_report.json	baseline	human	det_noaug	eval	7.0000	8.0000	0.4835	fault_detection/test_ood/stuck_imu	0.9970	coherence	1.0000	0.4747	0.5041			0.4695	0.9970	1.0000	0.4994
v2_fc_baseline_det_seed7	reports/v2_fc_baseline_det_seed7/reliability_report.json	baseline	human	det_noaug	eval	7.0000	8.0000	0.4835	fault_detection/train/encoder_dropout	0.9369	staleness	0.9372	0.5514	0.6537			0.3727	0.9372	0.5000	0.4592
v2_fc_baseline_det_seed7	reports/v2_fc_baseline_det_seed7/reliability_report.json	baseline	human	det_noaug	eval	7.0000	8.0000	0.4835	fault_detection/train/imu_bias	0.5161	aleatoric	0.5351	0.5221	0.5351			0.4979	0.5011	0.5000	0.5179
v2_fc_baseline_det_seed7	reports/v2_fc_baseline_det_seed7/reliability_report.json	baseline	human	det_noaug	eval	7.0000	8.0000	0.4835	fault_detection/train/insole_missing	0.6664	staleness	0.8014	0.5585	0.7155			0.2956	0.8014	0.5000	0.3670
v2_fc_baseline_det_seed7	reports/v2_fc_baseline_det_seed7/reliability_report.json	baseline	human	det_noaug	eval	7.0000	8.0000	0.4835	fault_detection/train/packet_loss	0.8907	staleness	0.9113	0.4998	0.5001			0.4946	0.9113	0.4760	0.5002
v2_fc_baseline_det_seed7	reports/v2_fc_baseline_det_seed7/reliability_report.json	baseline	human	det_noaug	eval	7.0000	8.0000	0.4835	fault_detection/train/packet_loss_burst	0.8242	staleness	0.8841	0.4993	0.5005			0.4979	0.8841	0.0781	0.5024
v2_fc_baseline_det_seed7	reports/v2_fc_baseline_det_seed7/reliability_report.json	baseline	human	det_noaug	eval	7.0000	8.0000	0.4835	fault_detection/train/packet_loss_partial	0.9211	coherence	0.9987	0.4999	0.5000			0.4983	0.9129	0.9987	0.5000
v2_fc_baseline_det_seed7	reports/v2_fc_baseline_det_seed7/reliability_report.json	baseline	human	det_noaug	eval	7.0000	8.0000	0.4835	fault_detection/train/sensor_delay	0.7971	coherence	0.9374	0.4792	0.5155			0.4775	0.4988	0.9374	0.5151
v2_fc_baseline_det_seed7	reports/v2_fc_baseline_det_seed7/reliability_report.json	baseline	human	det_noaug	eval	7.0000	8.0000	0.4835	fault_detection/train/sensor_delay_jitter	0.7781	coherence	0.9177	0.4760	0.5143			0.4874	0.4990	0.9177	0.5153
v2_fc_baseline_det_seed7	reports/v2_fc_baseline_det_seed7/reliability_report.json	baseline	human	det_noaug	eval	7.0000	8.0000	0.4835	fault_detection/train/stuck_imu	0.9665	coherence	1.0000	0.4581	0.4988			0.5313	0.9659	1.0000	0.4876
v2_fc_baseline_det_seed7	reports/v2_fc_baseline_det_seed7/reliability_report.json	baseline	human	det_noaug	eval	7.0000	8.0000	0.4835	fault_detection/val/encoder_dropout	0.8949	staleness	0.9339	0.5719	0.6386			0.4086	0.9339	0.4999	0.4787
v2_fc_baseline_det_seed7	reports/v2_fc_baseline_det_seed7/reliability_report.json	baseline	human	det_noaug	eval	7.0000	8.0000	0.4835	fault_detection/val/imu_bias	0.5191	aleatoric	0.5368	0.5228	0.5368			0.4870	0.5012	0.4999	0.5129
v2_fc_baseline_det_seed7	reports/v2_fc_baseline_det_seed7/reliability_report.json	baseline	human	det_noaug	eval	7.0000	8.0000	0.4835	fault_detection/val/insole_missing	0.6984	staleness	0.8616	0.6547	0.5965			0.2859	0.8616	0.4999	0.3115
v2_fc_baseline_det_seed7	reports/v2_fc_baseline_det_seed7/reliability_report.json	baseline	human	det_noaug	eval	7.0000	8.0000	0.4835	fault_detection/val/packet_loss	0.8245	staleness	0.9201	0.4995	0.4995			0.5027	0.9201	0.4757	0.4998
v2_fc_baseline_det_seed7	reports/v2_fc_baseline_det_seed7/reliability_report.json	baseline	human	det_noaug	eval	7.0000	8.0000	0.4835	fault_detection/val/packet_loss_burst	0.7415	staleness	0.8983	0.4990	0.5007			0.5040	0.8983	0.0750	0.5047
v2_fc_baseline_det_seed7	reports/v2_fc_baseline_det_seed7/reliability_report.json	baseline	human	det_noaug	eval	7.0000	8.0000	0.4835	fault_detection/val/packet_loss_partial	0.9421	coherence	0.9998	0.4998	0.4999			0.4953	0.9217	0.9998	0.4999
v2_fc_baseline_det_seed7	reports/v2_fc_baseline_det_seed7/reliability_report.json	baseline	human	det_noaug	eval	7.0000	8.0000	0.4835	fault_detection/val/sensor_delay	0.8595	coherence	0.9529	0.4777	0.5282			0.4885	0.5009	0.9529	0.5135
v2_fc_baseline_det_seed7	reports/v2_fc_baseline_det_seed7/reliability_report.json	baseline	human	det_noaug	eval	7.0000	8.0000	0.4835	fault_detection/val/sensor_delay_jitter	0.8164	coherence	0.9277	0.4755	0.5174			0.4967	0.5012	0.9277	0.5115
v2_fc_baseline_det_seed7	reports/v2_fc_baseline_det_seed7/reliability_report.json	baseline	human	det_noaug	eval	7.0000	8.0000	0.4835	fault_detection/val/stuck_imu	0.9548	coherence	1.0000	0.4725	0.4693			0.5392	0.9542	1.0000	0.4882
v2_fc_baseline_det_seed7	reports/v2_fc_baseline_det_seed7/reliability_report.json	baseline	human	det_noaug	eval	7.0000	8.0000	0.4835	ood_detection/clean	0.5654	epistemic	0.7419	0.4323	0.2615			0.7419	0.5564	0.5624	0.6658
v2_fc_ensemble_seed7	reports/v2_fc_ensemble_seed7/reliability_report.json	ensemble	human	prob_aug_recon_fc	eval	7.0000	2.0000	1.0565	fault_detection/test_id/encoder_dropout	0.9437	staleness	0.9459	0.6505	0.4627	0.8422	0.8278	0.6199	0.9459	0.4999	0.4824
v2_fc_ensemble_seed7	reports/v2_fc_ensemble_seed7/reliability_report.json	ensemble	human	prob_aug_recon_fc	eval	7.0000	2.0000	1.0565	fault_detection/test_id/imu_bias	0.5031	logit	0.5315	0.5315	0.4558	0.5069	0.5064	0.5007	0.5021	0.4999	0.5141
v2_fc_ensemble_seed7	reports/v2_fc_ensemble_seed7/reliability_report.json	ensemble	human	prob_aug_recon_fc	eval	7.0000	2.0000	1.0565	fault_detection/test_id/insole_missing	0.9136	residual	0.9287	0.4267	0.5364	0.9287	0.9145	0.6049	0.8586	0.4999	0.3199
v2_fc_ensemble_seed7	reports/v2_fc_ensemble_seed7/reliability_report.json	ensemble	human	prob_aug_recon_fc	eval	7.0000	2.0000	1.0565	fault_detection/test_id/packet_loss	0.8632	staleness	0.9370	0.4998	0.4999	0.5007	0.5070	0.5000	0.9370	0.4809	0.5000
v2_fc_ensemble_seed7	reports/v2_fc_ensemble_seed7/reliability_report.json	ensemble	human	prob_aug_recon_fc	eval	7.0000	2.0000	1.0565	fault_detection/test_id/packet_loss_burst	0.7342	staleness	0.9173	0.4987	0.5010	0.5029	0.5130	0.5021	0.9173	0.0460	0.5007
v2_fc_ensemble_seed7	reports/v2_fc_ensemble_seed7/reliability_report.json	ensemble	human	prob_aug_recon_fc	eval	7.0000	2.0000	1.0565	fault_detection/test_id/packet_loss_partial	0.9094	coherence	1.0000	0.4994	0.5002	0.5016	0.5072	0.4999	0.9389	1.0000	0.4996
v2_fc_ensemble_seed7	reports/v2_fc_ensemble_seed7/reliability_report.json	ensemble	human	prob_aug_recon_fc	eval	7.0000	2.0000	1.0565	fault_detection/test_id/sensor_delay	0.8697	coherence	0.9531	0.4331	0.5680	0.5978	0.5884	0.5314	0.4971	0.9531	0.5089
v2_fc_ensemble_seed7	reports/v2_fc_ensemble_seed7/reliability_report.json	ensemble	human	prob_aug_recon_fc	eval	7.0000	2.0000	1.0565	fault_detection/test_id/sensor_delay_jitter	0.8627	coherence	0.9452	0.4326	0.5698	0.6041	0.5961	0.5363	0.4972	0.9452	0.5077
v2_fc_ensemble_seed7	reports/v2_fc_ensemble_seed7/reliability_report.json	ensemble	human	prob_aug_recon_fc	eval	7.0000	2.0000	1.0565	fault_detection/test_id/stuck_imu	0.9594	coherence	1.0000	0.4864	0.5431	0.6516	0.6416	0.5588	0.9650	1.0000	0.4921
v2_fc_ensemble_seed7	reports/v2_fc_ensemble_seed7/reliability_report.json	ensemble	human	prob_aug_recon_fc	eval	7.0000	2.0000	1.0565	fault_detection/test_ood/encoder_dropout	0.8819	staleness	0.9813	0.6467	0.3857	0.6191	0.6108	0.5588	0.9813	0.5004	0.4885
v2_fc_ensemble_seed7	reports/v2_fc_ensemble_seed7/reliability_report.json	ensemble	human	prob_aug_recon_fc	eval	7.0000	2.0000	1.0565	fault_detection/test_ood/imu_bias	0.5059	logit	0.5304	0.5304	0.4658	0.5091	0.5082	0.5043	0.5028	0.4996	0.5007
v2_fc_ensemble_seed7	reports/v2_fc_ensemble_seed7/reliability_report.json	ensemble	human	prob_aug_recon_fc	eval	7.0000	2.0000	1.0565	fault_detection/test_ood/insole_missing	0.8201	staleness	0.8427	0.4514	0.4760	0.8000	0.7762	0.5260	0.8427	0.5004	0.2951
v2_fc_ensemble_seed7	reports/v2_fc_ensemble_seed7/reliability_report.json	ensemble	human	prob_aug_recon_fc	eval	7.0000	2.0000	1.0565	fault_detection/test_ood/packet_loss	0.8009	staleness	0.9642	0.4998	0.4995	0.5002	0.5068	0.4999	0.9642	0.4585	0.5006
v2_fc_ensemble_seed7	reports/v2_fc_ensemble_seed7/reliability_report.json	ensemble	human	prob_aug_recon_fc	eval	7.0000	2.0000	1.0565	fault_detection/test_ood/packet_loss_burst	0.7765	staleness	0.9196	0.4994	0.5003	0.5009	0.5084	0.5026	0.9196	0.0572	0.5030
v2_fc_ensemble_seed7	reports/v2_fc_ensemble_seed7/reliability_report.json	ensemble	human	prob_aug_recon_fc	eval	7.0000	2.0000	1.0565	fault_detection/test_ood/packet_loss_partial	0.8170	coherence	1.0000	0.4992	0.4997	0.5004	0.5063	0.4991	0.9615	1.0000	0.4999
v2_fc_ensemble_seed7	reports/v2_fc_ensemble_seed7/reliability_report.json	ensemble	human	prob_aug_recon_fc	eval	7.0000	2.0000	1.0565	fault_detection/test_ood/sensor_delay	0.7733	coherence	0.9890	0.4817	0.5143	0.5390	0.5336	0.5125	0.4983	0.9890	0.5049
v2_fc_ensemble_seed7	reports/v2_fc_ensemble_seed7/reliability_report.json	ensemble	human	prob_aug_recon_fc	eval	7.0000	2.0000	1.0565	fault_detection/test_ood/sensor_delay_jitter	0.7578	coherence	0.9491	0.4846	0.5135	0.5438	0.5399	0.5168	0.4992	0.9491	0.5059
v2_fc_ensemble_seed7	reports/v2_fc_ensemble_seed7/reliability_report.json	ensemble	human	prob_aug_recon_fc	eval	7.0000	2.0000	1.0565	fault_detection/test_ood/stuck_imu	0.8481	coherence	1.0000	0.4805	0.5095	0.4728	0.4703	0.5133	0.9972	1.0000	0.4997
v2_fc_ensemble_seed7	reports/v2_fc_ensemble_seed7/reliability_report.json	ensemble	human	prob_aug_recon_fc	eval	7.0000	2.0000	1.0565	fault_detection/train/encoder_dropout	0.9411	staleness	0.9379	0.5986	0.4977	0.8700	0.8569	0.6486	0.9379	0.5000	0.4596
v2_fc_ensemble_seed7	reports/v2_fc_ensemble_seed7/reliability_report.json	ensemble	human	prob_aug_recon_fc	eval	7.0000	2.0000	1.0565	fault_detection/train/imu_bias	0.5033	logit	0.5278	0.5278	0.4570	0.5067	0.5063	0.5050	0.5009	0.5000	0.5189
v2_fc_ensemble_seed7	reports/v2_fc_ensemble_seed7/reliability_report.json	ensemble	human	prob_aug_recon_fc	eval	7.0000	2.0000	1.0565	fault_detection/train/insole_missing	0.8808	residual	0.8805	0.4440	0.5080	0.8805	0.8595	0.5939	0.8025	0.5000	0.3692
v2_fc_ensemble_seed7	reports/v2_fc_ensemble_seed7/reliability_report.json	ensemble	human	prob_aug_recon_fc	eval	7.0000	2.0000	1.0565	fault_detection/train/packet_loss	0.8526	staleness	0.9124	0.4997	0.5000	0.5005	0.5069	0.5001	0.9124	0.4767	0.5003
v2_fc_ensemble_seed7	reports/v2_fc_ensemble_seed7/reliability_report.json	ensemble	human	prob_aug_recon_fc	eval	7.0000	2.0000	1.0565	fault_detection/train/packet_loss_burst	0.7676	staleness	0.8840	0.4986	0.5011	0.5030	0.5128	0.5025	0.8840	0.0788	0.5023
v2_fc_ensemble_seed7	reports/v2_fc_ensemble_seed7/reliability_report.json	ensemble	human	prob_aug_recon_fc	eval	7.0000	2.0000	1.0565	fault_detection/train/packet_loss_partial	0.8760	coherence	0.9989	0.4996	0.5001	0.5010	0.5067	0.5001	0.9140	0.9989	0.5001
v2_fc_ensemble_seed7	reports/v2_fc_ensemble_seed7/reliability_report.json	ensemble	human	prob_aug_recon_fc	eval	7.0000	2.0000	1.0565	fault_detection/train/sensor_delay	0.7989	coherence	0.9374	0.4321	0.5705	0.5890	0.5800	0.5329	0.4987	0.9374	0.5153
v2_fc_ensemble_seed7	reports/v2_fc_ensemble_seed7/reliability_report.json	ensemble	human	prob_aug_recon_fc	eval	7.0000	2.0000	1.0565	fault_detection/train/sensor_delay_jitter	0.7935	coherence	0.9193	0.4349	0.5734	0.5936	0.5850	0.5355	0.4986	0.9193	0.5162
v2_fc_ensemble_seed7	reports/v2_fc_ensemble_seed7/reliability_report.json	ensemble	human	prob_aug_recon_fc	eval	7.0000	2.0000	1.0565	fault_detection/train/stuck_imu	0.9553	coherence	1.0000	0.4839	0.5435	0.6528	0.6425	0.5502	0.9663	1.0000	0.4871
v2_fc_ensemble_seed7	reports/v2_fc_ensemble_seed7/reliability_report.json	ensemble	human	prob_aug_recon_fc	eval	7.0000	2.0000	1.0565	fault_detection/val/encoder_dropout	0.9111	staleness	0.9345	0.6219	0.5265	0.8200	0.8071	0.6246	0.9345	0.5000	0.4791
v2_fc_ensemble_seed7	reports/v2_fc_ensemble_seed7/reliability_report.json	ensemble	human	prob_aug_recon_fc	eval	7.0000	2.0000	1.0565	fault_detection/val/imu_bias	0.5021	logit	0.5330	0.5330	0.4592	0.5036	0.5034	0.5006	0.5016	0.5000	0.5140
v2_fc_ensemble_seed7	reports/v2_fc_ensemble_seed7/reliability_report.json	ensemble	human	prob_aug_recon_fc	eval	7.0000	2.0000	1.0565	fault_detection/val/insole_missing	0.8586	residual	0.8760	0.4773	0.4588	0.8760	0.8574	0.6091	0.8627	0.5000	0.3141
v2_fc_ensemble_seed7	reports/v2_fc_ensemble_seed7/reliability_report.json	ensemble	human	prob_aug_recon_fc	eval	7.0000	2.0000	1.0565	fault_detection/val/packet_loss	0.7811	staleness	0.9210	0.4996	0.4999	0.5001	0.5076	0.4999	0.9210	0.4787	0.5002
v2_fc_ensemble_seed7	reports/v2_fc_ensemble_seed7/reliability_report.json	ensemble	human	prob_aug_recon_fc	eval	7.0000	2.0000	1.0565	fault_detection/val/packet_loss_burst	0.6661	staleness	0.9032	0.4984	0.5001	0.5027	0.5137	0.5009	0.9032	0.0778	0.5045
v2_fc_ensemble_seed7	reports/v2_fc_ensemble_seed7/reliability_report.json	ensemble	human	prob_aug_recon_fc	eval	7.0000	2.0000	1.0565	fault_detection/val/packet_loss_partial	0.8778	coherence	0.9996	0.4996	0.4997	0.5017	0.5082	0.5005	0.9221	0.9996	0.5005
v2_fc_ensemble_seed7	reports/v2_fc_ensemble_seed7/reliability_report.json	ensemble	human	prob_aug_recon_fc	eval	7.0000	2.0000	1.0565	fault_detection/val/sensor_delay	0.8357	coherence	0.9529	0.4357	0.5613	0.5860	0.5777	0.5412	0.5010	0.9529	0.5135
v2_fc_ensemble_seed7	reports/v2_fc_ensemble_seed7/reliability_report.json	ensemble	human	prob_aug_recon_fc	eval	7.0000	2.0000	1.0565	fault_detection/val/sensor_delay_jitter	0.8290	coherence	0.9458	0.4366	0.5600	0.5907	0.5831	0.5372	0.5005	0.9458	0.5105
v2_fc_ensemble_seed7	reports/v2_fc_ensemble_seed7/reliability_report.json	ensemble	human	prob_aug_recon_fc	eval	7.0000	2.0000	1.0565	fault_detection/val/stuck_imu	0.9311	coherence	1.0000	0.4879	0.5406	0.6473	0.6369	0.5562	0.9544	1.0000	0.4880
v2_fc_ensemble_seed7	reports/v2_fc_ensemble_seed7/reliability_report.json	ensemble	human	prob_aug_recon_fc	eval	7.0000	2.0000	1.0565	ood_detection/clean	0.7342	aleatoric	0.7186	0.5083	0.7186	0.6852	0.6754	0.6969	0.5563	0.5624	0.6660
v2_fc_loso_BT01	reports/v2_fc_loso_BT01/reliability_report.json	loso	human	prob_aug_recon_fc	eval	7.0000	8.0000	0.9045	fault_detection/test_id/encoder_dropout	0.9128	staleness	0.9136	0.5709	0.4045	0.5741	0.5666	0.4445	0.9136	0.4998	0.4128
v2_fc_loso_BT01	reports/v2_fc_loso_BT01/reliability_report.json	loso	human	prob_aug_recon_fc	eval	7.0000	8.0000	0.9045	fault_detection/test_id/imu_bias	0.5142	logit	0.5276	0.5276	0.4719	0.5014	0.4999	0.4956	0.5029	0.4988	0.5139
v2_fc_loso_BT01	reports/v2_fc_loso_BT01/reliability_report.json	loso	human	prob_aug_recon_fc	eval	7.0000	8.0000	0.9045	fault_detection/test_id/insole_missing	0.7032	staleness	0.7354	0.5333	0.4212	0.5749	0.5686	0.4505	0.7354	0.4998	0.4542
v2_fc_loso_BT01	reports/v2_fc_loso_BT01/reliability_report.json	loso	human	prob_aug_recon_fc	eval	7.0000	8.0000	0.9045	fault_detection/test_id/packet_loss	0.8504	staleness	0.8719	0.4999	0.4992	0.5009	0.5026	0.4918	0.8719	0.4593	0.4994
v2_fc_loso_BT01	reports/v2_fc_loso_BT01/reliability_report.json	loso	human	prob_aug_recon_fc	eval	7.0000	8.0000	0.9045	fault_detection/test_id/packet_loss_burst	0.7767	staleness	0.8255	0.4988	0.5005	0.5025	0.5047	0.5165	0.8255	0.1284	0.4986
v2_fc_loso_BT01	reports/v2_fc_loso_BT01/reliability_report.json	loso	human	prob_aug_recon_fc	eval	7.0000	8.0000	0.9045	fault_detection/test_id/packet_loss_partial	0.8467	coherence	0.9922	0.4994	0.4999	0.5006	0.5019	0.4895	0.8676	0.9922	0.5007
v2_fc_loso_BT01	reports/v2_fc_loso_BT01/reliability_report.json	loso	human	prob_aug_recon_fc	eval	7.0000	8.0000	0.9045	fault_detection/test_id/sensor_delay	0.5551	coherence	0.8887	0.4751	0.5064	0.5258	0.5223	0.5006	0.4994	0.8887	0.5131
v2_fc_loso_BT01	reports/v2_fc_loso_BT01/reliability_report.json	loso	human	prob_aug_recon_fc	eval	7.0000	8.0000	0.9045	fault_detection/test_id/sensor_delay_jitter	0.5547	coherence	0.8785	0.4753	0.5065	0.5349	0.5314	0.4856	0.4995	0.8785	0.5119
v2_fc_loso_BT01	reports/v2_fc_loso_BT01/reliability_report.json	loso	human	prob_aug_recon_fc	eval	7.0000	8.0000	0.9045	fault_detection/test_id/stuck_imu	0.9432	coherence	1.0000	0.4635	0.5255	0.5796	0.5717	0.4988	0.9432	1.0000	0.4921
v2_fc_loso_BT01	reports/v2_fc_loso_BT01/reliability_report.json	loso	human	prob_aug_recon_fc	eval	7.0000	8.0000	0.9045	fault_detection/test_ood/encoder_dropout	0.9815	staleness	0.9819	0.6337	0.2833	0.5900	0.5833	0.3458	0.9819	0.4994	0.3677
v2_fc_loso_BT01	reports/v2_fc_loso_BT01/reliability_report.json	loso	human	prob_aug_recon_fc	eval	7.0000	8.0000	0.9045	fault_detection/test_ood/imu_bias	0.5335	logit	0.5481	0.5481	0.4476	0.5126	0.5119	0.4709	0.5022	0.4998	0.5021
v2_fc_loso_BT01	reports/v2_fc_loso_BT01/reliability_report.json	loso	human	prob_aug_recon_fc	eval	7.0000	8.0000	0.9045	fault_detection/test_ood/insole_missing	0.7854	staleness	0.8427	0.5494	0.2917	0.5952	0.5877	0.3518	0.8427	0.4994	0.4432
v2_fc_loso_BT01	reports/v2_fc_loso_BT01/reliability_report.json	loso	human	prob_aug_recon_fc	eval	7.0000	8.0000	0.9045	fault_detection/test_ood/packet_loss	0.9512	staleness	0.9614	0.4990	0.4993	0.4991	0.5016	0.5045	0.9614	0.4377	0.5003
v2_fc_loso_BT01	reports/v2_fc_loso_BT01/reliability_report.json	loso	human	prob_aug_recon_fc	eval	7.0000	8.0000	0.9045	fault_detection/test_ood/packet_loss_burst	0.9049	staleness	0.9370	0.5003	0.4981	0.5030	0.5039	0.5112	0.9370	0.0404	0.5004
v2_fc_loso_BT01	reports/v2_fc_loso_BT01/reliability_report.json	loso	human	prob_aug_recon_fc	eval	7.0000	8.0000	0.9045	fault_detection/test_ood/packet_loss_partial	0.9686	coherence	1.0000	0.4993	0.4994	0.5014	0.5025	0.4923	0.9694	1.0000	0.4999
v2_fc_loso_BT01	reports/v2_fc_loso_BT01/reliability_report.json	loso	human	prob_aug_recon_fc	eval	7.0000	8.0000	0.9045	fault_detection/test_ood/sensor_delay	0.7876	coherence	0.9796	0.4811	0.5008	0.5182	0.5154	0.4718	0.5007	0.9796	0.5136
v2_fc_loso_BT01	reports/v2_fc_loso_BT01/reliability_report.json	loso	human	prob_aug_recon_fc	eval	7.0000	8.0000	0.9045	fault_detection/test_ood/sensor_delay_jitter	0.7741	coherence	0.9598	0.4774	0.5021	0.5291	0.5251	0.4991	0.4997	0.9598	0.5138
v2_fc_loso_BT01	reports/v2_fc_loso_BT01/reliability_report.json	loso	human	prob_aug_recon_fc	eval	7.0000	8.0000	0.9045	fault_detection/test_ood/stuck_imu	0.9865	coherence	1.0000	0.4757	0.5051	0.4684	0.4709	0.4773	0.9865	1.0000	0.4988
v2_fc_loso_BT01	reports/v2_fc_loso_BT01/reliability_report.json	loso	human	prob_aug_recon_fc	eval	7.0000	8.0000	0.9045	fault_detection/train/encoder_dropout	0.9412	staleness	0.9413	0.6528	0.3857	0.7848	0.7660	0.4923	0.9413	0.5000	0.4616
v2_fc_loso_BT01	reports/v2_fc_loso_BT01/reliability_report.json	loso	human	prob_aug_recon_fc	eval	7.0000	8.0000	0.9045	fault_detection/train/imu_bias	0.5358	logit	0.5520	0.5520	0.4518	0.5054	0.5049	0.4948	0.5010	0.5000	0.5249
v2_fc_loso_BT01	reports/v2_fc_loso_BT01/reliability_report.json	loso	human	prob_aug_recon_fc	eval	7.0000	8.0000	0.9045	fault_detection/train/insole_missing	0.7000	staleness	0.8182	0.4854	0.4282	0.8076	0.7812	0.4190	0.8182	0.5000	0.3637
v2_fc_loso_BT01	reports/v2_fc_loso_BT01/reliability_report.json	loso	human	prob_aug_recon_fc	eval	7.0000	8.0000	0.9045	fault_detection/train/packet_loss	0.9129	staleness	0.9195	0.4996	0.5000	0.5007	0.5026	0.4988	0.9195	0.4785	0.5001
v2_fc_loso_BT01	reports/v2_fc_loso_BT01/reliability_report.json	loso	human	prob_aug_recon_fc	eval	7.0000	8.0000	0.9045	fault_detection/train/packet_loss_burst	0.8592	staleness	0.8938	0.4985	0.5004	0.5031	0.5064	0.5009	0.8938	0.0753	0.5028
v2_fc_loso_BT01	reports/v2_fc_loso_BT01/reliability_report.json	loso	human	prob_aug_recon_fc	eval	7.0000	8.0000	0.9045	fault_detection/train/packet_loss_partial	0.9231	coherence	0.9997	0.4996	0.5000	0.5011	0.5025	0.4987	0.9214	0.9997	0.5001
v2_fc_loso_BT01	reports/v2_fc_loso_BT01/reliability_report.json	loso	human	prob_aug_recon_fc	eval	7.0000	8.0000	0.9045	fault_detection/train/sensor_delay	0.7323	coherence	0.9432	0.4397	0.5219	0.5482	0.5413	0.4721	0.4987	0.9432	0.5160
v2_fc_loso_BT01	reports/v2_fc_loso_BT01/reliability_report.json	loso	human	prob_aug_recon_fc	eval	7.0000	8.0000	0.9045	fault_detection/train/sensor_delay_jitter	0.7219	coherence	0.9280	0.4337	0.5247	0.5603	0.5528	0.4749	0.4987	0.9280	0.5186
v2_fc_loso_BT01	reports/v2_fc_loso_BT01/reliability_report.json	loso	human	prob_aug_recon_fc	eval	7.0000	8.0000	0.9045	fault_detection/train/stuck_imu	0.9672	coherence	1.0000	0.4490	0.5328	0.5945	0.5835	0.4857	0.9671	1.0000	0.4882
v2_fc_loso_BT01	reports/v2_fc_loso_BT01/reliability_report.json	loso	human	prob_aug_recon_fc	eval	7.0000	8.0000	0.9045	fault_detection/val/encoder_dropout	0.9553	staleness	0.9553	0.7494	0.3306	0.7629	0.7433	0.4885	0.9553	0.4997	0.4885
v2_fc_loso_BT01	reports/v2_fc_loso_BT01/reliability_report.json	loso	human	prob_aug_recon_fc	eval	7.0000	8.0000	0.9045	fault_detection/val/imu_bias	0.5333	logit	0.5623	0.5623	0.4462	0.5053	0.5048	0.4915	0.5021	0.5004	0.5117
v2_fc_loso_BT01	reports/v2_fc_loso_BT01/reliability_report.json	loso	human	prob_aug_recon_fc	eval	7.0000	8.0000	0.9045	fault_detection/val/insole_missing	0.6750	residual	0.8846	0.4534	0.4196	0.8846	0.8626	0.3794	0.8730	0.4997	0.3203
v2_fc_loso_BT01	reports/v2_fc_loso_BT01/reliability_report.json	loso	human	prob_aug_recon_fc	eval	7.0000	8.0000	0.9045	fault_detection/val/packet_loss	0.9422	staleness	0.9471	0.4997	0.4998	0.5003	0.5029	0.5019	0.9471	0.4816	0.4999
v2_fc_loso_BT01	reports/v2_fc_loso_BT01/reliability_report.json	loso	human	prob_aug_recon_fc	eval	7.0000	8.0000	0.9045	fault_detection/val/packet_loss_burst	0.8697	staleness	0.9327	0.4980	0.5006	0.5031	0.5068	0.4851	0.9327	0.0481	0.5019
v2_fc_loso_BT01	reports/v2_fc_loso_BT01/reliability_report.json	loso	human	prob_aug_recon_fc	eval	7.0000	8.0000	0.9045	fault_detection/val/packet_loss_partial	0.9483	coherence	1.0000	0.4992	0.5000	0.5012	0.5030	0.4990	0.9480	1.0000	0.5001
v2_fc_loso_BT01	reports/v2_fc_loso_BT01/reliability_report.json	loso	human	prob_aug_recon_fc	eval	7.0000	8.0000	0.9045	fault_detection/val/sensor_delay	0.8560	coherence	0.9687	0.4400	0.5320	0.5626	0.5534	0.4680	0.4972	0.9687	0.5070
v2_fc_loso_BT01	reports/v2_fc_loso_BT01/reliability_report.json	loso	human	prob_aug_recon_fc	eval	7.0000	8.0000	0.9045	fault_detection/val/sensor_delay_jitter	0.8453	coherence	0.9591	0.4326	0.5315	0.5722	0.5637	0.4794	0.4970	0.9591	0.5038
v2_fc_loso_BT01	reports/v2_fc_loso_BT01/reliability_report.json	loso	human	prob_aug_recon_fc	eval	7.0000	8.0000	0.9045	fault_detection/val/stuck_imu	0.9706	coherence	1.0000	0.4560	0.5268	0.5848	0.5728	0.4780	0.9706	1.0000	0.4917
v2_fc_loso_BT01	reports/v2_fc_loso_BT01/reliability_report.json	loso	human	prob_aug_recon_fc	eval	7.0000	8.0000	0.9045	ood_detection/clean	0.3702	aleatoric	0.7976	0.1457	0.7976	0.4942	0.4994	0.5288	0.4025	0.4208	0.5673
v2_fc_loso_BT02	reports/v2_fc_loso_BT02/reliability_report.json	loso	human	prob_aug_recon_fc	eval	7.0000	8.0000	0.6833	fault_detection/test_id/encoder_dropout	0.9627	staleness	0.9627	0.4721	0.4735	0.6844	0.6785	0.4556	0.9627	0.4999	0.3880
v2_fc_loso_BT02	reports/v2_fc_loso_BT02/reliability_report.json	loso	human	prob_aug_recon_fc	eval	7.0000	8.0000	0.6833	fault_detection/test_id/imu_bias	0.5008	logit	0.5282	0.5282	0.4531	0.5010	0.5012	0.4987	0.5008	0.4997	0.5167
v2_fc_loso_BT02	reports/v2_fc_loso_BT02/reliability_report.json	loso	human	prob_aug_recon_fc	eval	7.0000	8.0000	0.6833	fault_detection/test_id/insole_missing	0.8088	staleness	0.8088	0.5660	0.3477	0.6585	0.6502	0.4364	0.8088	0.4999	0.4282
v2_fc_loso_BT02	reports/v2_fc_loso_BT02/reliability_report.json	loso	human	prob_aug_recon_fc	eval	7.0000	8.0000	0.6833	fault_detection/test_id/packet_loss	0.9335	staleness	0.9335	0.4995	0.4997	0.5008	0.5019	0.4988	0.9335	0.4610	0.5001
v2_fc_loso_BT02	reports/v2_fc_loso_BT02/reliability_report.json	loso	human	prob_aug_recon_fc	eval	7.0000	8.0000	0.6833	fault_detection/test_id/packet_loss_burst	0.9017	staleness	0.9017	0.4979	0.5004	0.5009	0.5030	0.5007	0.9017	0.0621	0.5016
v2_fc_loso_BT02	reports/v2_fc_loso_BT02/reliability_report.json	loso	human	prob_aug_recon_fc	eval	7.0000	8.0000	0.6833	fault_detection/test_id/packet_loss_partial	0.9343	coherence	0.9999	0.4991	0.5001	0.5008	0.5018	0.5149	0.9343	0.9999	0.4999
v2_fc_loso_BT02	reports/v2_fc_loso_BT02/reliability_report.json	loso	human	prob_aug_recon_fc	eval	7.0000	8.0000	0.6833	fault_detection/test_id/sensor_delay	0.4981	coherence	0.9359	0.4504	0.5195	0.5337	0.5303	0.4587	0.4981	0.9359	0.5151
v2_fc_loso_BT02	reports/v2_fc_loso_BT02/reliability_report.json	loso	human	prob_aug_recon_fc	eval	7.0000	8.0000	0.6833	fault_detection/test_id/sensor_delay_jitter	0.4985	coherence	0.9323	0.4509	0.5204	0.5424	0.5389	0.4839	0.4985	0.9323	0.5186
v2_fc_loso_BT02	reports/v2_fc_loso_BT02/reliability_report.json	loso	human	prob_aug_recon_fc	eval	7.0000	8.0000	0.6833	fault_detection/test_id/stuck_imu	0.9865	coherence	1.0000	0.4765	0.5324	0.5861	0.5810	0.5070	0.9865	1.0000	0.4951
v2_fc_loso_BT02	reports/v2_fc_loso_BT02/reliability_report.json	loso	human	prob_aug_recon_fc	eval	7.0000	8.0000	0.6833	fault_detection/test_ood/encoder_dropout	0.9944	staleness	0.9944	0.4660	0.4061	0.5880	0.5832	0.3569	0.9944	0.5004	0.4129
v2_fc_loso_BT02	reports/v2_fc_loso_BT02/reliability_report.json	loso	human	prob_aug_recon_fc	eval	7.0000	8.0000	0.6833	fault_detection/test_ood/imu_bias	0.5010	logit	0.5344	0.5344	0.4557	0.4998	0.5012	0.4885	0.5010	0.5001	0.5067
v2_fc_loso_BT02	reports/v2_fc_loso_BT02/reliability_report.json	loso	human	prob_aug_recon_fc	eval	7.0000	8.0000	0.6833	fault_detection/test_ood/insole_missing	0.8904	staleness	0.8904	0.5279	0.2893	0.6222	0.6181	0.3686	0.8904	0.5004	0.4292
v2_fc_loso_BT02	reports/v2_fc_loso_BT02/reliability_report.json	loso	human	prob_aug_recon_fc	eval	7.0000	8.0000	0.6833	fault_detection/test_ood/packet_loss	0.9828	staleness	0.9828	0.4995	0.4999	0.5015	0.5030	0.4964	0.9828	0.4578	0.5007
v2_fc_loso_BT02	reports/v2_fc_loso_BT02/reliability_report.json	loso	human	prob_aug_recon_fc	eval	7.0000	8.0000	0.6833	fault_detection/test_ood/packet_loss_burst	0.9459	staleness	0.9459	0.4991	0.5011	0.5006	0.5040	0.4832	0.9459	0.0811	0.5037
v2_fc_loso_BT02	reports/v2_fc_loso_BT02/reliability_report.json	loso	human	prob_aug_recon_fc	eval	7.0000	8.0000	0.6833	fault_detection/test_ood/packet_loss_partial	0.9852	coherence	0.9996	0.4988	0.5005	0.5000	0.5021	0.5285	0.9852	0.9996	0.5006
v2_fc_loso_BT02	reports/v2_fc_loso_BT02/reliability_report.json	loso	human	prob_aug_recon_fc	eval	7.0000	8.0000	0.6833	fault_detection/test_ood/sensor_delay	0.5006	coherence	0.9859	0.4803	0.5003	0.5192	0.5195	0.4823	0.5006	0.9859	0.5193
v2_fc_loso_BT02	reports/v2_fc_loso_BT02/reliability_report.json	loso	human	prob_aug_recon_fc	eval	7.0000	8.0000	0.6833	fault_detection/test_ood/sensor_delay_jitter	0.5004	coherence	0.9504	0.4795	0.5000	0.5267	0.5269	0.4830	0.5004	0.9504	0.5191
v2_fc_loso_BT02	reports/v2_fc_loso_BT02/reliability_report.json	loso	human	prob_aug_recon_fc	eval	7.0000	8.0000	0.6833	fault_detection/test_ood/stuck_imu	0.9992	coherence	1.0000	0.4944	0.5054	0.4863	0.4865	0.5014	0.9992	1.0000	0.4998
v2_fc_loso_BT02	reports/v2_fc_loso_BT02/reliability_report.json	loso	human	prob_aug_recon_fc	eval	7.0000	8.0000	0.6833	fault_detection/train/encoder_dropout	0.9432	staleness	0.9432	0.5702	0.4387	0.8215	0.8042	0.5131	0.9432	0.5000	0.4622
v2_fc_loso_BT02	reports/v2_fc_loso_BT02/reliability_report.json	loso	human	prob_aug_recon_fc	eval	7.0000	8.0000	0.6833	fault_detection/train/imu_bias	0.5009	drift	0.5253	0.5243	0.4570	0.5021	0.5022	0.4960	0.5009	0.5000	0.5253
v2_fc_loso_BT02	reports/v2_fc_loso_BT02/reliability_report.json	loso	human	prob_aug_recon_fc	eval	7.0000	8.0000	0.6833	fault_detection/train/insole_missing	0.8254	staleness	0.8254	0.5131	0.3668	0.7955	0.7714	0.4033	0.8254	0.5000	0.3639
v2_fc_loso_BT02	reports/v2_fc_loso_BT02/reliability_report.json	loso	human	prob_aug_recon_fc	eval	7.0000	8.0000	0.6833	fault_detection/train/packet_loss	0.9226	staleness	0.9226	0.4997	0.5000	0.5006	0.5022	0.4991	0.9226	0.4795	0.5003
v2_fc_loso_BT02	reports/v2_fc_loso_BT02/reliability_report.json	loso	human	prob_aug_recon_fc	eval	7.0000	8.0000	0.6833	fault_detection/train/packet_loss_burst	0.8985	staleness	0.8985	0.4989	0.5004	0.5034	0.5060	0.5026	0.8985	0.0724	0.5027
v2_fc_loso_BT02	reports/v2_fc_loso_BT02/reliability_report.json	loso	human	prob_aug_recon_fc	eval	7.0000	8.0000	0.6833	fault_detection/train/packet_loss_partial	0.9250	coherence	0.9997	0.4996	0.5000	0.5009	0.5021	0.5004	0.9250	0.9997	0.5002
v2_fc_loso_BT02	reports/v2_fc_loso_BT02/reliability_report.json	loso	human	prob_aug_recon_fc	eval	7.0000	8.0000	0.6833	fault_detection/train/sensor_delay	0.4987	coherence	0.9452	0.4485	0.5226	0.5433	0.5387	0.4663	0.4987	0.9452	0.5161
v2_fc_loso_BT02	reports/v2_fc_loso_BT02/reliability_report.json	loso	human	prob_aug_recon_fc	eval	7.0000	8.0000	0.6833	fault_detection/train/sensor_delay_jitter	0.4985	coherence	0.9296	0.4444	0.5255	0.5528	0.5476	0.4692	0.4985	0.9296	0.5177
v2_fc_loso_BT02	reports/v2_fc_loso_BT02/reliability_report.json	loso	human	prob_aug_recon_fc	eval	7.0000	8.0000	0.6833	fault_detection/train/stuck_imu	0.9669	coherence	1.0000	0.4704	0.5275	0.5988	0.5888	0.4945	0.9669	1.0000	0.4886
v2_fc_loso_BT02	reports/v2_fc_loso_BT02/reliability_report.json	loso	human	prob_aug_recon_fc	eval	7.0000	8.0000	0.6833	fault_detection/val/encoder_dropout	0.9170	staleness	0.9170	0.5015	0.4598	0.5635	0.5557	0.4584	0.9170	0.4994	0.3961
v2_fc_loso_BT02	reports/v2_fc_loso_BT02/reliability_report.json	loso	human	prob_aug_recon_fc	eval	7.0000	8.0000	0.6833	fault_detection/val/imu_bias	0.5021	logit	0.5207	0.5207	0.4763	0.4957	0.4955	0.5005	0.5021	0.4986	0.5113
v2_fc_loso_BT02	reports/v2_fc_loso_BT02/reliability_report.json	loso	human	prob_aug_recon_fc	eval	7.0000	8.0000	0.6833	fault_detection/val/insole_missing	0.7388	staleness	0.7388	0.5675	0.4031	0.5418	0.5337	0.4640	0.7388	0.4994	0.4626
v2_fc_loso_BT02	reports/v2_fc_loso_BT02/reliability_report.json	loso	human	prob_aug_recon_fc	eval	7.0000	8.0000	0.6833	fault_detection/val/packet_loss	0.8734	staleness	0.8734	0.5000	0.4996	0.5004	0.5021	0.4807	0.8734	0.4640	0.5006
v2_fc_loso_BT02	reports/v2_fc_loso_BT02/reliability_report.json	loso	human	prob_aug_recon_fc	eval	7.0000	8.0000	0.6833	fault_detection/val/packet_loss_burst	0.8237	staleness	0.8237	0.4979	0.5005	0.5026	0.5041	0.5024	0.8237	0.1379	0.5019
v2_fc_loso_BT02	reports/v2_fc_loso_BT02/reliability_report.json	loso	human	prob_aug_recon_fc	eval	7.0000	8.0000	0.6833	fault_detection/val/packet_loss_partial	0.8713	coherence	0.9924	0.4992	0.4995	0.5009	0.5026	0.4690	0.8713	0.9924	0.5006
v2_fc_loso_BT02	reports/v2_fc_loso_BT02/reliability_report.json	loso	human	prob_aug_recon_fc	eval	7.0000	8.0000	0.6833	fault_detection/val/sensor_delay	0.4993	coherence	0.8888	0.4764	0.5047	0.5248	0.5223	0.4991	0.4993	0.8888	0.5144
v2_fc_loso_BT02	reports/v2_fc_loso_BT02/reliability_report.json	loso	human	prob_aug_recon_fc	eval	7.0000	8.0000	0.6833	fault_detection/val/sensor_delay_jitter	0.4995	coherence	0.8848	0.4732	0.5066	0.5331	0.5308	0.4742	0.4995	0.8848	0.5155
v2_fc_loso_BT02	reports/v2_fc_loso_BT02/reliability_report.json	loso	human	prob_aug_recon_fc	eval	7.0000	8.0000	0.6833	fault_detection/val/stuck_imu	0.9460	coherence	1.0000	0.4750	0.5171	0.5809	0.5735	0.4830	0.9460	1.0000	0.4927
v2_fc_loso_BT02	reports/v2_fc_loso_BT02/reliability_report.json	loso	human	prob_aug_recon_fc	eval	7.0000	8.0000	0.6833	ood_detection/clean	0.7448	aleatoric	0.7187	0.4447	0.7187	0.5886	0.5891	0.6533	0.5629	0.5853	0.6003
v2_fc_loso_BT03	reports/v2_fc_loso_BT03/reliability_report.json	loso	human	prob_aug_recon_fc	eval	7.0000	8.0000	0.9060	fault_detection/test_id/encoder_dropout	0.9715	staleness	0.9720	0.5974	0.3223	0.7673	0.7609	0.4514	0.9720	0.5001	0.3863
v2_fc_loso_BT03	reports/v2_fc_loso_BT03/reliability_report.json	loso	human	prob_aug_recon_fc	eval	7.0000	8.0000	0.9060	fault_detection/test_id/imu_bias	0.5001	logit	0.5370	0.5370	0.4270	0.5058	0.5057	0.4935	0.5021	0.5000	0.5132
v2_fc_loso_BT03	reports/v2_fc_loso_BT03/reliability_report.json	loso	human	prob_aug_recon_fc	eval	7.0000	8.0000	0.9060	fault_detection/test_id/insole_missing	0.6100	staleness	0.8284	0.5763	0.3273	0.6582	0.6507	0.4621	0.8284	0.5001	0.4442
v2_fc_loso_BT03	reports/v2_fc_loso_BT03/reliability_report.json	loso	human	prob_aug_recon_fc	eval	7.0000	8.0000	0.9060	fault_detection/test_id/packet_loss	0.9199	staleness	0.9539	0.4994	0.4994	0.5006	0.5022	0.5133	0.9539	0.4645	0.5006
v2_fc_loso_BT03	reports/v2_fc_loso_BT03/reliability_report.json	loso	human	prob_aug_recon_fc	eval	7.0000	8.0000	0.9060	fault_detection/test_id/packet_loss_burst	0.8081	staleness	0.9334	0.4991	0.5004	0.5032	0.5061	0.5033	0.9334	0.0699	0.5022
v2_fc_loso_BT03	reports/v2_fc_loso_BT03/reliability_report.json	loso	human	prob_aug_recon_fc	eval	7.0000	8.0000	0.9060	fault_detection/test_id/packet_loss_partial	0.9635	coherence	0.9999	0.4993	0.5001	0.5015	0.5028	0.5010	0.9555	0.9999	0.5009
v2_fc_loso_BT03	reports/v2_fc_loso_BT03/reliability_report.json	loso	human	prob_aug_recon_fc	eval	7.0000	8.0000	0.9060	fault_detection/test_id/sensor_delay	0.9060	coherence	0.9660	0.4565	0.5350	0.5214	0.5168	0.4714	0.5023	0.9660	0.5224
v2_fc_loso_BT03	reports/v2_fc_loso_BT03/reliability_report.json	loso	human	prob_aug_recon_fc	eval	7.0000	8.0000	0.9060	fault_detection/test_id/sensor_delay_jitter	0.8869	coherence	0.9439	0.4538	0.5364	0.5367	0.5317	0.4631	0.5028	0.9439	0.5208
v2_fc_loso_BT03	reports/v2_fc_loso_BT03/reliability_report.json	loso	human	prob_aug_recon_fc	eval	7.0000	8.0000	0.9060	fault_detection/test_id/stuck_imu	0.9885	coherence	1.0000	0.4510	0.5587	0.5875	0.5810	0.4824	0.9867	1.0000	0.4907
v2_fc_loso_BT03	reports/v2_fc_loso_BT03/reliability_report.json	loso	human	prob_aug_recon_fc	eval	7.0000	8.0000	0.9060	fault_detection/test_ood/encoder_dropout	0.9185	staleness	0.9236	0.5627	0.3165	0.4440	0.4469	0.3488	0.9236	0.4997	0.3653
v2_fc_loso_BT03	reports/v2_fc_loso_BT03/reliability_report.json	loso	human	prob_aug_recon_fc	eval	7.0000	8.0000	0.9060	fault_detection/test_ood/imu_bias	0.5011	logit	0.5275	0.5275	0.4650	0.5040	0.5038	0.4878	0.5001	0.4994	0.5051
v2_fc_loso_BT03	reports/v2_fc_loso_BT03/reliability_report.json	loso	human	prob_aug_recon_fc	eval	7.0000	8.0000	0.9060	fault_detection/test_ood/insole_missing	0.6739	staleness	0.7661	0.5808	0.3662	0.6010	0.6017	0.4415	0.7661	0.4997	0.4455
v2_fc_loso_BT03	reports/v2_fc_loso_BT03/reliability_report.json	loso	human	prob_aug_recon_fc	eval	7.0000	8.0000	0.9060	fault_detection/test_ood/packet_loss	0.8446	staleness	0.8787	0.4998	0.5000	0.5000	0.5018	0.5056	0.8787	0.4495	0.5004
v2_fc_loso_BT03	reports/v2_fc_loso_BT03/reliability_report.json	loso	human	prob_aug_recon_fc	eval	7.0000	8.0000	0.9060	fault_detection/test_ood/packet_loss_burst	0.7910	staleness	0.8530	0.4995	0.4991	0.5003	0.5020	0.4934	0.8530	0.0845	0.5015
v2_fc_loso_BT03	reports/v2_fc_loso_BT03/reliability_report.json	loso	human	prob_aug_recon_fc	eval	7.0000	8.0000	0.9060	fault_detection/test_ood/packet_loss_partial	0.9118	coherence	0.9996	0.4999	0.4998	0.5008	0.5018	0.4889	0.8852	0.9996	0.5004
v2_fc_loso_BT03	reports/v2_fc_loso_BT03/reliability_report.json	loso	human	prob_aug_recon_fc	eval	7.0000	8.0000	0.9060	fault_detection/test_ood/sensor_delay	0.7944	coherence	0.9759	0.4917	0.5053	0.5070	0.5074	0.4874	0.5001	0.9759	0.5061
v2_fc_loso_BT03	reports/v2_fc_loso_BT03/reliability_report.json	loso	human	prob_aug_recon_fc	eval	7.0000	8.0000	0.9060	fault_detection/test_ood/sensor_delay_jitter	0.7861	coherence	0.9579	0.4899	0.5042	0.5116	0.5110	0.4926	0.5007	0.9579	0.5091
v2_fc_loso_BT03	reports/v2_fc_loso_BT03/reliability_report.json	loso	human	prob_aug_recon_fc	eval	7.0000	8.0000	0.9060	fault_detection/test_ood/stuck_imu	0.9535	coherence	1.0000	0.4869	0.5019	0.4994	0.4994	0.5004	0.9495	1.0000	0.4992
v2_fc_loso_BT03	reports/v2_fc_loso_BT03/reliability_report.json	loso	human	prob_aug_recon_fc	eval	7.0000	8.0000	0.9060	fault_detection/train/encoder_dropout	0.8961	staleness	0.9357	0.6055	0.3865	0.8107	0.7914	0.4900	0.9357	0.5000	0.4631
v2_fc_loso_BT03	reports/v2_fc_loso_BT03/reliability_report.json	loso	human	prob_aug_recon_fc	eval	7.0000	8.0000	0.9060	fault_detection/train/imu_bias	0.5001	logit	0.5290	0.5290	0.4524	0.5053	0.5045	0.4952	0.5010	0.5000	0.5189
v2_fc_loso_BT03	reports/v2_fc_loso_BT03/reliability_report.json	loso	human	prob_aug_recon_fc	eval	7.0000	8.0000	0.9060	fault_detection/train/insole_missing	0.5824	staleness	0.8162	0.5427	0.3662	0.7686	0.7429	0.4249	0.8162	0.5000	0.3646
v2_fc_loso_BT03	reports/v2_fc_loso_BT03/reliability_report.json	loso	human	prob_aug_recon_fc	eval	7.0000	8.0000	0.9060	fault_detection/train/packet_loss	0.7971	staleness	0.9140	0.4997	0.5001	0.5007	0.5023	0.4975	0.9140	0.4802	0.5002
v2_fc_loso_BT03	reports/v2_fc_loso_BT03/reliability_report.json	loso	human	prob_aug_recon_fc	eval	7.0000	8.0000	0.9060	fault_detection/train/packet_loss_burst	0.6454	staleness	0.8889	0.4987	0.5006	0.5033	0.5058	0.4992	0.8889	0.0791	0.5028
v2_fc_loso_BT03	reports/v2_fc_loso_BT03/reliability_report.json	loso	human	prob_aug_recon_fc	eval	7.0000	8.0000	0.9060	fault_detection/train/packet_loss_partial	0.9403	coherence	0.9988	0.4997	0.5001	0.5010	0.5021	0.4991	0.9158	0.9988	0.5001
v2_fc_loso_BT03	reports/v2_fc_loso_BT03/reliability_report.json	loso	human	prob_aug_recon_fc	eval	7.0000	8.0000	0.9060	fault_detection/train/sensor_delay	0.8656	coherence	0.9381	0.4559	0.5263	0.5398	0.5338	0.4735	0.4985	0.9381	0.5144
v2_fc_loso_BT03	reports/v2_fc_loso_BT03/reliability_report.json	loso	human	prob_aug_recon_fc	eval	7.0000	8.0000	0.9060	fault_detection/train/sensor_delay_jitter	0.8505	coherence	0.9200	0.4516	0.5296	0.5507	0.5440	0.4776	0.4985	0.9200	0.5154
v2_fc_loso_BT03	reports/v2_fc_loso_BT03/reliability_report.json	loso	human	prob_aug_recon_fc	eval	7.0000	8.0000	0.9060	fault_detection/train/stuck_imu	0.9681	coherence	1.0000	0.4601	0.5353	0.5918	0.5798	0.4884	0.9626	1.0000	0.4879
v2_fc_loso_BT03	reports/v2_fc_loso_BT03/reliability_report.json	loso	human	prob_aug_recon_fc	eval	7.0000	8.0000	0.9060	fault_detection/val/encoder_dropout	0.9437	staleness	0.9603	0.4963	0.4213	0.6491	0.6451	0.4175	0.9603	0.4999	0.3804
v2_fc_loso_BT03	reports/v2_fc_loso_BT03/reliability_report.json	loso	human	prob_aug_recon_fc	eval	7.0000	8.0000	0.9060	fault_detection/val/imu_bias	0.5002	logit	0.5343	0.5343	0.4468	0.5051	0.5047	0.4927	0.5009	0.5001	0.5112
v2_fc_loso_BT03	reports/v2_fc_loso_BT03/reliability_report.json	loso	human	prob_aug_recon_fc	eval	7.0000	8.0000	0.9060	fault_detection/val/insole_missing	0.5935	staleness	0.8067	0.5865	0.3457	0.6168	0.6119	0.4591	0.8067	0.4999	0.4313
v2_fc_loso_BT03	reports/v2_fc_loso_BT03/reliability_report.json	loso	human	prob_aug_recon_fc	eval	7.0000	8.0000	0.9060	fault_detection/val/packet_loss	0.8159	staleness	0.9278	0.4992	0.5007	0.5003	0.5021	0.4964	0.9278	0.4633	0.4998
v2_fc_loso_BT03	reports/v2_fc_loso_BT03/reliability_report.json	loso	human	prob_aug_recon_fc	eval	7.0000	8.0000	0.9060	fault_detection/val/packet_loss_burst	0.6670	staleness	0.8967	0.4982	0.4999	0.5020	0.5046	0.5024	0.8967	0.0603	0.5000
v2_fc_loso_BT03	reports/v2_fc_loso_BT03/reliability_report.json	loso	human	prob_aug_recon_fc	eval	7.0000	8.0000	0.9060	fault_detection/val/packet_loss_partial	0.9676	coherence	0.9999	0.4996	0.5000	0.5013	0.5024	0.5014	0.9323	0.9999	0.5001
v2_fc_loso_BT03	reports/v2_fc_loso_BT03/reliability_report.json	loso	human	prob_aug_recon_fc	eval	7.0000	8.0000	0.9060	fault_detection/val/sensor_delay	0.8659	coherence	0.9359	0.4514	0.5279	0.5293	0.5255	0.4841	0.4981	0.9359	0.5152
v2_fc_loso_BT03	reports/v2_fc_loso_BT03/reliability_report.json	loso	human	prob_aug_recon_fc	eval	7.0000	8.0000	0.9060	fault_detection/val/sensor_delay_jitter	0.8659	coherence	0.9354	0.4482	0.5323	0.5415	0.5370	0.4779	0.4984	0.9354	0.5164
v2_fc_loso_BT03	reports/v2_fc_loso_BT03/reliability_report.json	loso	human	prob_aug_recon_fc	eval	7.0000	8.0000	0.9060	fault_detection/val/stuck_imu	0.9888	coherence	1.0000	0.4599	0.5415	0.5762	0.5726	0.4865	0.9858	1.0000	0.4953
v2_fc_loso_BT03	reports/v2_fc_loso_BT03/reliability_report.json	loso	human	prob_aug_recon_fc	eval	7.0000	8.0000	0.9060	ood_detection/clean	0.7229	staleness	0.6437	0.5181	0.5861	0.5708	0.5650	0.5530	0.6437	0.5808	0.5866
v2_fc_loso_BT06	reports/v2_fc_loso_BT06/reliability_report.json	loso	human	prob_aug_recon_fc	eval	7.0000	0.2500	1.5936	fault_detection/test_id/encoder_dropout	0.9145	staleness	0.9257	0.6140	0.4009	0.8044	0.7885	0.5103	0.9257	0.5001	0.4741
v2_fc_loso_BT06	reports/v2_fc_loso_BT06/reliability_report.json	loso	human	prob_aug_recon_fc	eval	7.0000	0.2500	1.5936	fault_detection/test_id/imu_bias	0.5108	logit	0.5315	0.5315	0.4493	0.5010	0.5018	0.5080	0.5009	0.4997	0.5266
v2_fc_loso_BT06	reports/v2_fc_loso_BT06/reliability_report.json	loso	human	prob_aug_recon_fc	eval	7.0000	0.2500	1.5936	fault_detection/test_id/insole_missing	0.6296	residual	0.7943	0.5264	0.3800	0.7943	0.7706	0.4321	0.7882	0.5001	0.3948
v2_fc_loso_BT06	reports/v2_fc_loso_BT06/reliability_report.json	loso	human	prob_aug_recon_fc	eval	7.0000	0.2500	1.5936	fault_detection/test_id/packet_loss	0.8326	staleness	0.9005	0.4994	0.5003	0.5009	0.5028	0.5181	0.9005	0.4619	0.5000
v2_fc_loso_BT06	reports/v2_fc_loso_BT06/reliability_report.json	loso	human	prob_aug_recon_fc	eval	7.0000	0.2500	1.5936	fault_detection/test_id/packet_loss_burst	0.7685	staleness	0.8794	0.4983	0.4999	0.5036	0.5062	0.4991	0.8794	0.0646	0.5034
v2_fc_loso_BT06	reports/v2_fc_loso_BT06/reliability_report.json	loso	human	prob_aug_recon_fc	eval	7.0000	0.2500	1.5936	fault_detection/test_id/packet_loss_partial	0.9229	coherence	1.0000	0.4991	0.4999	0.5014	0.5030	0.5022	0.9018	1.0000	0.4995
v2_fc_loso_BT06	reports/v2_fc_loso_BT06/reliability_report.json	loso	human	prob_aug_recon_fc	eval	7.0000	0.2500	1.5936	fault_detection/test_id/sensor_delay	0.8124	coherence	0.9596	0.4626	0.5105	0.5371	0.5323	0.4613	0.4974	0.9596	0.5165
v2_fc_loso_BT06	reports/v2_fc_loso_BT06/reliability_report.json	loso	human	prob_aug_recon_fc	eval	7.0000	0.2500	1.5936	fault_detection/test_id/sensor_delay_jitter	0.7929	coherence	0.9477	0.4578	0.5156	0.5472	0.5418	0.4780	0.4976	0.9477	0.5161
v2_fc_loso_BT06	reports/v2_fc_loso_BT06/reliability_report.json	loso	human	prob_aug_recon_fc	eval	7.0000	0.2500	1.5936	fault_detection/test_id/stuck_imu	0.9607	coherence	1.0000	0.4653	0.5433	0.5867	0.5760	0.5011	0.9572	1.0000	0.4768
v2_fc_loso_BT06	reports/v2_fc_loso_BT06/reliability_report.json	loso	human	prob_aug_recon_fc	eval	7.0000	0.2500	1.5936	fault_detection/test_ood/encoder_dropout	0.9500	staleness	0.9625	0.6163	0.3501	0.5619	0.5539	0.4093	0.9625	0.5003	0.4704
v2_fc_loso_BT06	reports/v2_fc_loso_BT06/reliability_report.json	loso	human	prob_aug_recon_fc	eval	7.0000	0.2500	1.5936	fault_detection/test_ood/imu_bias	0.5266	logit	0.5398	0.5398	0.4548	0.5039	0.5052	0.4814	0.5008	0.5001	0.5036
v2_fc_loso_BT06	reports/v2_fc_loso_BT06/reliability_report.json	loso	human	prob_aug_recon_fc	eval	7.0000	0.2500	1.5936	fault_detection/test_ood/insole_missing	0.7097	staleness	0.8321	0.5065	0.3074	0.6905	0.6764	0.3685	0.8321	0.5003	0.3444
v2_fc_loso_BT06	reports/v2_fc_loso_BT06/reliability_report.json	loso	human	prob_aug_recon_fc	eval	7.0000	0.2500	1.5936	fault_detection/test_ood/packet_loss	0.8617	staleness	0.9363	0.4991	0.4998	0.5006	0.5027	0.4809	0.9363	0.4752	0.4999
v2_fc_loso_BT06	reports/v2_fc_loso_BT06/reliability_report.json	loso	human	prob_aug_recon_fc	eval	7.0000	0.2500	1.5936	fault_detection/test_ood/packet_loss_burst	0.8296	staleness	0.9096	0.4978	0.4997	0.5014	0.5041	0.5200	0.9096	0.1193	0.5025
v2_fc_loso_BT06	reports/v2_fc_loso_BT06/reliability_report.json	loso	human	prob_aug_recon_fc	eval	7.0000	0.2500	1.5936	fault_detection/test_ood/packet_loss_partial	0.9604	coherence	0.9984	0.4991	0.5006	0.5017	0.5035	0.5042	0.9387	0.9984	0.5001
v2_fc_loso_BT06	reports/v2_fc_loso_BT06/reliability_report.json	loso	human	prob_aug_recon_fc	eval	7.0000	0.2500	1.5936	fault_detection/test_ood/sensor_delay	0.8650	coherence	0.9722	0.4839	0.5060	0.5266	0.5256	0.4832	0.4988	0.9722	0.5076
v2_fc_loso_BT06	reports/v2_fc_loso_BT06/reliability_report.json	loso	human	prob_aug_recon_fc	eval	7.0000	0.2500	1.5936	fault_detection/test_ood/sensor_delay_jitter	0.8228	coherence	0.9358	0.4828	0.5056	0.5258	0.5252	0.4973	0.4992	0.9358	0.5109
v2_fc_loso_BT06	reports/v2_fc_loso_BT06/reliability_report.json	loso	human	prob_aug_recon_fc	eval	7.0000	0.2500	1.5936	fault_detection/test_ood/stuck_imu	0.9968	coherence	1.0000	0.4990	0.5020	0.4738	0.4776	0.5052	0.9946	1.0000	0.4987
v2_fc_loso_BT06	reports/v2_fc_loso_BT06/reliability_report.json	loso	human	prob_aug_recon_fc	eval	7.0000	0.2500	1.5936	fault_detection/train/encoder_dropout	0.8903	staleness	0.9363	0.5588	0.4187	0.8244	0.8061	0.4955	0.9363	0.5000	0.4623
v2_fc_loso_BT06	reports/v2_fc_loso_BT06/reliability_report.json	loso	human	prob_aug_recon_fc	eval	7.0000	0.2500	1.5936	fault_detection/train/imu_bias	0.5093	logit	0.5235	0.5235	0.4552	0.5018	0.5021	0.4933	0.5008	0.5000	0.5183
v2_fc_loso_BT06	reports/v2_fc_loso_BT06/reliability_report.json	loso	human	prob_aug_recon_fc	eval	7.0000	0.2500	1.5936	fault_detection/train/insole_missing	0.5982	staleness	0.8150	0.5232	0.3355	0.8147	0.7906	0.3918	0.8150	0.5000	0.3616
v2_fc_loso_BT06	reports/v2_fc_loso_BT06/reliability_report.json	loso	human	prob_aug_recon_fc	eval	7.0000	0.2500	1.5936	fault_detection/train/packet_loss	0.7923	staleness	0.9139	0.4997	0.5000	0.5005	0.5020	0.4993	0.9139	0.4790	0.5001
v2_fc_loso_BT06	reports/v2_fc_loso_BT06/reliability_report.json	loso	human	prob_aug_recon_fc	eval	7.0000	0.2500	1.5936	fault_detection/train/packet_loss_burst	0.7039	staleness	0.8871	0.4988	0.5002	0.5030	0.5054	0.5010	0.8871	0.0773	0.5028
v2_fc_loso_BT06	reports/v2_fc_loso_BT06/reliability_report.json	loso	human	prob_aug_recon_fc	eval	7.0000	0.2500	1.5936	fault_detection/train/packet_loss_partial	0.9416	coherence	0.9988	0.4997	0.5000	0.5009	0.5021	0.4984	0.9158	0.9988	0.5003
v2_fc_loso_BT06	reports/v2_fc_loso_BT06/reliability_report.json	loso	human	prob_aug_recon_fc	eval	7.0000	0.2500	1.5936	fault_detection/train/sensor_delay	0.8248	coherence	0.9356	0.4583	0.5173	0.5395	0.5343	0.4766	0.4986	0.9356	0.5140
v2_fc_loso_BT06	reports/v2_fc_loso_BT06/reliability_report.json	loso	human	prob_aug_recon_fc	eval	7.0000	0.2500	1.5936	fault_detection/train/sensor_delay_jitter	0.8130	coherence	0.9200	0.4547	0.5208	0.5515	0.5456	0.4789	0.4987	0.9200	0.5157
v2_fc_loso_BT06	reports/v2_fc_loso_BT06/reliability_report.json	loso	human	prob_aug_recon_fc	eval	7.0000	0.2500	1.5936	fault_detection/train/stuck_imu	0.9696	coherence	1.0000	0.4698	0.5372	0.5990	0.5884	0.4996	0.9642	1.0000	0.4879
v2_fc_loso_BT06	reports/v2_fc_loso_BT06/reliability_report.json	loso	human	prob_aug_recon_fc	eval	7.0000	0.2500	1.5936	fault_detection/val/encoder_dropout	0.9690	staleness	0.9707	0.5572	0.3522	0.8635	0.8521	0.4678	0.9707	0.5000	0.4094
v2_fc_loso_BT06	reports/v2_fc_loso_BT06/reliability_report.json	loso	human	prob_aug_recon_fc	eval	7.0000	0.2500	1.5936	fault_detection/val/imu_bias	0.5115	logit	0.5334	0.5334	0.4338	0.5013	0.5019	0.4868	0.5017	0.5000	0.5158
v2_fc_loso_BT06	reports/v2_fc_loso_BT06/reliability_report.json	loso	human	prob_aug_recon_fc	eval	7.0000	0.2500	1.5936	fault_detection/val/insole_missing	0.6393	staleness	0.8256	0.5480	0.3166	0.7761	0.7585	0.4216	0.8256	0.5000	0.4345
v2_fc_loso_BT06	reports/v2_fc_loso_BT06/reliability_report.json	loso	human	prob_aug_recon_fc	eval	7.0000	0.2500	1.5936	fault_detection/val/packet_loss	0.9223	staleness	0.9523	0.4992	0.4995	0.5008	0.5032	0.5054	0.9523	0.4685	0.5013
v2_fc_loso_BT06	reports/v2_fc_loso_BT06/reliability_report.json	loso	human	prob_aug_recon_fc	eval	7.0000	0.2500	1.5936	fault_detection/val/packet_loss_burst	0.8151	staleness	0.9207	0.4991	0.4991	0.5036	0.5067	0.4864	0.9207	0.0626	0.5013
v2_fc_loso_BT06	reports/v2_fc_loso_BT06/reliability_report.json	loso	human	prob_aug_recon_fc	eval	7.0000	0.2500	1.5936	fault_detection/val/packet_loss_partial	0.9628	coherence	0.9999	0.4990	0.5000	0.5013	0.5025	0.4966	0.9538	0.9999	0.5006
v2_fc_loso_BT06	reports/v2_fc_loso_BT06/reliability_report.json	loso	human	prob_aug_recon_fc	eval	7.0000	0.2500	1.5936	fault_detection/val/sensor_delay	0.8679	coherence	0.9660	0.4522	0.5182	0.5234	0.5212	0.4654	0.5028	0.9660	0.5231
v2_fc_loso_BT06	reports/v2_fc_loso_BT06/reliability_report.json	loso	human	prob_aug_recon_fc	eval	7.0000	0.2500	1.5936	fault_detection/val/sensor_delay_jitter	0.8568	coherence	0.9557	0.4494	0.5224	0.5366	0.5333	0.4603	0.5029	0.9557	0.5208
v2_fc_loso_BT06	reports/v2_fc_loso_BT06/reliability_report.json	loso	human	prob_aug_recon_fc	eval	7.0000	0.2500	1.5936	fault_detection/val/stuck_imu	0.9884	coherence	1.0000	0.4597	0.5517	0.6052	0.5963	0.4870	0.9862	1.0000	0.4878
v2_fc_loso_BT06	reports/v2_fc_loso_BT06/reliability_report.json	loso	human	prob_aug_recon_fc	eval	7.0000	0.2500	1.5936	ood_detection/clean	0.7269	drift	0.7310	0.4270	0.6566	0.6950	0.6832	0.5824	0.5691	0.4768	0.7310
v2_fc_loso_BT07	reports/v2_fc_loso_BT07/reliability_report.json	loso	human	prob_aug_recon_fc	eval	7.0000	8.0000	1.0118	fault_detection/test_id/encoder_dropout	0.9381	staleness	0.9381	0.5197	0.3806	0.7936	0.7749	0.4059	0.9381	0.5001	0.4611
v2_fc_loso_BT07	reports/v2_fc_loso_BT07/reliability_report.json	loso	human	prob_aug_recon_fc	eval	7.0000	8.0000	1.0118	fault_detection/test_id/imu_bias	0.5009	logit	0.5306	0.5306	0.4477	0.5048	0.5042	0.4943	0.5009	0.4997	0.5256
v2_fc_loso_BT07	reports/v2_fc_loso_BT07/reliability_report.json	loso	human	prob_aug_recon_fc	eval	7.0000	8.0000	1.0118	fault_detection/test_id/insole_missing	0.8126	staleness	0.8126	0.5407	0.3209	0.7731	0.7560	0.3434	0.8126	0.5001	0.3498
v2_fc_loso_BT07	reports/v2_fc_loso_BT07/reliability_report.json	loso	human	prob_aug_recon_fc	eval	7.0000	8.0000	1.0118	fault_detection/test_id/packet_loss	0.9170	staleness	0.9170	0.4992	0.5001	0.5011	0.5031	0.4895	0.9170	0.4911	0.4998
v2_fc_loso_BT07	reports/v2_fc_loso_BT07/reliability_report.json	loso	human	prob_aug_recon_fc	eval	7.0000	8.0000	1.0118	fault_detection/test_id/packet_loss_burst	0.8941	staleness	0.8941	0.4987	0.4998	0.5037	0.5065	0.5058	0.8941	0.0573	0.5019
v2_fc_loso_BT07	reports/v2_fc_loso_BT07/reliability_report.json	loso	human	prob_aug_recon_fc	eval	7.0000	8.0000	1.0118	fault_detection/test_id/packet_loss_partial	0.9198	coherence	0.9999	0.4992	0.5003	0.5010	0.5027	0.4929	0.9198	0.9999	0.5011
v2_fc_loso_BT07	reports/v2_fc_loso_BT07/reliability_report.json	loso	human	prob_aug_recon_fc	eval	7.0000	8.0000	1.0118	fault_detection/test_id/sensor_delay	0.4977	coherence	0.9230	0.4433	0.5308	0.5427	0.5392	0.4972	0.4977	0.9230	0.5163
v2_fc_loso_BT07	reports/v2_fc_loso_BT07/reliability_report.json	loso	human	prob_aug_recon_fc	eval	7.0000	8.0000	1.0118	fault_detection/test_id/sensor_delay_jitter	0.4974	coherence	0.9168	0.4373	0.5368	0.5532	0.5491	0.4834	0.4974	0.9168	0.5187
v2_fc_loso_BT07	reports/v2_fc_loso_BT07/reliability_report.json	loso	human	prob_aug_recon_fc	eval	7.0000	8.0000	1.0118	fault_detection/test_id/stuck_imu	0.9575	coherence	1.0000	0.4688	0.5389	0.5905	0.5809	0.4979	0.9575	1.0000	0.4878
v2_fc_loso_BT07	reports/v2_fc_loso_BT07/reliability_report.json	loso	human	prob_aug_recon_fc	eval	7.0000	8.0000	1.0118	fault_detection/test_ood/encoder_dropout	0.9783	staleness	0.9783	0.4586	0.3730	0.5259	0.5275	0.2624	0.9783	0.5002	0.4539
v2_fc_loso_BT07	reports/v2_fc_loso_BT07/reliability_report.json	loso	human	prob_aug_recon_fc	eval	7.0000	8.0000	1.0118	fault_detection/test_ood/imu_bias	0.5008	logit	0.5562	0.5562	0.4605	0.5092	0.5091	0.4864	0.5008	0.5000	0.5043
v2_fc_loso_BT07	reports/v2_fc_loso_BT07/reliability_report.json	loso	human	prob_aug_recon_fc	eval	7.0000	8.0000	1.0118	fault_detection/test_ood/insole_missing	0.8324	staleness	0.8324	0.5545	0.3015	0.7606	0.7518	0.3250	0.8324	0.5002	0.3730
v2_fc_loso_BT07	reports/v2_fc_loso_BT07/reliability_report.json	loso	human	prob_aug_recon_fc	eval	7.0000	8.0000	1.0118	fault_detection/test_ood/packet_loss	0.9464	staleness	0.9464	0.4991	0.5002	0.5004	0.5019	0.4946	0.9464	0.4958	0.4998
v2_fc_loso_BT07	reports/v2_fc_loso_BT07/reliability_report.json	loso	human	prob_aug_recon_fc	eval	7.0000	8.0000	1.0118	fault_detection/test_ood/packet_loss_burst	0.9118	staleness	0.9118	0.4984	0.4995	0.5006	0.5015	0.4903	0.9118	0.0897	0.5012
v2_fc_loso_BT07	reports/v2_fc_loso_BT07/reliability_report.json	loso	human	prob_aug_recon_fc	eval	7.0000	8.0000	1.0118	fault_detection/test_ood/packet_loss_partial	0.9464	coherence	1.0000	0.4992	0.5004	0.5011	0.5023	0.5114	0.9464	1.0000	0.4997
v2_fc_loso_BT07	reports/v2_fc_loso_BT07/reliability_report.json	loso	human	prob_aug_recon_fc	eval	7.0000	8.0000	1.0118	fault_detection/test_ood/sensor_delay	0.5011	coherence	0.9542	0.4686	0.5046	0.5241	0.5223	0.4835	0.5011	0.9542	0.5116
v2_fc_loso_BT07	reports/v2_fc_loso_BT07/reliability_report.json	loso	human	prob_aug_recon_fc	eval	7.0000	8.0000	1.0118	fault_detection/test_ood/sensor_delay_jitter	0.5015	coherence	0.9204	0.4654	0.5030	0.5260	0.5242	0.4855	0.5015	0.9204	0.5084
v2_fc_loso_BT07	reports/v2_fc_loso_BT07/reliability_report.json	loso	human	prob_aug_recon_fc	eval	7.0000	8.0000	1.0118	fault_detection/test_ood/stuck_imu	0.9937	coherence	1.0000	0.4977	0.4993	0.4847	0.4860	0.5076	0.9937	1.0000	0.4969
v2_fc_loso_BT07	reports/v2_fc_loso_BT07/reliability_report.json	loso	human	prob_aug_recon_fc	eval	7.0000	8.0000	1.0118	fault_detection/train/encoder_dropout	0.9385	staleness	0.9385	0.5399	0.4357	0.8167	0.7982	0.4822	0.9385	0.5000	0.4617
v2_fc_loso_BT07	reports/v2_fc_loso_BT07/reliability_report.json	loso	human	prob_aug_recon_fc	eval	7.0000	8.0000	1.0118	fault_detection/train/imu_bias	0.5007	logit	0.5242	0.5242	0.4570	0.5005	0.5007	0.4951	0.5007	0.5000	0.5181
v2_fc_loso_BT07	reports/v2_fc_loso_BT07/reliability_report.json	loso	human	prob_aug_recon_fc	eval	7.0000	8.0000	1.0118	fault_detection/train/insole_missing	0.8154	staleness	0.8154	0.5118	0.3759	0.7805	0.7611	0.3997	0.8154	0.5000	0.3634
v2_fc_loso_BT07	reports/v2_fc_loso_BT07/reliability_report.json	loso	human	prob_aug_recon_fc	eval	7.0000	8.0000	1.0118	fault_detection/train/packet_loss	0.9160	staleness	0.9160	0.4997	0.5000	0.5004	0.5018	0.4976	0.9160	0.4760	0.5001
v2_fc_loso_BT07	reports/v2_fc_loso_BT07/reliability_report.json	loso	human	prob_aug_recon_fc	eval	7.0000	8.0000	1.0118	fault_detection/train/packet_loss_burst	0.8904	staleness	0.8904	0.4988	0.5000	0.5027	0.5051	0.5006	0.8904	0.0819	0.5026
v2_fc_loso_BT07	reports/v2_fc_loso_BT07/reliability_report.json	loso	human	prob_aug_recon_fc	eval	7.0000	8.0000	1.0118	fault_detection/train/packet_loss_partial	0.9179	coherence	0.9988	0.4997	0.5000	0.5008	0.5019	0.4997	0.9179	0.9988	0.5001
v2_fc_loso_BT07	reports/v2_fc_loso_BT07/reliability_report.json	loso	human	prob_aug_recon_fc	eval	7.0000	8.0000	1.0118	fault_detection/train/sensor_delay	0.4989	coherence	0.9399	0.4554	0.5202	0.5389	0.5348	0.4759	0.4989	0.9399	0.5145
v2_fc_loso_BT07	reports/v2_fc_loso_BT07/reliability_report.json	loso	human	prob_aug_recon_fc	eval	7.0000	8.0000	1.0118	fault_detection/train/sensor_delay_jitter	0.4988	coherence	0.9215	0.4515	0.5233	0.5495	0.5450	0.4814	0.4988	0.9215	0.5159
v2_fc_loso_BT07	reports/v2_fc_loso_BT07/reliability_report.json	loso	human	prob_aug_recon_fc	eval	7.0000	8.0000	1.0118	fault_detection/train/stuck_imu	0.9667	coherence	1.0000	0.4752	0.5241	0.5920	0.5830	0.4943	0.9667	1.0000	0.4870
v2_fc_loso_BT07	reports/v2_fc_loso_BT07/reliability_report.json	loso	human	prob_aug_recon_fc	eval	7.0000	8.0000	1.0118	fault_detection/val/encoder_dropout	0.9250	staleness	0.9250	0.5919	0.4143	0.7878	0.7712	0.4910	0.9250	0.5002	0.4755
v2_fc_loso_BT07	reports/v2_fc_loso_BT07/reliability_report.json	loso	human	prob_aug_recon_fc	eval	7.0000	8.0000	1.0118	fault_detection/val/imu_bias	0.5007	logit	0.5313	0.5313	0.4515	0.5002	0.5004	0.5006	0.5008	0.4999	0.5269
v2_fc_loso_BT07	reports/v2_fc_loso_BT07/reliability_report.json	loso	human	prob_aug_recon_fc	eval	7.0000	8.0000	1.0118	fault_detection/val/insole_missing	0.7878	staleness	0.7878	0.5151	0.4117	0.7641	0.7456	0.4360	0.7878	0.5002	0.3910
v2_fc_loso_BT07	reports/v2_fc_loso_BT07/reliability_report.json	loso	human	prob_aug_recon_fc	eval	7.0000	8.0000	1.0118	fault_detection/val/packet_loss	0.9002	staleness	0.9002	0.4993	0.4999	0.5007	0.5023	0.5018	0.9002	0.4677	0.5005
v2_fc_loso_BT07	reports/v2_fc_loso_BT07/reliability_report.json	loso	human	prob_aug_recon_fc	eval	7.0000	8.0000	1.0118	fault_detection/val/packet_loss_burst	0.8783	staleness	0.8783	0.4989	0.5009	0.5038	0.5066	0.5036	0.8783	0.0651	0.5033
v2_fc_loso_BT07	reports/v2_fc_loso_BT07/reliability_report.json	loso	human	prob_aug_recon_fc	eval	7.0000	8.0000	1.0118	fault_detection/val/packet_loss_partial	0.9023	coherence	1.0000	0.4994	0.4999	0.5013	0.5028	0.5036	0.9023	1.0000	0.5000
v2_fc_loso_BT07	reports/v2_fc_loso_BT07/reliability_report.json	loso	human	prob_aug_recon_fc	eval	7.0000	8.0000	1.0118	fault_detection/val/sensor_delay	0.4975	coherence	0.9596	0.4570	0.5197	0.5342	0.5318	0.4815	0.4975	0.9596	0.5155
v2_fc_loso_BT07	reports/v2_fc_loso_BT07/reliability_report.json	loso	human	prob_aug_recon_fc	eval	7.0000	8.0000	1.0118	fault_detection/val/sensor_delay_jitter	0.4974	coherence	0.9355	0.4522	0.5222	0.5430	0.5396	0.4732	0.4974	0.9355	0.5193
v2_fc_loso_BT07	reports/v2_fc_loso_BT07/reliability_report.json	loso	human	prob_aug_recon_fc	eval	7.0000	8.0000	1.0118	fault_detection/val/stuck_imu	0.9568	coherence	1.0000	0.4721	0.5272	0.5727	0.5643	0.4912	0.9568	1.0000	0.4764
v2_fc_loso_BT07	reports/v2_fc_loso_BT07/reliability_report.json	loso	human	prob_aug_recon_fc	eval	7.0000	8.0000	1.0118	ood_detection/clean	0.6473	staleness	0.6679	0.5218	0.5575	0.6010	0.5852	0.6361	0.6679	0.5244	0.6675
v2_fc_loso_BT08	reports/v2_fc_loso_BT08/reliability_report.json	loso	human	prob_aug_recon_fc	eval	7.0000	8.0000	0.8243	fault_detection/test_id/encoder_dropout	0.9358	staleness	0.9549	0.5809	0.4363	0.8061	0.7944	0.5332	0.9549	0.5001	0.4736
v2_fc_loso_BT08	reports/v2_fc_loso_BT08/reliability_report.json	loso	human	prob_aug_recon_fc	eval	7.0000	8.0000	0.8243	fault_detection/test_id/imu_bias	0.5000	logit	0.5305	0.5305	0.4451	0.5025	0.5027	0.5132	0.5005	0.4999	0.5168
v2_fc_loso_BT08	reports/v2_fc_loso_BT08/reliability_report.json	loso	human	prob_aug_recon_fc	eval	7.0000	8.0000	0.8243	fault_detection/test_id/insole_missing	0.5847	staleness	0.8252	0.4439	0.4364	0.7213	0.7061	0.3904	0.8252	0.5001	0.3601
v2_fc_loso_BT08	reports/v2_fc_loso_BT08/reliability_report.json	loso	human	prob_aug_recon_fc	eval	7.0000	8.0000	0.8243	fault_detection/test_id/packet_loss	0.8108	staleness	0.9371	0.4993	0.5001	0.5007	0.5029	0.5047	0.9371	0.4683	0.4994
v2_fc_loso_BT08	reports/v2_fc_loso_BT08/reliability_report.json	loso	human	prob_aug_recon_fc	eval	7.0000	8.0000	0.8243	fault_detection/test_id/packet_loss_burst	0.7079	staleness	0.9180	0.4980	0.5001	0.5031	0.5064	0.5159	0.9180	0.0799	0.5036
v2_fc_loso_BT08	reports/v2_fc_loso_BT08/reliability_report.json	loso	human	prob_aug_recon_fc	eval	7.0000	8.0000	0.8243	fault_detection/test_id/packet_loss_partial	0.9579	coherence	0.9995	0.4992	0.5002	0.5011	0.5027	0.5097	0.9399	0.9995	0.5006
v2_fc_loso_BT08	reports/v2_fc_loso_BT08/reliability_report.json	loso	human	prob_aug_recon_fc	eval	7.0000	8.0000	0.8243	fault_detection/test_id/sensor_delay	0.8870	coherence	0.9323	0.4460	0.5251	0.5379	0.5367	0.4766	0.4993	0.9323	0.5164
v2_fc_loso_BT08	reports/v2_fc_loso_BT08/reliability_report.json	loso	human	prob_aug_recon_fc	eval	7.0000	8.0000	0.8243	fault_detection/test_id/sensor_delay_jitter	0.8663	coherence	0.9084	0.4487	0.5244	0.5455	0.5433	0.4741	0.4987	0.9084	0.5178
v2_fc_loso_BT08	reports/v2_fc_loso_BT08/reliability_report.json	loso	human	prob_aug_recon_fc	eval	7.0000	8.0000	0.8243	fault_detection/test_id/stuck_imu	0.9684	coherence	1.0000	0.4727	0.5198	0.5939	0.5864	0.4970	0.9663	1.0000	0.4777
v2_fc_loso_BT08	reports/v2_fc_loso_BT08/reliability_report.json	loso	human	prob_aug_recon_fc	eval	7.0000	8.0000	0.8243	fault_detection/test_ood/encoder_dropout	0.9258	staleness	0.9795	0.5432	0.4322	0.7485	0.7361	0.4602	0.9795	0.5001	0.4652
v2_fc_loso_BT08	reports/v2_fc_loso_BT08/reliability_report.json	loso	human	prob_aug_recon_fc	eval	7.0000	8.0000	0.8243	fault_detection/test_ood/imu_bias	0.4991	logit	0.5303	0.5303	0.4590	0.5080	0.5072	0.5068	0.5008	0.4994	0.5113
v2_fc_loso_BT08	reports/v2_fc_loso_BT08/reliability_report.json	loso	human	prob_aug_recon_fc	eval	7.0000	8.0000	0.8243	fault_detection/test_ood/insole_missing	0.6858	staleness	0.8308	0.4222	0.3774	0.6727	0.6678	0.3727	0.8308	0.5001	0.3686
v2_fc_loso_BT08	reports/v2_fc_loso_BT08/reliability_report.json	loso	human	prob_aug_recon_fc	eval	7.0000	8.0000	0.8243	fault_detection/test_ood/packet_loss	0.8669	staleness	0.9565	0.4998	0.5000	0.5011	0.5029	0.5179	0.9565	0.4713	0.5002
v2_fc_loso_BT08	reports/v2_fc_loso_BT08/reliability_report.json	loso	human	prob_aug_recon_fc	eval	7.0000	8.0000	0.8243	fault_detection/test_ood/packet_loss_burst	0.7587	staleness	0.9198	0.4988	0.5002	0.5011	0.5033	0.5050	0.9198	0.1086	0.5029
v2_fc_loso_BT08	reports/v2_fc_loso_BT08/reliability_report.json	loso	human	prob_aug_recon_fc	eval	7.0000	8.0000	0.8243	fault_detection/test_ood/packet_loss_partial	0.9911	coherence	0.9995	0.4996	0.5000	0.5002	0.5020	0.5162	0.9550	0.9995	0.5002
v2_fc_loso_BT08	reports/v2_fc_loso_BT08/reliability_report.json	loso	human	prob_aug_recon_fc	eval	7.0000	8.0000	0.8243	fault_detection/test_ood/sensor_delay	0.9312	coherence	0.9516	0.4817	0.4993	0.5146	0.5145	0.4675	0.4986	0.9516	0.5042
v2_fc_loso_BT08	reports/v2_fc_loso_BT08/reliability_report.json	loso	human	prob_aug_recon_fc	eval	7.0000	8.0000	0.8243	fault_detection/test_ood/sensor_delay_jitter	0.8871	coherence	0.9059	0.4775	0.4987	0.5173	0.5165	0.4817	0.4981	0.9059	0.5034
v2_fc_loso_BT08	reports/v2_fc_loso_BT08/reliability_report.json	loso	human	prob_aug_recon_fc	eval	7.0000	8.0000	0.8243	fault_detection/test_ood/stuck_imu	0.9973	coherence	1.0000	0.4868	0.4993	0.4689	0.4706	0.5116	0.9954	1.0000	0.4957
v2_fc_loso_BT08	reports/v2_fc_loso_BT08/reliability_report.json	loso	human	prob_aug_recon_fc	eval	7.0000	8.0000	0.8243	fault_detection/train/encoder_dropout	0.8785	staleness	0.9352	0.5733	0.4320	0.7642	0.7533	0.5027	0.9352	0.5000	0.4622
v2_fc_loso_BT08	reports/v2_fc_loso_BT08/reliability_report.json	loso	human	prob_aug_recon_fc	eval	7.0000	8.0000	0.8243	fault_detection/train/imu_bias	0.5000	logit	0.5281	0.5281	0.4530	0.5023	0.5023	0.4946	0.5008	0.5000	0.5185
v2_fc_loso_BT08	reports/v2_fc_loso_BT08/reliability_report.json	loso	human	prob_aug_recon_fc	eval	7.0000	8.0000	0.8243	fault_detection/train/insole_missing	0.5784	staleness	0.8118	0.4674	0.4264	0.7090	0.6970	0.4143	0.8118	0.5000	0.3648
v2_fc_loso_BT08	reports/v2_fc_loso_BT08/reliability_report.json	loso	human	prob_aug_recon_fc	eval	7.0000	8.0000	0.8243	fault_detection/train/packet_loss	0.7742	staleness	0.9117	0.4997	0.5000	0.5005	0.5016	0.4966	0.9117	0.4741	0.5001
v2_fc_loso_BT08	reports/v2_fc_loso_BT08/reliability_report.json	loso	human	prob_aug_recon_fc	eval	7.0000	8.0000	0.8243	fault_detection/train/packet_loss_burst	0.6251	staleness	0.8854	0.4988	0.5001	0.5023	0.5043	0.4964	0.8854	0.0759	0.5029
v2_fc_loso_BT08	reports/v2_fc_loso_BT08/reliability_report.json	loso	human	prob_aug_recon_fc	eval	7.0000	8.0000	0.8243	fault_detection/train/packet_loss_partial	0.9443	coherence	0.9988	0.4997	0.4999	0.5007	0.5016	0.5012	0.9138	0.9988	0.5002
v2_fc_loso_BT08	reports/v2_fc_loso_BT08/reliability_report.json	loso	human	prob_aug_recon_fc	eval	7.0000	8.0000	0.8243	fault_detection/train/sensor_delay	0.8717	coherence	0.9425	0.4588	0.5188	0.5347	0.5328	0.4758	0.4988	0.9425	0.5143
v2_fc_loso_BT08	reports/v2_fc_loso_BT08/reliability_report.json	loso	human	prob_aug_recon_fc	eval	7.0000	8.0000	0.8243	fault_detection/train/sensor_delay_jitter	0.8582	coherence	0.9264	0.4549	0.5211	0.5445	0.5423	0.4762	0.4985	0.9264	0.5161
v2_fc_loso_BT08	reports/v2_fc_loso_BT08/reliability_report.json	loso	human	prob_aug_recon_fc	eval	7.0000	8.0000	0.8243	fault_detection/train/stuck_imu	0.9727	coherence	1.0000	0.4752	0.5203	0.5755	0.5703	0.4858	0.9655	1.0000	0.4871
v2_fc_loso_BT08	reports/v2_fc_loso_BT08/reliability_report.json	loso	human	prob_aug_recon_fc	eval	7.0000	8.0000	0.8243	fault_detection/val/encoder_dropout	0.9218	staleness	0.9379	0.5450	0.3791	0.7513	0.7390	0.4315	0.9379	0.5000	0.4612
v2_fc_loso_BT08	reports/v2_fc_loso_BT08/reliability_report.json	loso	human	prob_aug_recon_fc	eval	7.0000	8.0000	0.8243	fault_detection/val/imu_bias	0.4997	logit	0.5373	0.5373	0.4373	0.5081	0.5076	0.4983	0.5010	0.5000	0.5247
v2_fc_loso_BT08	reports/v2_fc_loso_BT08/reliability_report.json	loso	human	prob_aug_recon_fc	eval	7.0000	8.0000	0.8243	fault_detection/val/insole_missing	0.5881	staleness	0.8123	0.4659	0.4013	0.6960	0.6872	0.3516	0.8123	0.5000	0.3484
v2_fc_loso_BT08	reports/v2_fc_loso_BT08/reliability_report.json	loso	human	prob_aug_recon_fc	eval	7.0000	8.0000	0.8243	fault_detection/val/packet_loss	0.8286	staleness	0.9180	0.4991	0.4998	0.5005	0.5022	0.4794	0.9180	0.4864	0.5002
v2_fc_loso_BT08	reports/v2_fc_loso_BT08/reliability_report.json	loso	human	prob_aug_recon_fc	eval	7.0000	8.0000	0.8243	fault_detection/val/packet_loss_burst	0.6423	staleness	0.8860	0.4974	0.5011	0.5018	0.5042	0.4969	0.8860	0.0736	0.5043
v2_fc_loso_BT08	reports/v2_fc_loso_BT08/reliability_report.json	loso	human	prob_aug_recon_fc	eval	7.0000	8.0000	0.8243	fault_detection/val/packet_loss_partial	0.9391	coherence	0.9999	0.4991	0.4999	0.5015	0.5028	0.4937	0.9199	0.9999	0.5000
v2_fc_loso_BT08	reports/v2_fc_loso_BT08/reliability_report.json	loso	human	prob_aug_recon_fc	eval	7.0000	8.0000	0.8243	fault_detection/val/sensor_delay	0.8513	coherence	0.9230	0.4400	0.5290	0.5414	0.5402	0.4763	0.4976	0.9230	0.5162
v2_fc_loso_BT08	reports/v2_fc_loso_BT08/reliability_report.json	loso	human	prob_aug_recon_fc	eval	7.0000	8.0000	0.8243	fault_detection/val/sensor_delay_jitter	0.8500	coherence	0.9207	0.4368	0.5315	0.5502	0.5486	0.4738	0.4977	0.9207	0.5177
v2_fc_loso_BT08	reports/v2_fc_loso_BT08/reliability_report.json	loso	human	prob_aug_recon_fc	eval	7.0000	8.0000	0.8243	fault_detection/val/stuck_imu	0.9612	coherence	1.0000	0.4657	0.5272	0.5788	0.5729	0.4796	0.9575	1.0000	0.4881
v2_fc_loso_BT08	reports/v2_fc_loso_BT08/reliability_report.json	loso	human	prob_aug_recon_fc	eval	7.0000	8.0000	0.8243	ood_detection/clean	0.7361	drift	0.6968	0.5485	0.6899	0.5495	0.5467	0.6886	0.6043	0.5417	0.6968
v2_fc_loso_BT09	reports/v2_fc_loso_BT09/reliability_report.json	loso	human	prob_aug_recon_fc	eval	7.0000	0.2500	1.6462	fault_detection/test_id/encoder_dropout	0.9110	staleness	0.9527	0.6371	0.3786	0.7707	0.7490	0.5188	0.9527	0.5000	0.4806
v2_fc_loso_BT09	reports/v2_fc_loso_BT09/reliability_report.json	loso	human	prob_aug_recon_fc	eval	7.0000	0.2500	1.6462	fault_detection/test_id/imu_bias	0.5034	logit	0.5391	0.5391	0.4571	0.5046	0.5045	0.4944	0.5012	0.4999	0.5146
v2_fc_loso_BT09	reports/v2_fc_loso_BT09/reliability_report.json	loso	human	prob_aug_recon_fc	eval	7.0000	0.2500	1.6462	fault_detection/test_id/insole_missing	0.8115	staleness	0.8617	0.4856	0.4161	0.7619	0.7408	0.4362	0.8617	0.5000	0.3490
v2_fc_loso_BT09	reports/v2_fc_loso_BT09/reliability_report.json	loso	human	prob_aug_recon_fc	eval	7.0000	0.2500	1.6462	fault_detection/test_id/packet_loss	0.8050	staleness	0.9334	0.4993	0.5003	0.5005	0.5030	0.4958	0.9334	0.4772	0.4999
v2_fc_loso_BT09	reports/v2_fc_loso_BT09/reliability_report.json	loso	human	prob_aug_recon_fc	eval	7.0000	0.2500	1.6462	fault_detection/test_id/packet_loss_burst	0.7110	staleness	0.9146	0.4981	0.5000	0.5043	0.5079	0.4902	0.9146	0.0758	0.5034
v2_fc_loso_BT09	reports/v2_fc_loso_BT09/reliability_report.json	loso	human	prob_aug_recon_fc	eval	7.0000	0.2500	1.6462	fault_detection/test_id/packet_loss_partial	0.8655	coherence	0.9993	0.4991	0.5001	0.5014	0.5032	0.4966	0.9349	0.9993	0.4996
v2_fc_loso_BT09	reports/v2_fc_loso_BT09/reliability_report.json	loso	human	prob_aug_recon_fc	eval	7.0000	0.2500	1.6462	fault_detection/test_id/sensor_delay	0.8053	coherence	0.9523	0.4285	0.5198	0.5546	0.5489	0.4722	0.4979	0.9523	0.5010
v2_fc_loso_BT09	reports/v2_fc_loso_BT09/reliability_report.json	loso	human	prob_aug_recon_fc	eval	7.0000	0.2500	1.6462	fault_detection/test_id/sensor_delay_jitter	0.7945	coherence	0.9205	0.4281	0.5233	0.5611	0.5552	0.4650	0.4979	0.9205	0.5018
v2_fc_loso_BT09	reports/v2_fc_loso_BT09/reliability_report.json	loso	human	prob_aug_recon_fc	eval	7.0000	0.2500	1.6462	fault_detection/test_id/stuck_imu	0.9497	coherence	1.0000	0.4433	0.5315	0.5881	0.5778	0.4751	0.9807	1.0000	0.4736
v2_fc_loso_BT09	reports/v2_fc_loso_BT09/reliability_report.json	loso	human	prob_aug_recon_fc	eval	7.0000	0.2500	1.6462	fault_detection/test_ood/encoder_dropout	0.8427	staleness	0.9895	0.6421	0.3322	0.6892	0.6716	0.4239	0.9895	0.4996	0.4812
v2_fc_loso_BT09	reports/v2_fc_loso_BT09/reliability_report.json	loso	human	prob_aug_recon_fc	eval	7.0000	0.2500	1.6462	fault_detection/test_ood/imu_bias	0.5035	logit	0.5544	0.5544	0.4543	0.5072	0.5071	0.4956	0.5017	0.4997	0.5058
v2_fc_loso_BT09	reports/v2_fc_loso_BT09/reliability_report.json	loso	human	prob_aug_recon_fc	eval	7.0000	0.2500	1.6462	fault_detection/test_ood/insole_missing	0.7262	staleness	0.8876	0.4689	0.3368	0.7195	0.7055	0.3769	0.8876	0.4996	0.3016
v2_fc_loso_BT09	reports/v2_fc_loso_BT09/reliability_report.json	loso	human	prob_aug_recon_fc	eval	7.0000	0.2500	1.6462	fault_detection/test_ood/packet_loss	0.7782	staleness	0.9730	0.4988	0.5003	0.5011	0.5026	0.4849	0.9730	0.4697	0.5000
v2_fc_loso_BT09	reports/v2_fc_loso_BT09/reliability_report.json	loso	human	prob_aug_recon_fc	eval	7.0000	0.2500	1.6462	fault_detection/test_ood/packet_loss_burst	0.7392	staleness	0.9454	0.5003	0.4979	0.5017	0.5048	0.5006	0.9454	0.0823	0.5021
v2_fc_loso_BT09	reports/v2_fc_loso_BT09/reliability_report.json	loso	human	prob_aug_recon_fc	eval	7.0000	0.2500	1.6462	fault_detection/test_ood/packet_loss_partial	0.7892	coherence	0.9975	0.4989	0.5003	0.5017	0.5030	0.4917	0.9765	0.9975	0.5009
v2_fc_loso_BT09	reports/v2_fc_loso_BT09/reliability_report.json	loso	human	prob_aug_recon_fc	eval	7.0000	0.2500	1.6462	fault_detection/test_ood/sensor_delay	0.7329	coherence	0.9794	0.4687	0.5009	0.5301	0.5305	0.4670	0.5002	0.9794	0.5091
v2_fc_loso_BT09	reports/v2_fc_loso_BT09/reliability_report.json	loso	human	prob_aug_recon_fc	eval	7.0000	0.2500	1.6462	fault_detection/test_ood/sensor_delay_jitter	0.7215	coherence	0.9407	0.4647	0.5011	0.5317	0.5310	0.4962	0.4998	0.9407	0.5129
v2_fc_loso_BT09	reports/v2_fc_loso_BT09/reliability_report.json	loso	human	prob_aug_recon_fc	eval	7.0000	0.2500	1.6462	fault_detection/test_ood/stuck_imu	0.8226	coherence	1.0000	0.4715	0.5064	0.4557	0.4570	0.4909	0.9994	1.0000	0.4995
v2_fc_loso_BT09	reports/v2_fc_loso_BT09/reliability_report.json	loso	human	prob_aug_recon_fc	eval	7.0000	0.2500	1.6462	fault_detection/train/encoder_dropout	0.8963	staleness	0.9339	0.5736	0.4008	0.8010	0.7825	0.4770	0.9339	0.5000	0.4614
v2_fc_loso_BT09	reports/v2_fc_loso_BT09/reliability_report.json	loso	human	prob_aug_recon_fc	eval	7.0000	0.2500	1.6462	fault_detection/train/imu_bias	0.5019	logit	0.5310	0.5310	0.4611	0.5030	0.5028	0.4941	0.5009	0.5000	0.5185
v2_fc_loso_BT09	reports/v2_fc_loso_BT09/reliability_report.json	loso	human	prob_aug_recon_fc	eval	7.0000	0.2500	1.6462	fault_detection/train/insole_missing	0.7672	residual	0.8083	0.4972	0.4006	0.8083	0.7855	0.4392	0.8070	0.5000	0.3627
v2_fc_loso_BT09	reports/v2_fc_loso_BT09/reliability_report.json	loso	human	prob_aug_recon_fc	eval	7.0000	0.2500	1.6462	fault_detection/train/packet_loss	0.7935	staleness	0.9105	0.4997	0.5000	0.5007	0.5024	0.5001	0.9105	0.4751	0.5002
v2_fc_loso_BT09	reports/v2_fc_loso_BT09/reliability_report.json	loso	human	prob_aug_recon_fc	eval	7.0000	0.2500	1.6462	fault_detection/train/packet_loss_burst	0.7017	staleness	0.8843	0.4986	0.5002	0.5033	0.5060	0.4993	0.8843	0.0750	0.5022
v2_fc_loso_BT09	reports/v2_fc_loso_BT09/reliability_report.json	loso	human	prob_aug_recon_fc	eval	7.0000	0.2500	1.6462	fault_detection/train/packet_loss_partial	0.8577	coherence	0.9990	0.4997	0.5000	0.5010	0.5023	0.4993	0.9127	0.9990	0.5002
v2_fc_loso_BT09	reports/v2_fc_loso_BT09/reliability_report.json	loso	human	prob_aug_recon_fc	eval	7.0000	0.2500	1.6462	fault_detection/train/sensor_delay	0.7768	coherence	0.9402	0.4509	0.5211	0.5426	0.5366	0.4779	0.4989	0.9402	0.5157
v2_fc_loso_BT09	reports/v2_fc_loso_BT09/reliability_report.json	loso	human	prob_aug_recon_fc	eval	7.0000	0.2500	1.6462	fault_detection/train/sensor_delay_jitter	0.7731	coherence	0.9257	0.4463	0.5233	0.5542	0.5474	0.4807	0.4989	0.9257	0.5173
v2_fc_loso_BT09	reports/v2_fc_loso_BT09/reliability_report.json	loso	human	prob_aug_recon_fc	eval	7.0000	0.2500	1.6462	fault_detection/train/stuck_imu	0.9264	coherence	1.0000	0.4638	0.5286	0.5965	0.5849	0.4952	0.9632	1.0000	0.4881
v2_fc_loso_BT09	reports/v2_fc_loso_BT09/reliability_report.json	loso	human	prob_aug_recon_fc	eval	7.0000	0.2500	1.6462	fault_detection/val/encoder_dropout	0.9366	staleness	0.9549	0.5832	0.4102	0.8369	0.8154	0.5032	0.9549	0.5001	0.4741
v2_fc_loso_BT09	reports/v2_fc_loso_BT09/reliability_report.json	loso	human	prob_aug_recon_fc	eval	7.0000	0.2500	1.6462	fault_detection/val/imu_bias	0.5012	logit	0.5310	0.5310	0.4584	0.5042	0.5040	0.4907	0.5005	0.4994	0.5159
v2_fc_loso_BT09	reports/v2_fc_loso_BT09/reliability_report.json	loso	human	prob_aug_recon_fc	eval	7.0000	0.2500	1.6462	fault_detection/val/insole_missing	0.8179	staleness	0.8255	0.4899	0.3974	0.8045	0.7791	0.4245	0.8255	0.5001	0.3582
v2_fc_loso_BT09	reports/v2_fc_loso_BT09/reliability_report.json	loso	human	prob_aug_recon_fc	eval	7.0000	0.2500	1.6462	fault_detection/val/packet_loss	0.8410	staleness	0.9346	0.4996	0.4999	0.5006	0.5034	0.5034	0.9346	0.4877	0.5002
v2_fc_loso_BT09	reports/v2_fc_loso_BT09/reliability_report.json	loso	human	prob_aug_recon_fc	eval	7.0000	0.2500	1.6462	fault_detection/val/packet_loss_burst	0.7304	staleness	0.9046	0.4976	0.5013	0.5023	0.5059	0.5152	0.9046	0.0911	0.5037
v2_fc_loso_BT09	reports/v2_fc_loso_BT09/reliability_report.json	loso	human	prob_aug_recon_fc	eval	7.0000	0.2500	1.6462	fault_detection/val/packet_loss_partial	0.9013	coherence	0.9996	0.4993	0.5002	0.5014	0.5035	0.5042	0.9392	0.9996	0.4996
v2_fc_loso_BT09	reports/v2_fc_loso_BT09/reliability_report.json	loso	human	prob_aug_recon_fc	eval	7.0000	0.2500	1.6462	fault_detection/val/sensor_delay	0.8127	coherence	0.9323	0.4357	0.5268	0.5446	0.5389	0.4791	0.4994	0.9323	0.5158
v2_fc_loso_BT09	reports/v2_fc_loso_BT09/reliability_report.json	loso	human	prob_aug_recon_fc	eval	7.0000	0.2500	1.6462	fault_detection/val/sensor_delay_jitter	0.7938	coherence	0.8973	0.4339	0.5296	0.5545	0.5477	0.4690	0.4994	0.8973	0.5161
v2_fc_loso_BT09	reports/v2_fc_loso_BT09/reliability_report.json	loso	human	prob_aug_recon_fc	eval	7.0000	0.2500	1.6462	fault_detection/val/stuck_imu	0.9537	coherence	1.0000	0.4584	0.5330	0.6105	0.5968	0.4789	0.9662	1.0000	0.4770
v2_fc_loso_BT09	reports/v2_fc_loso_BT09/reliability_report.json	loso	human	prob_aug_recon_fc	eval	7.0000	0.2500	1.6462	ood_detection/clean	0.6778	aleatoric	0.7029	0.3903	0.7029	0.5678	0.5632	0.6468	0.6528	0.5720	0.6965
v2_fc_loso_BT10	reports/v2_fc_loso_BT10/reliability_report.json	loso	human	prob_aug_recon_fc	eval	7.0000	8.0000	1.0414	fault_detection/test_id/encoder_dropout	0.8971	staleness	0.9422	0.5459	0.4212	0.8012	0.7832	0.4768	0.9422	0.5001	0.4696
v2_fc_loso_BT10	reports/v2_fc_loso_BT10/reliability_report.json	loso	human	prob_aug_recon_fc	eval	7.0000	8.0000	1.0414	fault_detection/test_id/imu_bias	0.5012	logit	0.5261	0.5261	0.4523	0.5019	0.5016	0.4925	0.5012	0.5000	0.5185
v2_fc_loso_BT10	reports/v2_fc_loso_BT10/reliability_report.json	loso	human	prob_aug_recon_fc	eval	7.0000	8.0000	1.0414	fault_detection/test_id/insole_missing	0.6912	staleness	0.7819	0.5211	0.2998	0.6436	0.6242	0.3793	0.7819	0.5001	0.3753
v2_fc_loso_BT10	reports/v2_fc_loso_BT10/reliability_report.json	loso	human	prob_aug_recon_fc	eval	7.0000	8.0000	1.0414	fault_detection/test_id/packet_loss	0.8189	staleness	0.9097	0.4997	0.4997	0.5014	0.5031	0.5039	0.9097	0.4828	0.5004
v2_fc_loso_BT10	reports/v2_fc_loso_BT10/reliability_report.json	loso	human	prob_aug_recon_fc	eval	7.0000	8.0000	1.0414	fault_detection/test_id/packet_loss_burst	0.7355	staleness	0.8831	0.4988	0.5013	0.5032	0.5052	0.4967	0.8831	0.0727	0.5044
v2_fc_loso_BT10	reports/v2_fc_loso_BT10/reliability_report.json	loso	human	prob_aug_recon_fc	eval	7.0000	8.0000	1.0414	fault_detection/test_id/packet_loss_partial	0.8580	coherence	0.9996	0.4993	0.4996	0.5006	0.5023	0.5001	0.9102	0.9996	0.5002
v2_fc_loso_BT10	reports/v2_fc_loso_BT10/reliability_report.json	loso	human	prob_aug_recon_fc	eval	7.0000	8.0000	1.0414	fault_detection/test_id/sensor_delay	0.7388	coherence	0.9219	0.4498	0.5140	0.5290	0.5245	0.4721	0.4967	0.9219	0.5164
v2_fc_loso_BT10	reports/v2_fc_loso_BT10/reliability_report.json	loso	human	prob_aug_recon_fc	eval	7.0000	8.0000	1.0414	fault_detection/test_id/sensor_delay_jitter	0.7292	coherence	0.8976	0.4499	0.5162	0.5368	0.5323	0.4729	0.4973	0.8976	0.5155
v2_fc_loso_BT10	reports/v2_fc_loso_BT10/reliability_report.json	loso	human	prob_aug_recon_fc	eval	7.0000	8.0000	1.0414	fault_detection/test_id/stuck_imu	0.9231	coherence	1.0000	0.4501	0.5448	0.5735	0.5634	0.4840	0.9802	1.0000	0.4823
v2_fc_loso_BT10	reports/v2_fc_loso_BT10/reliability_report.json	loso	human	prob_aug_recon_fc	eval	7.0000	8.0000	1.0414	fault_detection/test_ood/encoder_dropout	0.8276	staleness	0.9589	0.5288	0.3716	0.6613	0.6487	0.3787	0.9589	0.4998	0.4802
v2_fc_loso_BT10	reports/v2_fc_loso_BT10/reliability_report.json	loso	human	prob_aug_recon_fc	eval	7.0000	8.0000	1.0414	fault_detection/test_ood/imu_bias	0.5019	logit	0.5443	0.5443	0.4551	0.5021	0.5022	0.4875	0.5021	0.4998	0.5022
v2_fc_loso_BT10	reports/v2_fc_loso_BT10/reliability_report.json	loso	human	prob_aug_recon_fc	eval	7.0000	8.0000	1.0414	fault_detection/test_ood/insole_missing	0.7081	staleness	0.8500	0.5437	0.2267	0.6285	0.6166	0.2588	0.8500	0.4998	0.3548
v2_fc_loso_BT10	reports/v2_fc_loso_BT10/reliability_report.json	loso	human	prob_aug_recon_fc	eval	7.0000	8.0000	1.0414	fault_detection/test_ood/packet_loss	0.7705	staleness	0.9391	0.4993	0.4997	0.4997	0.5009	0.5204	0.9391	0.4699	0.4998
v2_fc_loso_BT10	reports/v2_fc_loso_BT10/reliability_report.json	loso	human	prob_aug_recon_fc	eval	7.0000	8.0000	1.0414	fault_detection/test_ood/packet_loss_burst	0.7326	staleness	0.9075	0.4988	0.5013	0.5030	0.5039	0.5128	0.9075	0.0869	0.5018
v2_fc_loso_BT10	reports/v2_fc_loso_BT10/reliability_report.json	loso	human	prob_aug_recon_fc	eval	7.0000	8.0000	1.0414	fault_detection/test_ood/packet_loss_partial	0.7786	coherence	0.9918	0.4996	0.4992	0.5007	0.5020	0.4798	0.9429	0.9918	0.5007
v2_fc_loso_BT10	reports/v2_fc_loso_BT10/reliability_report.json	loso	human	prob_aug_recon_fc	eval	7.0000	8.0000	1.0414	fault_detection/test_ood/sensor_delay	0.6641	coherence	0.9260	0.4703	0.5048	0.5122	0.5107	0.4853	0.4996	0.9260	0.5102
v2_fc_loso_BT10	reports/v2_fc_loso_BT10/reliability_report.json	loso	human	prob_aug_recon_fc	eval	7.0000	8.0000	1.0414	fault_detection/test_ood/sensor_delay_jitter	0.6565	coherence	0.8806	0.4699	0.5042	0.5132	0.5118	0.4861	0.5009	0.8806	0.5110
v2_fc_loso_BT10	reports/v2_fc_loso_BT10/reliability_report.json	loso	human	prob_aug_recon_fc	eval	7.0000	8.0000	1.0414	fault_detection/test_ood/stuck_imu	0.8085	coherence	0.9998	0.4751	0.5070	0.4662	0.4683	0.5126	0.9733	0.9998	0.4985
v2_fc_loso_BT10	reports/v2_fc_loso_BT10/reliability_report.json	loso	human	prob_aug_recon_fc	eval	7.0000	8.0000	1.0414	fault_detection/train/encoder_dropout	0.9020	staleness	0.9358	0.5263	0.4300	0.8022	0.7865	0.4692	0.9358	0.5000	0.4625
v2_fc_loso_BT10	reports/v2_fc_loso_BT10/reliability_report.json	loso	human	prob_aug_recon_fc	eval	7.0000	8.0000	1.0414	fault_detection/train/imu_bias	0.5017	logit	0.5226	0.5226	0.4571	0.5021	0.5019	0.4942	0.5010	0.4999	0.5181
v2_fc_loso_BT10	reports/v2_fc_loso_BT10/reliability_report.json	loso	human	prob_aug_recon_fc	eval	7.0000	8.0000	1.0414	fault_detection/train/insole_missing	0.7104	staleness	0.8115	0.5380	0.3443	0.7538	0.7334	0.4171	0.8115	0.5000	0.3583
v2_fc_loso_BT10	reports/v2_fc_loso_BT10/reliability_report.json	loso	human	prob_aug_recon_fc	eval	7.0000	8.0000	1.0414	fault_detection/train/packet_loss	0.8029	staleness	0.9142	0.4997	0.5000	0.5006	0.5019	0.4968	0.9142	0.4731	0.5004
v2_fc_loso_BT10	reports/v2_fc_loso_BT10/reliability_report.json	loso	human	prob_aug_recon_fc	eval	7.0000	8.0000	1.0414	fault_detection/train/packet_loss_burst	0.7029	staleness	0.8885	0.4987	0.5001	0.5029	0.5051	0.5019	0.8885	0.0773	0.5027
v2_fc_loso_BT10	reports/v2_fc_loso_BT10/reliability_report.json	loso	human	prob_aug_recon_fc	eval	7.0000	8.0000	1.0414	fault_detection/train/packet_loss_partial	0.8746	coherence	0.9989	0.4997	0.5000	0.5009	0.5018	0.5011	0.9160	0.9989	0.5003
v2_fc_loso_BT10	reports/v2_fc_loso_BT10/reliability_report.json	loso	human	prob_aug_recon_fc	eval	7.0000	8.0000	1.0414	fault_detection/train/sensor_delay	0.7922	coherence	0.9419	0.4520	0.5150	0.5384	0.5343	0.4751	0.4990	0.9419	0.5154
v2_fc_loso_BT10	reports/v2_fc_loso_BT10/reliability_report.json	loso	human	prob_aug_recon_fc	eval	7.0000	8.0000	1.0414	fault_detection/train/sensor_delay_jitter	0.7884	coherence	0.9270	0.4487	0.5177	0.5479	0.5435	0.4738	0.4989	0.9270	0.5175
v2_fc_loso_BT10	reports/v2_fc_loso_BT10/reliability_report.json	loso	human	prob_aug_recon_fc	eval	7.0000	8.0000	1.0414	fault_detection/train/stuck_imu	0.9364	coherence	1.0000	0.4705	0.5266	0.5887	0.5799	0.4955	0.9622	1.0000	0.4879
v2_fc_loso_BT10	reports/v2_fc_loso_BT10/reliability_report.json	loso	human	prob_aug_recon_fc	eval	7.0000	8.0000	1.0414	fault_detection/val/encoder_dropout	0.9166	staleness	0.9528	0.5738	0.4100	0.7737	0.7549	0.4783	0.9528	0.4999	0.4810
v2_fc_loso_BT10	reports/v2_fc_loso_BT10/reliability_report.json	loso	human	prob_aug_recon_fc	eval	7.0000	8.0000	1.0414	fault_detection/val/imu_bias	0.5020	logit	0.5279	0.5279	0.4531	0.5038	0.5039	0.5003	0.5014	0.4999	0.5145
v2_fc_loso_BT10	reports/v2_fc_loso_BT10/reliability_report.json	loso	human	prob_aug_recon_fc	eval	7.0000	8.0000	1.0414	fault_detection/val/insole_missing	0.7766	staleness	0.8617	0.5268	0.3645	0.7122	0.6950	0.4043	0.8617	0.4999	0.3469
v2_fc_loso_BT10	reports/v2_fc_loso_BT10/reliability_report.json	loso	human	prob_aug_recon_fc	eval	7.0000	8.0000	1.0414	fault_detection/val/packet_loss	0.8160	staleness	0.9344	0.4993	0.4999	0.5010	0.5033	0.5113	0.9344	0.4698	0.5002
v2_fc_loso_BT10	reports/v2_fc_loso_BT10/reliability_report.json	loso	human	prob_aug_recon_fc	eval	7.0000	8.0000	1.0414	fault_detection/val/packet_loss_burst	0.6955	staleness	0.9093	0.4975	0.4991	0.5042	0.5071	0.4946	0.9093	0.0739	0.5061
v2_fc_loso_BT10	reports/v2_fc_loso_BT10/reliability_report.json	loso	human	prob_aug_recon_fc	eval	7.0000	8.0000	1.0414	fault_detection/val/packet_loss_partial	0.8833	coherence	0.9994	0.4992	0.4998	0.5012	0.5028	0.4947	0.9346	0.9994	0.4997
v2_fc_loso_BT10	reports/v2_fc_loso_BT10/reliability_report.json	loso	human	prob_aug_recon_fc	eval	7.0000	8.0000	1.0414	fault_detection/val/sensor_delay	0.8185	coherence	0.9521	0.4318	0.5118	0.5507	0.5458	0.4485	0.4979	0.9521	0.5009
v2_fc_loso_BT10	reports/v2_fc_loso_BT10/reliability_report.json	loso	human	prob_aug_recon_fc	eval	7.0000	8.0000	1.0414	fault_detection/val/sensor_delay_jitter	0.8117	coherence	0.9359	0.4282	0.5146	0.5541	0.5506	0.4479	0.4979	0.9359	0.5042
v2_fc_loso_BT10	reports/v2_fc_loso_BT10/reliability_report.json	loso	human	prob_aug_recon_fc	eval	7.0000	8.0000	1.0414	fault_detection/val/stuck_imu	0.9610	coherence	1.0000	0.4549	0.5255	0.5832	0.5748	0.4717	0.9809	1.0000	0.4740
v2_fc_loso_BT10	reports/v2_fc_loso_BT10/reliability_report.json	loso	human	prob_aug_recon_fc	eval	7.0000	8.0000	1.0414	ood_detection/clean	0.6540	drift	0.7018	0.4280	0.6169	0.5590	0.5515	0.5763	0.6158	0.5724	0.7018
v2_fc_loso_BT11	reports/v2_fc_loso_BT11/reliability_report.json	loso	human	prob_aug_recon_fc	eval	7.0000	2.0000	0.9416	fault_detection/test_id/encoder_dropout	0.9407	staleness	0.9407	0.6066	0.4086	0.8275	0.8060	0.4992	0.9407	0.5000	0.4811
v2_fc_loso_BT11	reports/v2_fc_loso_BT11/reliability_report.json	loso	human	prob_aug_recon_fc	eval	7.0000	2.0000	0.9416	fault_detection/test_id/imu_bias	0.5016	logit	0.5405	0.5405	0.4528	0.5036	0.5037	0.4984	0.5016	0.4998	0.5337
v2_fc_loso_BT11	reports/v2_fc_loso_BT11/reliability_report.json	loso	human	prob_aug_recon_fc	eval	7.0000	2.0000	0.9416	fault_detection/test_id/insole_missing	0.8276	residual	0.8551	0.4475	0.4079	0.8551	0.8296	0.3884	0.8276	0.5000	0.2985
v2_fc_loso_BT11	reports/v2_fc_loso_BT11/reliability_report.json	loso	human	prob_aug_recon_fc	eval	7.0000	2.0000	0.9416	fault_detection/test_id/packet_loss	0.9258	staleness	0.9258	0.4992	0.4999	0.5010	0.5029	0.5151	0.9258	0.4850	0.5000
v2_fc_loso_BT11	reports/v2_fc_loso_BT11/reliability_report.json	loso	human	prob_aug_recon_fc	eval	7.0000	2.0000	0.9416	fault_detection/test_id/packet_loss_burst	0.9042	staleness	0.9042	0.4984	0.5004	0.5045	0.5075	0.4986	0.9042	0.0717	0.5004
v2_fc_loso_BT11	reports/v2_fc_loso_BT11/reliability_report.json	loso	human	prob_aug_recon_fc	eval	7.0000	2.0000	0.9416	fault_detection/test_id/packet_loss_partial	0.9252	coherence	0.9996	0.4993	0.5004	0.5010	0.5026	0.4981	0.9252	0.9996	0.5005
v2_fc_loso_BT11	reports/v2_fc_loso_BT11/reliability_report.json	loso	human	prob_aug_recon_fc	eval	7.0000	2.0000	0.9416	fault_detection/test_id/sensor_delay	0.5001	coherence	0.9572	0.4369	0.5314	0.5533	0.5465	0.4755	0.5001	0.9572	0.5185
v2_fc_loso_BT11	reports/v2_fc_loso_BT11/reliability_report.json	loso	human	prob_aug_recon_fc	eval	7.0000	2.0000	0.9416	fault_detection/test_id/sensor_delay_jitter	0.4991	coherence	0.9423	0.4284	0.5335	0.5663	0.5590	0.4864	0.4991	0.9423	0.5210
v2_fc_loso_BT11	reports/v2_fc_loso_BT11/reliability_report.json	loso	human	prob_aug_recon_fc	eval	7.0000	2.0000	0.9416	fault_detection/test_id/stuck_imu	0.9739	coherence	1.0000	0.4546	0.5252	0.5839	0.5723	0.4919	0.9739	1.0000	0.4953
v2_fc_loso_BT11	reports/v2_fc_loso_BT11/reliability_report.json	loso	human	prob_aug_recon_fc	eval	7.0000	2.0000	0.9416	fault_detection/test_ood/encoder_dropout	0.9483	staleness	0.9483	0.6040	0.3307	0.5684	0.5542	0.3562	0.9483	0.4999	0.4797
v2_fc_loso_BT11	reports/v2_fc_loso_BT11/reliability_report.json	loso	human	prob_aug_recon_fc	eval	7.0000	2.0000	0.9416	fault_detection/test_ood/imu_bias	0.5012	logit	0.5495	0.5495	0.4551	0.5061	0.5071	0.4896	0.5012	0.5001	0.5016
v2_fc_loso_BT11	reports/v2_fc_loso_BT11/reliability_report.json	loso	human	prob_aug_recon_fc	eval	7.0000	2.0000	0.9416	fault_detection/test_ood/insole_missing	0.8309	staleness	0.8309	0.4647	0.3233	0.7751	0.7506	0.3187	0.8309	0.4999	0.2844
v2_fc_loso_BT11	reports/v2_fc_loso_BT11/reliability_report.json	loso	human	prob_aug_recon_fc	eval	7.0000	2.0000	0.9416	fault_detection/test_ood/packet_loss	0.9275	staleness	0.9275	0.4997	0.5000	0.5010	0.5027	0.5006	0.9275	0.4590	0.5003
v2_fc_loso_BT11	reports/v2_fc_loso_BT11/reliability_report.json	loso	human	prob_aug_recon_fc	eval	7.0000	2.0000	0.9416	fault_detection/test_ood/packet_loss_burst	0.9027	staleness	0.9027	0.4973	0.4999	0.5026	0.5048	0.4966	0.9027	0.0909	0.5017
v2_fc_loso_BT11	reports/v2_fc_loso_BT11/reliability_report.json	loso	human	prob_aug_recon_fc	eval	7.0000	2.0000	0.9416	fault_detection/test_ood/packet_loss_partial	0.9311	coherence	0.9989	0.4994	0.5000	0.5010	0.5023	0.5169	0.9311	0.9989	0.5002
v2_fc_loso_BT11	reports/v2_fc_loso_BT11/reliability_report.json	loso	human	prob_aug_recon_fc	eval	7.0000	2.0000	0.9416	fault_detection/test_ood/sensor_delay	0.4968	coherence	0.9700	0.4728	0.5129	0.5264	0.5236	0.5103	0.4968	0.9700	0.5058
v2_fc_loso_BT11	reports/v2_fc_loso_BT11/reliability_report.json	loso	human	prob_aug_recon_fc	eval	7.0000	2.0000	0.9416	fault_detection/test_ood/sensor_delay_jitter	0.4969	coherence	0.9348	0.4747	0.5101	0.5274	0.5245	0.5068	0.4969	0.9348	0.5071
v2_fc_loso_BT11	reports/v2_fc_loso_BT11/reliability_report.json	loso	human	prob_aug_recon_fc	eval	7.0000	2.0000	0.9416	fault_detection/test_ood/stuck_imu	0.9716	coherence	1.0000	0.4657	0.5154	0.4672	0.4686	0.4853	0.9716	1.0000	0.5002
v2_fc_loso_BT11	reports/v2_fc_loso_BT11/reliability_report.json	loso	human	prob_aug_recon_fc	eval	7.0000	2.0000	0.9416	fault_detection/train/encoder_dropout	0.9354	staleness	0.9354	0.6004	0.4007	0.8169	0.7988	0.4878	0.9354	0.5000	0.4618
v2_fc_loso_BT11	reports/v2_fc_loso_BT11/reliability_report.json	loso	human	prob_aug_recon_fc	eval	7.0000	2.0000	0.9416	fault_detection/train/imu_bias	0.5011	logit	0.5382	0.5382	0.4559	0.5025	0.5024	0.4913	0.5011	0.4999	0.5171
v2_fc_loso_BT11	reports/v2_fc_loso_BT11/reliability_report.json	loso	human	prob_aug_recon_fc	eval	7.0000	2.0000	0.9416	fault_detection/train/insole_missing	0.8125	staleness	0.8125	0.4707	0.4182	0.7805	0.7525	0.4116	0.8125	0.5000	0.3613
v2_fc_loso_BT11	reports/v2_fc_loso_BT11/reliability_report.json	loso	human	prob_aug_recon_fc	eval	7.0000	2.0000	0.9416	fault_detection/train/packet_loss	0.9130	staleness	0.9130	0.4996	0.5000	0.5006	0.5022	0.4991	0.9130	0.4731	0.5002
v2_fc_loso_BT11	reports/v2_fc_loso_BT11/reliability_report.json	loso	human	prob_aug_recon_fc	eval	7.0000	2.0000	0.9416	fault_detection/train/packet_loss_burst	0.8867	staleness	0.8867	0.4984	0.5002	0.5034	0.5060	0.5017	0.8867	0.0778	0.5026
v2_fc_loso_BT11	reports/v2_fc_loso_BT11/reliability_report.json	loso	human	prob_aug_recon_fc	eval	7.0000	2.0000	0.9416	fault_detection/train/packet_loss_partial	0.9150	coherence	0.9989	0.4996	0.5000	0.5009	0.5020	0.4990	0.9150	0.9989	0.5002
v2_fc_loso_BT11	reports/v2_fc_loso_BT11/reliability_report.json	loso	human	prob_aug_recon_fc	eval	7.0000	2.0000	0.9416	fault_detection/train/sensor_delay	0.4988	coherence	0.9415	0.4428	0.5189	0.5413	0.5357	0.4798	0.4988	0.9415	0.5139
v2_fc_loso_BT11	reports/v2_fc_loso_BT11/reliability_report.json	loso	human	prob_aug_recon_fc	eval	7.0000	2.0000	0.9416	fault_detection/train/sensor_delay_jitter	0.4989	coherence	0.9247	0.4375	0.5217	0.5527	0.5464	0.4818	0.4989	0.9247	0.5155
v2_fc_loso_BT11	reports/v2_fc_loso_BT11/reliability_report.json	loso	human	prob_aug_recon_fc	eval	7.0000	2.0000	0.9416	fault_detection/train/stuck_imu	0.9620	coherence	1.0000	0.4508	0.5309	0.5941	0.5827	0.4910	0.9620	1.0000	0.4873
v2_fc_loso_BT11	reports/v2_fc_loso_BT11/reliability_report.json	loso	human	prob_aug_recon_fc	eval	7.0000	2.0000	0.9416	fault_detection/val/encoder_dropout	0.9403	staleness	0.9403	0.6308	0.3871	0.8141	0.7937	0.5027	0.9403	0.5000	0.4693
v2_fc_loso_BT11	reports/v2_fc_loso_BT11/reliability_report.json	loso	human	prob_aug_recon_fc	eval	7.0000	2.0000	0.9416	fault_detection/val/imu_bias	0.5014	logit	0.5438	0.5438	0.4530	0.5028	0.5031	0.5052	0.5014	0.5000	0.5195
v2_fc_loso_BT11	reports/v2_fc_loso_BT11/reliability_report.json	loso	human	prob_aug_recon_fc	eval	7.0000	2.0000	0.9416	fault_detection/val/insole_missing	0.7798	staleness	0.7798	0.4381	0.4056	0.6691	0.6416	0.3692	0.7798	0.5000	0.3734
v2_fc_loso_BT11	reports/v2_fc_loso_BT11/reliability_report.json	loso	human	prob_aug_recon_fc	eval	7.0000	2.0000	0.9416	fault_detection/val/packet_loss	0.9077	staleness	0.9077	0.4995	0.5000	0.5008	0.5033	0.4971	0.9077	0.4896	0.5005
v2_fc_loso_BT11	reports/v2_fc_loso_BT11/reliability_report.json	loso	human	prob_aug_recon_fc	eval	7.0000	2.0000	0.9416	fault_detection/val/packet_loss_burst	0.8751	staleness	0.8751	0.4978	0.4999	0.5021	0.5060	0.4970	0.8751	0.0738	0.5015
v2_fc_loso_BT11	reports/v2_fc_loso_BT11/reliability_report.json	loso	human	prob_aug_recon_fc	eval	7.0000	2.0000	0.9416	fault_detection/val/packet_loss_partial	0.9084	coherence	0.9998	0.4993	0.5003	0.5017	0.5037	0.5032	0.9084	0.9998	0.4998
v2_fc_loso_BT11	reports/v2_fc_loso_BT11/reliability_report.json	loso	human	prob_aug_recon_fc	eval	7.0000	2.0000	0.9416	fault_detection/val/sensor_delay	0.4967	coherence	0.9219	0.4396	0.5178	0.5334	0.5270	0.4839	0.4967	0.9219	0.5173
v2_fc_loso_BT11	reports/v2_fc_loso_BT11/reliability_report.json	loso	human	prob_aug_recon_fc	eval	7.0000	2.0000	0.9416	fault_detection/val/sensor_delay_jitter	0.4970	coherence	0.9118	0.4318	0.5227	0.5486	0.5406	0.4853	0.4970	0.9118	0.5171
v2_fc_loso_BT11	reports/v2_fc_loso_BT11/reliability_report.json	loso	human	prob_aug_recon_fc	eval	7.0000	2.0000	0.9416	fault_detection/val/stuck_imu	0.9790	coherence	1.0000	0.4249	0.5508	0.5950	0.5786	0.4872	0.9790	1.0000	0.4842
v2_fc_loso_BT11	reports/v2_fc_loso_BT11/reliability_report.json	loso	human	prob_aug_recon_fc	eval	7.0000	2.0000	0.9416	ood_detection/clean	0.6327	drift	0.6807	0.4324	0.6282	0.6575	0.6416	0.5588	0.6461	0.5068	0.6807
v2_fc_loso_BT12	reports/v2_fc_loso_BT12/reliability_report.json	loso	human	prob_aug_recon_fc	eval	7.0000	8.0000	0.7947	fault_detection/test_id/encoder_dropout	0.9244	staleness	0.9244	0.5564	0.4460	0.8020	0.7845	0.5255	0.9244	0.4998	0.4629
v2_fc_loso_BT12	reports/v2_fc_loso_BT12/reliability_report.json	loso	human	prob_aug_recon_fc	eval	7.0000	8.0000	0.7947	fault_detection/test_id/imu_bias	0.5019	drift	0.5259	0.5204	0.4503	0.5033	0.5033	0.5013	0.5019	0.5002	0.5259
v2_fc_loso_BT12	reports/v2_fc_loso_BT12/reliability_report.json	loso	human	prob_aug_recon_fc	eval	7.0000	8.0000	0.7947	fault_detection/test_id/insole_missing	0.8010	staleness	0.8010	0.4416	0.4087	0.6911	0.6638	0.3904	0.8010	0.4998	0.3587
v2_fc_loso_BT12	reports/v2_fc_loso_BT12/reliability_report.json	loso	human	prob_aug_recon_fc	eval	7.0000	8.0000	0.7947	fault_detection/test_id/packet_loss	0.8946	staleness	0.8946	0.4994	0.4993	0.5000	0.5016	0.4976	0.8946	0.4806	0.4999
v2_fc_loso_BT12	reports/v2_fc_loso_BT12/reliability_report.json	loso	human	prob_aug_recon_fc	eval	7.0000	8.0000	0.7947	fault_detection/test_id/packet_loss_burst	0.8677	staleness	0.8677	0.4997	0.4985	0.5019	0.5038	0.4856	0.8677	0.0604	0.5043
v2_fc_loso_BT12	reports/v2_fc_loso_BT12/reliability_report.json	loso	human	prob_aug_recon_fc	eval	7.0000	8.0000	0.7947	fault_detection/test_id/packet_loss_partial	0.8971	coherence	0.9997	0.4995	0.4996	0.5011	0.5021	0.4816	0.8971	0.9997	0.5006
v2_fc_loso_BT12	reports/v2_fc_loso_BT12/reliability_report.json	loso	human	prob_aug_recon_fc	eval	7.0000	8.0000	0.7947	fault_detection/test_id/sensor_delay	0.4989	coherence	0.9578	0.4670	0.5132	0.5319	0.5283	0.4799	0.4989	0.9578	0.5182
v2_fc_loso_BT12	reports/v2_fc_loso_BT12/reliability_report.json	loso	human	prob_aug_recon_fc	eval	7.0000	8.0000	0.7947	fault_detection/test_id/sensor_delay_jitter	0.4990	coherence	0.9433	0.4675	0.5145	0.5350	0.5314	0.4873	0.4990	0.9433	0.5214
v2_fc_loso_BT12	reports/v2_fc_loso_BT12/reliability_report.json	loso	human	prob_aug_recon_fc	eval	7.0000	8.0000	0.7947	fault_detection/test_id/stuck_imu	0.9623	coherence	1.0000	0.4863	0.5170	0.5399	0.5360	0.4988	0.9623	1.0000	0.4935
v2_fc_loso_BT12	reports/v2_fc_loso_BT12/reliability_report.json	loso	human	prob_aug_recon_fc	eval	7.0000	8.0000	0.7947	fault_detection/test_ood/encoder_dropout	0.9928	staleness	0.9928	0.6204	0.3664	0.5651	0.5502	0.4309	0.9928	0.5005	0.4667
v2_fc_loso_BT12	reports/v2_fc_loso_BT12/reliability_report.json	loso	human	prob_aug_recon_fc	eval	7.0000	8.0000	0.7947	fault_detection/test_ood/imu_bias	0.5016	logit	0.5350	0.5350	0.4633	0.5065	0.5067	0.4719	0.5016	0.5004	0.5030
v2_fc_loso_BT12	reports/v2_fc_loso_BT12/reliability_report.json	loso	human	prob_aug_recon_fc	eval	7.0000	8.0000	0.7947	fault_detection/test_ood/insole_missing	0.9166	staleness	0.9166	0.4517	0.3599	0.7073	0.6822	0.3345	0.9166	0.5005	0.3460
v2_fc_loso_BT12	reports/v2_fc_loso_BT12/reliability_report.json	loso	human	prob_aug_recon_fc	eval	7.0000	8.0000	0.7947	fault_detection/test_ood/packet_loss	0.9770	staleness	0.9770	0.4993	0.5002	0.5011	0.5038	0.5265	0.9770	0.4751	0.4989
v2_fc_loso_BT12	reports/v2_fc_loso_BT12/reliability_report.json	loso	human	prob_aug_recon_fc	eval	7.0000	8.0000	0.7947	fault_detection/test_ood/packet_loss_burst	0.9519	staleness	0.9519	0.4986	0.5007	0.5028	0.5051	0.4897	0.9519	0.0574	0.5025
v2_fc_loso_BT12	reports/v2_fc_loso_BT12/reliability_report.json	loso	human	prob_aug_recon_fc	eval	7.0000	8.0000	0.7947	fault_detection/test_ood/packet_loss_partial	0.9823	coherence	1.0000	0.4995	0.4999	0.5019	0.5032	0.4972	0.9823	1.0000	0.5000
v2_fc_loso_BT12	reports/v2_fc_loso_BT12/reliability_report.json	loso	human	prob_aug_recon_fc	eval	7.0000	8.0000	0.7947	fault_detection/test_ood/sensor_delay	0.5007	coherence	0.9835	0.4790	0.5049	0.5281	0.5266	0.4765	0.5007	0.9835	0.4981
v2_fc_loso_BT12	reports/v2_fc_loso_BT12/reliability_report.json	loso	human	prob_aug_recon_fc	eval	7.0000	8.0000	0.7947	fault_detection/test_ood/sensor_delay_jitter	0.5008	coherence	0.9642	0.4761	0.5040	0.5303	0.5287	0.4980	0.5008	0.9642	0.4969
v2_fc_loso_BT12	reports/v2_fc_loso_BT12/reliability_report.json	loso	human	prob_aug_recon_fc	eval	7.0000	8.0000	0.7947	fault_detection/test_ood/stuck_imu	0.9999	coherence	1.0000	0.4977	0.5031	0.4748	0.4764	0.4934	0.9999	1.0000	0.4989
v2_fc_loso_BT12	reports/v2_fc_loso_BT12/reliability_report.json	loso	human	prob_aug_recon_fc	eval	7.0000	8.0000	0.7947	fault_detection/train/encoder_dropout	0.9359	staleness	0.9359	0.5779	0.4292	0.7683	0.7555	0.5096	0.9359	0.5000	0.4616
v2_fc_loso_BT12	reports/v2_fc_loso_BT12/reliability_report.json	loso	human	prob_aug_recon_fc	eval	7.0000	8.0000	0.7947	fault_detection/train/imu_bias	0.5010	logit	0.5295	0.5295	0.4519	0.5016	0.5015	0.4898	0.5010	0.5000	0.5168
v2_fc_loso_BT12	reports/v2_fc_loso_BT12/reliability_report.json	loso	human	prob_aug_recon_fc	eval	7.0000	8.0000	0.7947	fault_detection/train/insole_missing	0.8098	staleness	0.8098	0.4952	0.4299	0.7325	0.7171	0.4248	0.8098	0.5000	0.3599
v2_fc_loso_BT12	reports/v2_fc_loso_BT12/reliability_report.json	loso	human	prob_aug_recon_fc	eval	7.0000	8.0000	0.7947	fault_detection/train/packet_loss	0.9124	staleness	0.9124	0.4997	0.4999	0.5004	0.5016	0.4987	0.9124	0.4767	0.5000
v2_fc_loso_BT12	reports/v2_fc_loso_BT12/reliability_report.json	loso	human	prob_aug_recon_fc	eval	7.0000	8.0000	0.7947	fault_detection/train/packet_loss_burst	0.8865	staleness	0.8865	0.4988	0.5001	0.5025	0.5047	0.5010	0.8865	0.0764	0.5016
v2_fc_loso_BT12	reports/v2_fc_loso_BT12/reliability_report.json	loso	human	prob_aug_recon_fc	eval	7.0000	8.0000	0.7947	fault_detection/train/packet_loss_partial	0.9148	coherence	0.9989	0.4997	0.4999	0.5008	0.5017	0.4952	0.9148	0.9989	0.5001
v2_fc_loso_BT12	reports/v2_fc_loso_BT12/reliability_report.json	loso	human	prob_aug_recon_fc	eval	7.0000	8.0000	0.7947	fault_detection/train/sensor_delay	0.4987	coherence	0.9377	0.4587	0.5178	0.5396	0.5373	0.4825	0.4987	0.9377	0.5141
v2_fc_loso_BT12	reports/v2_fc_loso_BT12/reliability_report.json	loso	human	prob_aug_recon_fc	eval	7.0000	8.0000	0.7947	fault_detection/train/sensor_delay_jitter	0.4987	coherence	0.9173	0.4561	0.5192	0.5477	0.5451	0.4799	0.4987	0.9173	0.5155
v2_fc_loso_BT12	reports/v2_fc_loso_BT12/reliability_report.json	loso	human	prob_aug_recon_fc	eval	7.0000	8.0000	0.7947	fault_detection/train/stuck_imu	0.9633	coherence	1.0000	0.4722	0.5238	0.5747	0.5690	0.4980	0.9633	1.0000	0.4877
v2_fc_loso_BT12	reports/v2_fc_loso_BT12/reliability_report.json	loso	human	prob_aug_recon_fc	eval	7.0000	8.0000	0.7947	fault_detection/val/encoder_dropout	0.9405	staleness	0.9405	0.5650	0.4378	0.7829	0.7666	0.5170	0.9405	0.4999	0.4806
v2_fc_loso_BT12	reports/v2_fc_loso_BT12/reliability_report.json	loso	human	prob_aug_recon_fc	eval	7.0000	8.0000	0.7947	fault_detection/val/imu_bias	0.5016	drift	0.5332	0.5266	0.4471	0.5009	0.5011	0.4975	0.5016	0.5000	0.5332
v2_fc_loso_BT12	reports/v2_fc_loso_BT12/reliability_report.json	loso	human	prob_aug_recon_fc	eval	7.0000	8.0000	0.7947	fault_detection/val/insole_missing	0.8275	staleness	0.8275	0.4891	0.4178	0.8179	0.8011	0.4364	0.8275	0.4999	0.2967
v2_fc_loso_BT12	reports/v2_fc_loso_BT12/reliability_report.json	loso	human	prob_aug_recon_fc	eval	7.0000	8.0000	0.7947	fault_detection/val/packet_loss	0.9225	staleness	0.9225	0.4993	0.5001	0.5009	0.5023	0.4955	0.9225	0.4845	0.5005
v2_fc_loso_BT12	reports/v2_fc_loso_BT12/reliability_report.json	loso	human	prob_aug_recon_fc	eval	7.0000	8.0000	0.7947	fault_detection/val/packet_loss_burst	0.9017	staleness	0.9017	0.4985	0.5016	0.5020	0.5039	0.5072	0.9017	0.0800	0.5028
v2_fc_loso_BT12	reports/v2_fc_loso_BT12/reliability_report.json	loso	human	prob_aug_recon_fc	eval	7.0000	8.0000	0.7947	fault_detection/val/packet_loss_partial	0.9251	coherence	0.9996	0.4993	0.4999	0.5010	0.5023	0.4941	0.9251	0.9996	0.5002
v2_fc_loso_BT12	reports/v2_fc_loso_BT12/reliability_report.json	loso	human	prob_aug_recon_fc	eval	7.0000	8.0000	0.7947	fault_detection/val/sensor_delay	0.5000	coherence	0.9572	0.4560	0.5287	0.5569	0.5532	0.4781	0.5000	0.9572	0.5182
v2_fc_loso_BT12	reports/v2_fc_loso_BT12/reliability_report.json	loso	human	prob_aug_recon_fc	eval	7.0000	8.0000	0.7947	fault_detection/val/sensor_delay_jitter	0.5003	coherence	0.9332	0.4528	0.5331	0.5667	0.5623	0.4750	0.5003	0.9332	0.5267
v2_fc_loso_BT12	reports/v2_fc_loso_BT12/reliability_report.json	loso	human	prob_aug_recon_fc	eval	7.0000	8.0000	0.7947	fault_detection/val/stuck_imu	0.9738	coherence	1.0000	0.4805	0.5165	0.5644	0.5590	0.5021	0.9738	1.0000	0.4959
v2_fc_loso_BT12	reports/v2_fc_loso_BT12/reliability_report.json	loso	human	prob_aug_recon_fc	eval	7.0000	8.0000	0.7947	ood_detection/clean	0.4848	drift	0.6239	0.3124	0.5924	0.6191	0.6157	0.4595	0.4985	0.4531	0.6239
v2_fc_loso_BT13	reports/v2_fc_loso_BT13/reliability_report.json	loso	human	prob_aug_recon_fc	eval	7.0000	8.0000	0.7785	fault_detection/test_id/encoder_dropout	0.9137	staleness	0.9137	0.6192	0.4549	0.7500	0.7366	0.5502	0.9137	0.4997	0.4803
v2_fc_loso_BT13	reports/v2_fc_loso_BT13/reliability_report.json	loso	human	prob_aug_recon_fc	eval	7.0000	8.0000	0.7785	fault_detection/test_id/imu_bias	0.5020	logit	0.5354	0.5354	0.4548	0.5020	0.5021	0.4964	0.5020	0.4999	0.5091
v2_fc_loso_BT13	reports/v2_fc_loso_BT13/reliability_report.json	loso	human	prob_aug_recon_fc	eval	7.0000	8.0000	0.7785	fault_detection/test_id/insole_missing	0.7914	staleness	0.7914	0.5175	0.3577	0.6844	0.6529	0.3795	0.7914	0.4997	0.2726
v2_fc_loso_BT13	reports/v2_fc_loso_BT13/reliability_report.json	loso	human	prob_aug_recon_fc	eval	7.0000	8.0000	0.7785	fault_detection/test_id/packet_loss	0.8930	staleness	0.8930	0.4986	0.5002	0.5002	0.5031	0.5039	0.8930	0.4622	0.4991
v2_fc_loso_BT13	reports/v2_fc_loso_BT13/reliability_report.json	loso	human	prob_aug_recon_fc	eval	7.0000	8.0000	0.7785	fault_detection/test_id/packet_loss_burst	0.8577	staleness	0.8577	0.4986	0.4989	0.5013	0.5041	0.4960	0.8577	0.0889	0.5016
v2_fc_loso_BT13	reports/v2_fc_loso_BT13/reliability_report.json	loso	human	prob_aug_recon_fc	eval	7.0000	8.0000	0.7785	fault_detection/test_id/packet_loss_partial	0.8963	coherence	1.0000	0.4988	0.4998	0.5014	0.5025	0.4981	0.8963	1.0000	0.4996
v2_fc_loso_BT13	reports/v2_fc_loso_BT13/reliability_report.json	loso	human	prob_aug_recon_fc	eval	7.0000	8.0000	0.7785	fault_detection/test_id/sensor_delay	0.5007	coherence	0.9476	0.4480	0.5125	0.5379	0.5348	0.4664	0.5007	0.9476	0.5223
v2_fc_loso_BT13	reports/v2_fc_loso_BT13/reliability_report.json	loso	human	prob_aug_recon_fc	eval	7.0000	8.0000	0.7785	fault_detection/test_id/sensor_delay_jitter	0.5001	coherence	0.9359	0.4412	0.5157	0.5478	0.5438	0.4626	0.5001	0.9359	0.5269
v2_fc_loso_BT13	reports/v2_fc_loso_BT13/reliability_report.json	loso	human	prob_aug_recon_fc	eval	7.0000	8.0000	0.7785	fault_detection/test_id/stuck_imu	0.9265	coherence	1.0000	0.4668	0.5216	0.5703	0.5663	0.4687	0.9265	1.0000	0.4929
v2_fc_loso_BT13	reports/v2_fc_loso_BT13/reliability_report.json	loso	human	prob_aug_recon_fc	eval	7.0000	8.0000	0.7785	fault_detection/test_ood/encoder_dropout	0.9817	staleness	0.9817	0.6122	0.4182	0.6765	0.6649	0.4636	0.9817	0.5001	0.4797
v2_fc_loso_BT13	reports/v2_fc_loso_BT13/reliability_report.json	loso	human	prob_aug_recon_fc	eval	7.0000	8.0000	0.7785	fault_detection/test_ood/imu_bias	0.5019	logit	0.5503	0.5503	0.4539	0.5045	0.5055	0.4545	0.5019	0.5007	0.4995
v2_fc_loso_BT13	reports/v2_fc_loso_BT13/reliability_report.json	loso	human	prob_aug_recon_fc	eval	7.0000	8.0000	0.7785	fault_detection/test_ood/insole_missing	0.8693	staleness	0.8693	0.5209	0.3079	0.6757	0.6503	0.3303	0.8693	0.5001	0.2759
v2_fc_loso_BT13	reports/v2_fc_loso_BT13/reliability_report.json	loso	human	prob_aug_recon_fc	eval	7.0000	8.0000	0.7785	fault_detection/test_ood/packet_loss	0.9665	staleness	0.9665	0.4985	0.5001	0.5011	0.5039	0.5187	0.9665	0.4217	0.5007
v2_fc_loso_BT13	reports/v2_fc_loso_BT13/reliability_report.json	loso	human	prob_aug_recon_fc	eval	7.0000	8.0000	0.7785	fault_detection/test_ood/packet_loss_burst	0.9326	staleness	0.9326	0.4985	0.5005	0.5015	0.5041	0.5112	0.9326	0.0645	0.5037
v2_fc_loso_BT13	reports/v2_fc_loso_BT13/reliability_report.json	loso	human	prob_aug_recon_fc	eval	7.0000	8.0000	0.7785	fault_detection/test_ood/packet_loss_partial	0.9728	coherence	1.0000	0.4993	0.5005	0.5027	0.5041	0.4807	0.9728	1.0000	0.5013
v2_fc_loso_BT13	reports/v2_fc_loso_BT13/reliability_report.json	loso	human	prob_aug_recon_fc	eval	7.0000	8.0000	0.7785	fault_detection/test_ood/sensor_delay	0.5033	coherence	0.9685	0.4713	0.5013	0.5267	0.5257	0.4828	0.5033	0.9685	0.5053
v2_fc_loso_BT13	reports/v2_fc_loso_BT13/reliability_report.json	loso	human	prob_aug_recon_fc	eval	7.0000	8.0000	0.7785	fault_detection/test_ood/sensor_delay_jitter	0.5039	coherence	0.9451	0.4688	0.5037	0.5279	0.5261	0.5005	0.5039	0.9451	0.5039
v2_fc_loso_BT13	reports/v2_fc_loso_BT13/reliability_report.json	loso	human	prob_aug_recon_fc	eval	7.0000	8.0000	0.7785	fault_detection/test_ood/stuck_imu	0.9861	coherence	1.0000	0.5074	0.4876	0.4805	0.4818	0.4965	0.9861	1.0000	0.4987
v2_fc_loso_BT13	reports/v2_fc_loso_BT13/reliability_report.json	loso	human	prob_aug_recon_fc	eval	7.0000	8.0000	0.7785	fault_detection/train/encoder_dropout	0.9383	staleness	0.9383	0.6055	0.4382	0.7697	0.7587	0.5405	0.9383	0.5000	0.4622
v2_fc_loso_BT13	reports/v2_fc_loso_BT13/reliability_report.json	loso	human	prob_aug_recon_fc	eval	7.0000	8.0000	0.7785	fault_detection/train/imu_bias	0.5011	logit	0.5260	0.5260	0.4552	0.5025	0.5025	0.4925	0.5011	0.4999	0.5180
v2_fc_loso_BT13	reports/v2_fc_loso_BT13/reliability_report.json	loso	human	prob_aug_recon_fc	eval	7.0000	8.0000	0.7785	fault_detection/train/insole_missing	0.8132	staleness	0.8132	0.5149	0.3748	0.7196	0.7012	0.3947	0.8132	0.5000	0.3574
v2_fc_loso_BT13	reports/v2_fc_loso_BT13/reliability_report.json	loso	human	prob_aug_recon_fc	eval	7.0000	8.0000	0.7785	fault_detection/train/packet_loss	0.9155	staleness	0.9155	0.4997	0.5000	0.5005	0.5017	0.5018	0.9155	0.4762	0.5000
v2_fc_loso_BT13	reports/v2_fc_loso_BT13/reliability_report.json	loso	human	prob_aug_recon_fc	eval	7.0000	8.0000	0.7785	fault_detection/train/packet_loss_burst	0.8904	staleness	0.8904	0.4988	0.4999	0.5020	0.5040	0.4991	0.8904	0.0755	0.5023
v2_fc_loso_BT13	reports/v2_fc_loso_BT13/reliability_report.json	loso	human	prob_aug_recon_fc	eval	7.0000	8.0000	0.7785	fault_detection/train/packet_loss_partial	0.9173	coherence	0.9988	0.4996	0.5000	0.5008	0.5017	0.5001	0.9173	0.9988	0.5001
v2_fc_loso_BT13	reports/v2_fc_loso_BT13/reliability_report.json	loso	human	prob_aug_recon_fc	eval	7.0000	8.0000	0.7785	fault_detection/train/sensor_delay	0.4987	coherence	0.9387	0.4499	0.5130	0.5414	0.5382	0.4769	0.4987	0.9387	0.5139
v2_fc_loso_BT13	reports/v2_fc_loso_BT13/reliability_report.json	loso	human	prob_aug_recon_fc	eval	7.0000	8.0000	0.7785	fault_detection/train/sensor_delay_jitter	0.4988	coherence	0.9227	0.4482	0.5153	0.5497	0.5466	0.4802	0.4988	0.9227	0.5156
v2_fc_loso_BT13	reports/v2_fc_loso_BT13/reliability_report.json	loso	human	prob_aug_recon_fc	eval	7.0000	8.0000	0.7785	fault_detection/train/stuck_imu	0.9665	coherence	1.0000	0.4696	0.5230	0.5613	0.5566	0.4976	0.9665	1.0000	0.4878
v2_fc_loso_BT13	reports/v2_fc_loso_BT13/reliability_report.json	loso	human	prob_aug_recon_fc	eval	7.0000	8.0000	0.7785	fault_detection/val/encoder_dropout	0.9251	staleness	0.9251	0.6030	0.4459	0.7855	0.7726	0.5555	0.9251	0.4998	0.4626
v2_fc_loso_BT13	reports/v2_fc_loso_BT13/reliability_report.json	loso	human	prob_aug_recon_fc	eval	7.0000	8.0000	0.7785	fault_detection/val/imu_bias	0.5018	drift	0.5252	0.5182	0.4586	0.5036	0.5031	0.5004	0.5018	0.4998	0.5252
v2_fc_loso_BT13	reports/v2_fc_loso_BT13/reliability_report.json	loso	human	prob_aug_recon_fc	eval	7.0000	8.0000	0.7785	fault_detection/val/insole_missing	0.8016	staleness	0.8016	0.4343	0.3816	0.6080	0.5868	0.3726	0.8016	0.4998	0.3565
v2_fc_loso_BT13	reports/v2_fc_loso_BT13/reliability_report.json	loso	human	prob_aug_recon_fc	eval	7.0000	8.0000	0.7785	fault_detection/val/packet_loss	0.8953	staleness	0.8953	0.4991	0.4998	0.5014	0.5028	0.4868	0.8953	0.4616	0.5000
v2_fc_loso_BT13	reports/v2_fc_loso_BT13/reliability_report.json	loso	human	prob_aug_recon_fc	eval	7.0000	8.0000	0.7785	fault_detection/val/packet_loss_burst	0.8641	staleness	0.8641	0.4982	0.5003	0.5011	0.5032	0.4935	0.8641	0.0704	0.5024
v2_fc_loso_BT13	reports/v2_fc_loso_BT13/reliability_report.json	loso	human	prob_aug_recon_fc	eval	7.0000	8.0000	0.7785	fault_detection/val/packet_loss_partial	0.8974	coherence	0.9999	0.4993	0.4991	0.5013	0.5026	0.4980	0.8974	0.9999	0.5002
v2_fc_loso_BT13	reports/v2_fc_loso_BT13/reliability_report.json	loso	human	prob_aug_recon_fc	eval	7.0000	8.0000	0.7785	fault_detection/val/sensor_delay	0.4984	coherence	0.9578	0.4617	0.5074	0.5311	0.5267	0.4766	0.4984	0.9578	0.5171
v2_fc_loso_BT13	reports/v2_fc_loso_BT13/reliability_report.json	loso	human	prob_aug_recon_fc	eval	7.0000	8.0000	0.7785	fault_detection/val/sensor_delay_jitter	0.4993	coherence	0.9390	0.4580	0.5091	0.5351	0.5314	0.4694	0.4993	0.9390	0.5191
v2_fc_loso_BT13	reports/v2_fc_loso_BT13/reliability_report.json	loso	human	prob_aug_recon_fc	eval	7.0000	8.0000	0.7785	fault_detection/val/stuck_imu	0.9627	coherence	1.0000	0.4824	0.5152	0.5364	0.5341	0.4737	0.9627	1.0000	0.4932
v2_fc_loso_BT13	reports/v2_fc_loso_BT13/reliability_report.json	loso	human	prob_aug_recon_fc	eval	7.0000	8.0000	0.7785	ood_detection/clean	0.6771	drift	0.6703	0.4876	0.6112	0.5540	0.5538	0.6490	0.6314	0.5920	0.6703
v2_fc_loso_BT14	reports/v2_fc_loso_BT14/reliability_report.json	loso	human	prob_aug_recon_fc	eval	7.0000	2.0000	0.8445	fault_detection/test_id/encoder_dropout	0.9288	staleness	0.9288	0.5405	0.4772	0.7992	0.7837	0.5178	0.9288	0.4999	0.4819
v2_fc_loso_BT14	reports/v2_fc_loso_BT14/reliability_report.json	loso	human	prob_aug_recon_fc	eval	7.0000	2.0000	0.8445	fault_detection/test_id/imu_bias	0.5022	logit	0.5260	0.5260	0.4536	0.5026	0.5038	0.4971	0.5022	0.5000	0.5130
v2_fc_loso_BT14	reports/v2_fc_loso_BT14/reliability_report.json	loso	human	prob_aug_recon_fc	eval	7.0000	2.0000	0.8445	fault_detection/test_id/insole_missing	0.8248	residual	0.8673	0.5242	0.3825	0.8673	0.8476	0.4438	0.8248	0.4999	0.2907
v2_fc_loso_BT14	reports/v2_fc_loso_BT14/reliability_report.json	loso	human	prob_aug_recon_fc	eval	7.0000	2.0000	0.8445	fault_detection/test_id/packet_loss	0.9107	staleness	0.9107	0.4992	0.5001	0.5013	0.5039	0.5106	0.9107	0.4727	0.4998
v2_fc_loso_BT14	reports/v2_fc_loso_BT14/reliability_report.json	loso	human	prob_aug_recon_fc	eval	7.0000	2.0000	0.8445	fault_detection/test_id/packet_loss_burst	0.8811	staleness	0.8811	0.4988	0.4983	0.5033	0.5066	0.4881	0.8811	0.0807	0.5003
v2_fc_loso_BT14	reports/v2_fc_loso_BT14/reliability_report.json	loso	human	prob_aug_recon_fc	eval	7.0000	2.0000	0.8445	fault_detection/test_id/packet_loss_partial	0.9124	coherence	1.0000	0.4997	0.4996	0.5020	0.5044	0.5102	0.9124	1.0000	0.5005
v2_fc_loso_BT14	reports/v2_fc_loso_BT14/reliability_report.json	loso	human	prob_aug_recon_fc	eval	7.0000	2.0000	0.8445	fault_detection/test_id/sensor_delay	0.4999	coherence	0.9520	0.4690	0.5166	0.5490	0.5436	0.4801	0.4999	0.9520	0.5125
v2_fc_loso_BT14	reports/v2_fc_loso_BT14/reliability_report.json	loso	human	prob_aug_recon_fc	eval	7.0000	2.0000	0.8445	fault_detection/test_id/sensor_delay_jitter	0.5007	coherence	0.9496	0.4663	0.5206	0.5577	0.5520	0.4818	0.5007	0.9496	0.5087
v2_fc_loso_BT14	reports/v2_fc_loso_BT14/reliability_report.json	loso	human	prob_aug_recon_fc	eval	7.0000	2.0000	0.8445	fault_detection/test_id/stuck_imu	0.9438	coherence	1.0000	0.4681	0.5371	0.6083	0.6005	0.4788	0.9438	1.0000	0.4878
v2_fc_loso_BT14	reports/v2_fc_loso_BT14/reliability_report.json	loso	human	prob_aug_recon_fc	eval	7.0000	2.0000	0.8445	fault_detection/test_ood/encoder_dropout	0.9680	staleness	0.9680	0.5908	0.4149	0.6661	0.6469	0.4678	0.9680	0.4998	0.4800
v2_fc_loso_BT14	reports/v2_fc_loso_BT14/reliability_report.json	loso	human	prob_aug_recon_fc	eval	7.0000	2.0000	0.8445	fault_detection/test_ood/imu_bias	0.5039	logit	0.5704	0.5704	0.4506	0.5076	0.5086	0.5039	0.5039	0.4998	0.5063
v2_fc_loso_BT14	reports/v2_fc_loso_BT14/reliability_report.json	loso	human	prob_aug_recon_fc	eval	7.0000	2.0000	0.8445	fault_detection/test_ood/insole_missing	0.9063	staleness	0.9063	0.5116	0.3661	0.7418	0.7243	0.3833	0.9063	0.4998	0.2676
v2_fc_loso_BT14	reports/v2_fc_loso_BT14/reliability_report.json	loso	human	prob_aug_recon_fc	eval	7.0000	2.0000	0.8445	fault_detection/test_ood/packet_loss	0.9620	staleness	0.9620	0.4992	0.4982	0.4998	0.5047	0.5182	0.9620	0.4376	0.5000
v2_fc_loso_BT14	reports/v2_fc_loso_BT14/reliability_report.json	loso	human	prob_aug_recon_fc	eval	7.0000	2.0000	0.8445	fault_detection/test_ood/packet_loss_burst	0.9482	staleness	0.9482	0.4982	0.4978	0.5035	0.5067	0.5178	0.9482	0.0410	0.5018
v2_fc_loso_BT14	reports/v2_fc_loso_BT14/reliability_report.json	loso	human	prob_aug_recon_fc	eval	7.0000	2.0000	0.8445	fault_detection/test_ood/packet_loss_partial	0.9614	coherence	0.9996	0.5016	0.5006	0.5008	0.5051	0.4949	0.9614	0.9996	0.5004
v2_fc_loso_BT14	reports/v2_fc_loso_BT14/reliability_report.json	loso	human	prob_aug_recon_fc	eval	7.0000	2.0000	0.8445	fault_detection/test_ood/sensor_delay	0.4986	coherence	0.9861	0.4822	0.4998	0.5302	0.5302	0.4990	0.4986	0.9861	0.5122
v2_fc_loso_BT14	reports/v2_fc_loso_BT14/reliability_report.json	loso	human	prob_aug_recon_fc	eval	7.0000	2.0000	0.8445	fault_detection/test_ood/sensor_delay_jitter	0.5000	coherence	0.9831	0.4796	0.4969	0.5322	0.5331	0.4800	0.5000	0.9831	0.5104
v2_fc_loso_BT14	reports/v2_fc_loso_BT14/reliability_report.json	loso	human	prob_aug_recon_fc	eval	7.0000	2.0000	0.8445	fault_detection/test_ood/stuck_imu	0.9847	coherence	1.0000	0.4857	0.5010	0.4667	0.4680	0.4976	0.9847	1.0000	0.4990
v2_fc_loso_BT14	reports/v2_fc_loso_BT14/reliability_report.json	loso	human	prob_aug_recon_fc	eval	7.0000	2.0000	0.8445	fault_detection/train/encoder_dropout	0.9382	staleness	0.9382	0.5584	0.4518	0.8180	0.8017	0.5187	0.9382	0.5000	0.4608
v2_fc_loso_BT14	reports/v2_fc_loso_BT14/reliability_report.json	loso	human	prob_aug_recon_fc	eval	7.0000	2.0000	0.8445	fault_detection/train/imu_bias	0.5011	logit	0.5227	0.5227	0.4551	0.5044	0.5040	0.4922	0.5011	0.4999	0.5189
v2_fc_loso_BT14	reports/v2_fc_loso_BT14/reliability_report.json	loso	human	prob_aug_recon_fc	eval	7.0000	2.0000	0.8445	fault_detection/train/insole_missing	0.8120	staleness	0.8120	0.4998	0.4037	0.7916	0.7659	0.4282	0.8120	0.5000	0.3660
v2_fc_loso_BT14	reports/v2_fc_loso_BT14/reliability_report.json	loso	human	prob_aug_recon_fc	eval	7.0000	2.0000	0.8445	fault_detection/train/packet_loss	0.9144	staleness	0.9144	0.4997	0.5000	0.5006	0.5019	0.4994	0.9144	0.4758	0.5002
v2_fc_loso_BT14	reports/v2_fc_loso_BT14/reliability_report.json	loso	human	prob_aug_recon_fc	eval	7.0000	2.0000	0.8445	fault_detection/train/packet_loss_burst	0.8891	staleness	0.8891	0.4988	0.5002	0.5033	0.5054	0.4971	0.8891	0.0784	0.5032
v2_fc_loso_BT14	reports/v2_fc_loso_BT14/reliability_report.json	loso	human	prob_aug_recon_fc	eval	7.0000	2.0000	0.8445	fault_detection/train/packet_loss_partial	0.9164	coherence	0.9989	0.4997	0.5000	0.5009	0.5019	0.5002	0.9164	0.9989	0.5000
v2_fc_loso_BT14	reports/v2_fc_loso_BT14/reliability_report.json	loso	human	prob_aug_recon_fc	eval	7.0000	2.0000	0.8445	fault_detection/train/sensor_delay	0.4986	coherence	0.9392	0.4644	0.5190	0.5422	0.5368	0.4811	0.4986	0.9392	0.5141
v2_fc_loso_BT14	reports/v2_fc_loso_BT14/reliability_report.json	loso	human	prob_aug_recon_fc	eval	7.0000	2.0000	0.8445	fault_detection/train/sensor_delay_jitter	0.4985	coherence	0.9249	0.4598	0.5218	0.5546	0.5485	0.4748	0.4985	0.9249	0.5158
v2_fc_loso_BT14	reports/v2_fc_loso_BT14/reliability_report.json	loso	human	prob_aug_recon_fc	eval	7.0000	2.0000	0.8445	fault_detection/train/stuck_imu	0.9674	coherence	1.0000	0.4664	0.5333	0.5883	0.5789	0.4838	0.9674	1.0000	0.4873
v2_fc_loso_BT14	reports/v2_fc_loso_BT14/reliability_report.json	loso	human	prob_aug_recon_fc	eval	7.0000	2.0000	0.8445	fault_detection/val/encoder_dropout	0.9136	staleness	0.9136	0.5733	0.4720	0.8173	0.7971	0.5290	0.9136	0.4997	0.4804
v2_fc_loso_BT14	reports/v2_fc_loso_BT14/reliability_report.json	loso	human	prob_aug_recon_fc	eval	7.0000	2.0000	0.8445	fault_detection/val/imu_bias	0.5019	logit	0.5301	0.5301	0.4459	0.5055	0.5050	0.5084	0.5019	0.5004	0.5100
v2_fc_loso_BT14	reports/v2_fc_loso_BT14/reliability_report.json	loso	human	prob_aug_recon_fc	eval	7.0000	2.0000	0.8445	fault_detection/val/insole_missing	0.7915	residual	0.8205	0.5128	0.3707	0.8205	0.7804	0.4159	0.7915	0.4997	0.2782
v2_fc_loso_BT14	reports/v2_fc_loso_BT14/reliability_report.json	loso	human	prob_aug_recon_fc	eval	7.0000	2.0000	0.8445	fault_detection/val/packet_loss	0.8940	staleness	0.8940	0.4993	0.4995	0.5016	0.5036	0.4990	0.8940	0.4638	0.5007
v2_fc_loso_BT14	reports/v2_fc_loso_BT14/reliability_report.json	loso	human	prob_aug_recon_fc	eval	7.0000	2.0000	0.8445	fault_detection/val/packet_loss_burst	0.8635	staleness	0.8635	0.4983	0.4993	0.5047	0.5070	0.4984	0.8635	0.0655	0.5063
v2_fc_loso_BT14	reports/v2_fc_loso_BT14/reliability_report.json	loso	human	prob_aug_recon_fc	eval	7.0000	2.0000	0.8445	fault_detection/val/packet_loss_partial	0.8972	coherence	1.0000	0.4989	0.4998	0.5026	0.5034	0.4772	0.8972	1.0000	0.5007
v2_fc_loso_BT14	reports/v2_fc_loso_BT14/reliability_report.json	loso	human	prob_aug_recon_fc	eval	7.0000	2.0000	0.8445	fault_detection/val/sensor_delay	0.5006	coherence	0.9476	0.4634	0.5206	0.5471	0.5401	0.4825	0.5006	0.9476	0.5227
v2_fc_loso_BT14	reports/v2_fc_loso_BT14/reliability_report.json	loso	human	prob_aug_recon_fc	eval	7.0000	2.0000	0.8445	fault_detection/val/sensor_delay_jitter	0.5008	coherence	0.9364	0.4575	0.5238	0.5633	0.5541	0.4629	0.5008	0.9364	0.5288
v2_fc_loso_BT14	reports/v2_fc_loso_BT14/reliability_report.json	loso	human	prob_aug_recon_fc	eval	7.0000	2.0000	0.8445	fault_detection/val/stuck_imu	0.9264	coherence	1.0000	0.4654	0.5352	0.5985	0.5889	0.4891	0.9264	1.0000	0.4921
v2_fc_loso_BT14	reports/v2_fc_loso_BT14/reliability_report.json	loso	human	prob_aug_recon_fc	eval	7.0000	2.0000	0.8445	ood_detection/clean	0.6021	drift	0.6724	0.4276	0.5484	0.5890	0.5854	0.5258	0.5808	0.6216	0.6724
v2_fc_loso_BT15	reports/v2_fc_loso_BT15/reliability_report.json	loso	human	prob_aug_recon_fc	eval	7.0000	2.0000	0.9654	fault_detection/test_id/encoder_dropout	0.8365	staleness	0.9527	0.6052	0.4728	0.7542	0.7410	0.5554	0.9527	0.5001	0.4746
v2_fc_loso_BT15	reports/v2_fc_loso_BT15/reliability_report.json	loso	human	prob_aug_recon_fc	eval	7.0000	2.0000	0.9654	fault_detection/test_id/imu_bias	0.5008	logit	0.5326	0.5326	0.4488	0.5074	0.5061	0.5041	0.5022	0.4998	0.5163
v2_fc_loso_BT15	reports/v2_fc_loso_BT15/reliability_report.json	loso	human	prob_aug_recon_fc	eval	7.0000	2.0000	0.9654	fault_detection/test_id/insole_missing	0.7340	staleness	0.9058	0.5506	0.3126	0.7689	0.7412	0.4113	0.9058	0.5001	0.3381
v2_fc_loso_BT15	reports/v2_fc_loso_BT15/reliability_report.json	loso	human	prob_aug_recon_fc	eval	7.0000	2.0000	0.9654	fault_detection/test_id/packet_loss	0.6566	staleness	0.9429	0.4990	0.5000	0.5013	0.5040	0.4989	0.9429	0.4784	0.5007
v2_fc_loso_BT15	reports/v2_fc_loso_BT15/reliability_report.json	loso	human	prob_aug_recon_fc	eval	7.0000	2.0000	0.9654	fault_detection/test_id/packet_loss_burst	0.5295	staleness	0.9164	0.4987	0.5000	0.5021	0.5044	0.5039	0.9164	0.0677	0.5097
v2_fc_loso_BT15	reports/v2_fc_loso_BT15/reliability_report.json	loso	human	prob_aug_recon_fc	eval	7.0000	2.0000	0.9654	fault_detection/test_id/packet_loss_partial	0.8376	coherence	0.9997	0.4988	0.4998	0.5007	0.5026	0.4989	0.9452	0.9997	0.5009
v2_fc_loso_BT15	reports/v2_fc_loso_BT15/reliability_report.json	loso	human	prob_aug_recon_fc	eval	7.0000	2.0000	0.9654	fault_detection/test_id/sensor_delay	0.8080	coherence	0.9657	0.4662	0.5221	0.5392	0.5332	0.4754	0.5022	0.9657	0.5155
v2_fc_loso_BT15	reports/v2_fc_loso_BT15/reliability_report.json	loso	human	prob_aug_recon_fc	eval	7.0000	2.0000	0.9654	fault_detection/test_id/sensor_delay_jitter	0.8024	coherence	0.9544	0.4623	0.5254	0.5476	0.5413	0.4709	0.5019	0.9544	0.5186
v2_fc_loso_BT15	reports/v2_fc_loso_BT15/reliability_report.json	loso	human	prob_aug_recon_fc	eval	7.0000	2.0000	0.9654	fault_detection/test_id/stuck_imu	0.9050	coherence	1.0000	0.4721	0.5300	0.5783	0.5697	0.4753	0.9671	1.0000	0.4883
v2_fc_loso_BT15	reports/v2_fc_loso_BT15/reliability_report.json	loso	human	prob_aug_recon_fc	eval	7.0000	2.0000	0.9654	fault_detection/test_ood/encoder_dropout	0.7824	staleness	0.9946	0.6427	0.3943	0.6836	0.6732	0.5266	0.9946	0.4985	0.4753
v2_fc_loso_BT15	reports/v2_fc_loso_BT15/reliability_report.json	loso	human	prob_aug_recon_fc	eval	7.0000	2.0000	0.9654	fault_detection/test_ood/imu_bias	0.5027	logit	0.5351	0.5351	0.4446	0.5075	0.5068	0.5058	0.5035	0.4996	0.5054
v2_fc_loso_BT15	reports/v2_fc_loso_BT15/reliability_report.json	loso	human	prob_aug_recon_fc	eval	7.0000	2.0000	0.9654	fault_detection/test_ood/insole_missing	0.6399	staleness	0.9660	0.5129	0.3214	0.6674	0.6478	0.3914	0.9660	0.4985	0.3349
v2_fc_loso_BT15	reports/v2_fc_loso_BT15/reliability_report.json	loso	human	prob_aug_recon_fc	eval	7.0000	2.0000	0.9654	fault_detection/test_ood/packet_loss	0.7035	staleness	0.9902	0.4990	0.4992	0.5039	0.5052	0.4811	0.9902	0.4518	0.5004
v2_fc_loso_BT15	reports/v2_fc_loso_BT15/reliability_report.json	loso	human	prob_aug_recon_fc	eval	7.0000	2.0000	0.9654	fault_detection/test_ood/packet_loss_burst	0.6501	staleness	0.9720	0.5015	0.5014	0.5012	0.5046	0.5066	0.9720	0.0181	0.4996
v2_fc_loso_BT15	reports/v2_fc_loso_BT15/reliability_report.json	loso	human	prob_aug_recon_fc	eval	7.0000	2.0000	0.9654	fault_detection/test_ood/packet_loss_partial	0.7189	coherence	1.0000	0.4983	0.4992	0.5027	0.5054	0.5114	0.9909	1.0000	0.4985
v2_fc_loso_BT15	reports/v2_fc_loso_BT15/reliability_report.json	loso	human	prob_aug_recon_fc	eval	7.0000	2.0000	0.9654	fault_detection/test_ood/sensor_delay	0.7292	coherence	1.0000	0.4877	0.4996	0.5245	0.5228	0.4931	0.4983	1.0000	0.4975
v2_fc_loso_BT15	reports/v2_fc_loso_BT15/reliability_report.json	loso	human	prob_aug_recon_fc	eval	7.0000	2.0000	0.9654	fault_detection/test_ood/sensor_delay_jitter	0.7243	coherence	0.9921	0.4894	0.4988	0.5247	0.5251	0.4840	0.4983	0.9921	0.5017
v2_fc_loso_BT15	reports/v2_fc_loso_BT15/reliability_report.json	loso	human	prob_aug_recon_fc	eval	7.0000	2.0000	0.9654	fault_detection/test_ood/stuck_imu	0.7108	staleness	1.0000	0.4745	0.5137	0.4539	0.4564	0.4626	1.0000	1.0000	0.5014
v2_fc_loso_BT15	reports/v2_fc_loso_BT15/reliability_report.json	loso	human	prob_aug_recon_fc	eval	7.0000	2.0000	0.9654	fault_detection/train/encoder_dropout	0.9092	staleness	0.9394	0.5626	0.4360	0.8085	0.7892	0.5028	0.9394	0.5000	0.4610
v2_fc_loso_BT15	reports/v2_fc_loso_BT15/reliability_report.json	loso	human	prob_aug_recon_fc	eval	7.0000	2.0000	0.9654	fault_detection/train/imu_bias	0.5026	logit	0.5257	0.5257	0.4482	0.5070	0.5058	0.4935	0.5010	0.5000	0.5188
v2_fc_loso_BT15	reports/v2_fc_loso_BT15/reliability_report.json	loso	human	prob_aug_recon_fc	eval	7.0000	2.0000	0.9654	fault_detection/train/insole_missing	0.7967	residual	0.8254	0.5094	0.3646	0.8254	0.7936	0.4219	0.8085	0.5000	0.3657
v2_fc_loso_BT15	reports/v2_fc_loso_BT15/reliability_report.json	loso	human	prob_aug_recon_fc	eval	7.0000	2.0000	0.9654	fault_detection/train/packet_loss	0.8054	staleness	0.9154	0.4998	0.5000	0.5007	0.5024	0.5003	0.9154	0.4752	0.5000
v2_fc_loso_BT15	reports/v2_fc_loso_BT15/reliability_report.json	loso	human	prob_aug_recon_fc	eval	7.0000	2.0000	0.9654	fault_detection/train/packet_loss_burst	0.7112	staleness	0.8904	0.4989	0.5001	0.5034	0.5061	0.4966	0.8904	0.0771	0.5025
v2_fc_loso_BT15	reports/v2_fc_loso_BT15/reliability_report.json	loso	human	prob_aug_recon_fc	eval	7.0000	2.0000	0.9654	fault_detection/train/packet_loss_partial	0.8658	coherence	0.9989	0.4997	0.5001	0.5011	0.5023	0.4988	0.9174	0.9989	0.4999
v2_fc_loso_BT15	reports/v2_fc_loso_BT15/reliability_report.json	loso	human	prob_aug_recon_fc	eval	7.0000	2.0000	0.9654	fault_detection/train/sensor_delay	0.7794	coherence	0.9389	0.4619	0.5242	0.5404	0.5344	0.4748	0.4986	0.9389	0.5146
v2_fc_loso_BT15	reports/v2_fc_loso_BT15/reliability_report.json	loso	human	prob_aug_recon_fc	eval	7.0000	2.0000	0.9654	fault_detection/train/sensor_delay_jitter	0.7760	coherence	0.9219	0.4581	0.5266	0.5545	0.5470	0.4753	0.4987	0.9219	0.5170
v2_fc_loso_BT15	reports/v2_fc_loso_BT15/reliability_report.json	loso	human	prob_aug_recon_fc	eval	7.0000	2.0000	0.9654	fault_detection/train/stuck_imu	0.9339	coherence	1.0000	0.4683	0.5379	0.6034	0.5907	0.4841	0.9667	1.0000	0.4874
v2_fc_loso_BT15	reports/v2_fc_loso_BT15/reliability_report.json	loso	human	prob_aug_recon_fc	eval	7.0000	2.0000	0.9654	fault_detection/val/encoder_dropout	0.8825	staleness	0.9295	0.5512	0.4672	0.7967	0.7786	0.5278	0.9295	0.4999	0.4817
v2_fc_loso_BT15	reports/v2_fc_loso_BT15/reliability_report.json	loso	human	prob_aug_recon_fc	eval	7.0000	2.0000	0.9654	fault_detection/val/imu_bias	0.5057	logit	0.5333	0.5333	0.4438	0.5072	0.5066	0.4925	0.5020	0.5001	0.5134
v2_fc_loso_BT15	reports/v2_fc_loso_BT15/reliability_report.json	loso	human	prob_aug_recon_fc	eval	7.0000	2.0000	0.9654	fault_detection/val/insole_missing	0.7569	residual	0.8820	0.5225	0.3449	0.8820	0.8610	0.4159	0.8256	0.4999	0.2933
v2_fc_loso_BT15	reports/v2_fc_loso_BT15/reliability_report.json	loso	human	prob_aug_recon_fc	eval	7.0000	2.0000	0.9654	fault_detection/val/packet_loss	0.7251	staleness	0.9106	0.4992	0.4998	0.5018	0.5043	0.5020	0.9106	0.4589	0.5002
v2_fc_loso_BT15	reports/v2_fc_loso_BT15/reliability_report.json	loso	human	prob_aug_recon_fc	eval	7.0000	2.0000	0.9654	fault_detection/val/packet_loss_burst	0.6304	staleness	0.8872	0.4976	0.4999	0.5054	0.5087	0.4962	0.8872	0.0726	0.5024
v2_fc_loso_BT15	reports/v2_fc_loso_BT15/reliability_report.json	loso	human	prob_aug_recon_fc	eval	7.0000	2.0000	0.9654	fault_detection/val/packet_loss_partial	0.8636	coherence	1.0000	0.4987	0.4994	0.5025	0.5035	0.5010	0.9132	1.0000	0.5014
v2_fc_loso_BT15	reports/v2_fc_loso_BT15/reliability_report.json	loso	human	prob_aug_recon_fc	eval	7.0000	2.0000	0.9654	fault_detection/val/sensor_delay	0.8091	coherence	0.9521	0.4639	0.5261	0.5463	0.5399	0.4701	0.5001	0.9521	0.5124
v2_fc_loso_BT15	reports/v2_fc_loso_BT15/reliability_report.json	loso	human	prob_aug_recon_fc	eval	7.0000	2.0000	0.9654	fault_detection/val/sensor_delay_jitter	0.8140	coherence	0.9429	0.4604	0.5260	0.5623	0.5544	0.4633	0.4996	0.9429	0.5136
v2_fc_loso_BT15	reports/v2_fc_loso_BT15/reliability_report.json	loso	human	prob_aug_recon_fc	eval	7.0000	2.0000	0.9654	fault_detection/val/stuck_imu	0.9131	coherence	1.0000	0.4739	0.5365	0.6226	0.6121	0.4718	0.9441	1.0000	0.4871
v2_fc_loso_BT15	reports/v2_fc_loso_BT15/reliability_report.json	loso	human	prob_aug_recon_fc	eval	7.0000	2.0000	0.9654	ood_detection/clean	0.6746	drift	0.7351	0.4079	0.6956	0.6150	0.6138	0.6286	0.6081	0.4717	0.7351
v2_fc_loso_BT16	reports/v2_fc_loso_BT16/reliability_report.json	loso	human	prob_aug_recon_fc	eval	7.0000	8.0000	0.7813	fault_detection/test_id/encoder_dropout	0.9408	staleness	0.9408	0.6075	0.4078	0.8008	0.7800	0.4870	0.9408	0.5003	0.4749
v2_fc_loso_BT16	reports/v2_fc_loso_BT16/reliability_report.json	loso	human	prob_aug_recon_fc	eval	7.0000	8.0000	0.7813	fault_detection/test_id/imu_bias	0.5061	logit	0.5373	0.5373	0.4532	0.5086	0.5086	0.4960	0.5024	0.4996	0.5226
v2_fc_loso_BT16	reports/v2_fc_loso_BT16/reliability_report.json	loso	human	prob_aug_recon_fc	eval	7.0000	8.0000	0.7813	fault_detection/test_id/insole_missing	0.6482	residual	0.8649	0.4879	0.4141	0.8649	0.8353	0.4191	0.8508	0.5003	0.3253
v2_fc_loso_BT16	reports/v2_fc_loso_BT16/reliability_report.json	loso	human	prob_aug_recon_fc	eval	7.0000	8.0000	0.7813	fault_detection/test_id/packet_loss	0.9246	staleness	0.9296	0.4993	0.5004	0.5017	0.5040	0.4965	0.9296	0.4799	0.4996
v2_fc_loso_BT16	reports/v2_fc_loso_BT16/reliability_report.json	loso	human	prob_aug_recon_fc	eval	7.0000	8.0000	0.7813	fault_detection/test_id/packet_loss_burst	0.8759	staleness	0.9095	0.4982	0.5005	0.5052	0.5073	0.5057	0.9095	0.0680	0.5028
v2_fc_loso_BT16	reports/v2_fc_loso_BT16/reliability_report.json	loso	human	prob_aug_recon_fc	eval	7.0000	8.0000	0.7813	fault_detection/test_id/packet_loss_partial	0.9328	coherence	1.0000	0.4984	0.5006	0.5014	0.5034	0.5182	0.9328	1.0000	0.5006
v2_fc_loso_BT16	reports/v2_fc_loso_BT16/reliability_report.json	loso	human	prob_aug_recon_fc	eval	7.0000	8.0000	0.7813	fault_detection/test_id/sensor_delay	0.8297	coherence	0.9388	0.4463	0.5146	0.5509	0.5447	0.4796	0.4961	0.9388	0.5133
v2_fc_loso_BT16	reports/v2_fc_loso_BT16/reliability_report.json	loso	human	prob_aug_recon_fc	eval	7.0000	8.0000	0.7813	fault_detection/test_id/sensor_delay_jitter	0.8193	coherence	0.9283	0.4396	0.5147	0.5616	0.5560	0.4670	0.4956	0.9283	0.5120
v2_fc_loso_BT16	reports/v2_fc_loso_BT16/reliability_report.json	loso	human	prob_aug_recon_fc	eval	7.0000	8.0000	0.7813	fault_detection/test_id/stuck_imu	0.9605	coherence	1.0000	0.4685	0.5182	0.6030	0.5934	0.4995	0.9605	1.0000	0.4925
v2_fc_loso_BT16	reports/v2_fc_loso_BT16/reliability_report.json	loso	human	prob_aug_recon_fc	eval	7.0000	8.0000	0.7813	fault_detection/test_ood/encoder_dropout	0.9825	staleness	0.9825	0.5759	0.3654	0.5465	0.5374	0.3789	0.9825	0.4999	0.4795
v2_fc_loso_BT16	reports/v2_fc_loso_BT16/reliability_report.json	loso	human	prob_aug_recon_fc	eval	7.0000	8.0000	0.7813	fault_detection/test_ood/imu_bias	0.5076	logit	0.5398	0.5398	0.4584	0.5084	0.5090	0.5090	0.5045	0.5015	0.5017
v2_fc_loso_BT16	reports/v2_fc_loso_BT16/reliability_report.json	loso	human	prob_aug_recon_fc	eval	7.0000	8.0000	0.7813	fault_detection/test_ood/insole_missing	0.7356	staleness	0.8280	0.4882	0.3801	0.7100	0.6939	0.3841	0.8280	0.4999	0.3368
v2_fc_loso_BT16	reports/v2_fc_loso_BT16/reliability_report.json	loso	human	prob_aug_recon_fc	eval	7.0000	8.0000	0.7813	fault_detection/test_ood/packet_loss	0.9478	staleness	0.9480	0.4975	0.5003	0.5009	0.5039	0.4836	0.9480	0.4584	0.5023
v2_fc_loso_BT16	reports/v2_fc_loso_BT16/reliability_report.json	loso	human	prob_aug_recon_fc	eval	7.0000	8.0000	0.7813	fault_detection/test_ood/packet_loss_burst	0.8677	staleness	0.9016	0.4975	0.5019	0.5013	0.5045	0.4668	0.9016	0.0746	0.5011
v2_fc_loso_BT16	reports/v2_fc_loso_BT16/reliability_report.json	loso	human	prob_aug_recon_fc	eval	7.0000	8.0000	0.7813	fault_detection/test_ood/packet_loss_partial	0.9599	coherence	0.9998	0.4991	0.4993	0.5013	0.5031	0.5150	0.9599	0.9998	0.4983
v2_fc_loso_BT16	reports/v2_fc_loso_BT16/reliability_report.json	loso	human	prob_aug_recon_fc	eval	7.0000	8.0000	0.7813	fault_detection/test_ood/sensor_delay	0.7502	coherence	0.9841	0.4707	0.5031	0.5148	0.5162	0.4818	0.5003	0.9841	0.5090
v2_fc_loso_BT16	reports/v2_fc_loso_BT16/reliability_report.json	loso	human	prob_aug_recon_fc	eval	7.0000	8.0000	0.7813	fault_detection/test_ood/sensor_delay_jitter	0.7445	coherence	0.9704	0.4662	0.4997	0.5197	0.5199	0.5017	0.5011	0.9704	0.5110
v2_fc_loso_BT16	reports/v2_fc_loso_BT16/reliability_report.json	loso	human	prob_aug_recon_fc	eval	7.0000	8.0000	0.7813	fault_detection/test_ood/stuck_imu	0.9948	coherence	1.0000	0.4854	0.5068	0.4505	0.4555	0.4771	0.9948	1.0000	0.5003
v2_fc_loso_BT16	reports/v2_fc_loso_BT16/reliability_report.json	loso	human	prob_aug_recon_fc	eval	7.0000	8.0000	0.7813	fault_detection/train/encoder_dropout	0.9384	staleness	0.9384	0.5770	0.4004	0.8117	0.7920	0.4885	0.9384	0.5000	0.4613
v2_fc_loso_BT16	reports/v2_fc_loso_BT16/reliability_report.json	loso	human	prob_aug_recon_fc	eval	7.0000	8.0000	0.7813	fault_detection/train/imu_bias	0.5036	logit	0.5262	0.5262	0.4556	0.5047	0.5043	0.4953	0.5010	0.5000	0.5184
v2_fc_loso_BT16	reports/v2_fc_loso_BT16/reliability_report.json	loso	human	prob_aug_recon_fc	eval	7.0000	8.0000	0.7813	fault_detection/train/insole_missing	0.7356	staleness	0.8068	0.4985	0.3912	0.8036	0.7759	0.4156	0.8068	0.5000	0.3631
v2_fc_loso_BT16	reports/v2_fc_loso_BT16/reliability_report.json	loso	human	prob_aug_recon_fc	eval	7.0000	8.0000	0.7813	fault_detection/train/packet_loss	0.9139	staleness	0.9142	0.4997	0.5000	0.5006	0.5022	0.5005	0.9142	0.4738	0.5000
v2_fc_loso_BT16	reports/v2_fc_loso_BT16/reliability_report.json	loso	human	prob_aug_recon_fc	eval	7.0000	8.0000	0.7813	fault_detection/train/packet_loss_burst	0.8719	staleness	0.8890	0.4987	0.5000	0.5030	0.5056	0.4976	0.8890	0.0767	0.5026
v2_fc_loso_BT16	reports/v2_fc_loso_BT16/reliability_report.json	loso	human	prob_aug_recon_fc	eval	7.0000	8.0000	0.7813	fault_detection/train/packet_loss_partial	0.9163	coherence	0.9989	0.4997	0.5001	0.5010	0.5021	0.4995	0.9162	0.9989	0.4999
v2_fc_loso_BT16	reports/v2_fc_loso_BT16/reliability_report.json	loso	human	prob_aug_recon_fc	eval	7.0000	8.0000	0.7813	fault_detection/train/sensor_delay	0.7439	coherence	0.9398	0.4515	0.5223	0.5374	0.5321	0.4738	0.4987	0.9398	0.5145
v2_fc_loso_BT16	reports/v2_fc_loso_BT16/reliability_report.json	loso	human	prob_aug_recon_fc	eval	7.0000	8.0000	0.7813	fault_detection/train/sensor_delay_jitter	0.7327	coherence	0.9226	0.4473	0.5240	0.5503	0.5439	0.4746	0.4988	0.9226	0.5168
v2_fc_loso_BT16	reports/v2_fc_loso_BT16/reliability_report.json	loso	human	prob_aug_recon_fc	eval	7.0000	8.0000	0.7813	fault_detection/train/stuck_imu	0.9656	coherence	1.0000	0.4660	0.5309	0.5949	0.5843	0.4870	0.9656	1.0000	0.4874
v2_fc_loso_BT16	reports/v2_fc_loso_BT16/reliability_report.json	loso	human	prob_aug_recon_fc	eval	7.0000	8.0000	0.7813	fault_detection/val/encoder_dropout	0.9525	staleness	0.9526	0.6373	0.4272	0.7636	0.7491	0.5396	0.9526	0.5000	0.4748
v2_fc_loso_BT16	reports/v2_fc_loso_BT16/reliability_report.json	loso	human	prob_aug_recon_fc	eval	7.0000	8.0000	0.7813	fault_detection/val/imu_bias	0.5085	logit	0.5300	0.5300	0.4571	0.5059	0.5060	0.5064	0.5021	0.4999	0.5163
v2_fc_loso_BT16	reports/v2_fc_loso_BT16/reliability_report.json	loso	human	prob_aug_recon_fc	eval	7.0000	8.0000	0.7813	fault_detection/val/insole_missing	0.7384	staleness	0.9055	0.5371	0.3525	0.7495	0.7226	0.4349	0.9055	0.5000	0.3375
v2_fc_loso_BT16	reports/v2_fc_loso_BT16/reliability_report.json	loso	human	prob_aug_recon_fc	eval	7.0000	8.0000	0.7813	fault_detection/val/packet_loss	0.9371	staleness	0.9458	0.4994	0.5000	0.5001	0.5030	0.4999	0.9458	0.4801	0.5016
v2_fc_loso_BT16	reports/v2_fc_loso_BT16/reliability_report.json	loso	human	prob_aug_recon_fc	eval	7.0000	8.0000	0.7813	fault_detection/val/packet_loss_burst	0.8180	staleness	0.9218	0.4978	0.5013	0.5015	0.5050	0.4998	0.9218	0.0698	0.5043
v2_fc_loso_BT16	reports/v2_fc_loso_BT16/reliability_report.json	loso	human	prob_aug_recon_fc	eval	7.0000	8.0000	0.7813	fault_detection/val/packet_loss_partial	0.9475	coherence	0.9997	0.4989	0.4998	0.5016	0.5030	0.4963	0.9455	0.9997	0.5012
v2_fc_loso_BT16	reports/v2_fc_loso_BT16/reliability_report.json	loso	human	prob_aug_recon_fc	eval	7.0000	8.0000	0.7813	fault_detection/val/sensor_delay	0.8741	coherence	0.9657	0.4566	0.5198	0.5388	0.5342	0.4729	0.5024	0.9657	0.5154
v2_fc_loso_BT16	reports/v2_fc_loso_BT16/reliability_report.json	loso	human	prob_aug_recon_fc	eval	7.0000	8.0000	0.7813	fault_detection/val/sensor_delay_jitter	0.8587	coherence	0.9437	0.4527	0.5207	0.5446	0.5402	0.4784	0.5014	0.9437	0.5160
v2_fc_loso_BT16	reports/v2_fc_loso_BT16/reliability_report.json	loso	human	prob_aug_recon_fc	eval	7.0000	8.0000	0.7813	fault_detection/val/stuck_imu	0.9671	coherence	1.0000	0.4701	0.5255	0.5733	0.5667	0.4822	0.9671	1.0000	0.4885
v2_fc_loso_BT16	reports/v2_fc_loso_BT16/reliability_report.json	loso	human	prob_aug_recon_fc	eval	7.0000	8.0000	0.7813	ood_detection/clean	0.8096	residual	0.7354	0.5074	0.6186	0.7354	0.7197	0.6495	0.5853	0.5678	0.6730
v2_fc_loso_BT17	reports/v2_fc_loso_BT17/reliability_report.json	loso	human	prob_aug_recon_fc	eval	7.0000	0.2500	1.1390	fault_detection/test_id/encoder_dropout	0.9040	staleness	0.9530	0.6890	0.3554	0.8012	0.7781	0.5256	0.9530	0.4999	0.4897
v2_fc_loso_BT17	reports/v2_fc_loso_BT17/reliability_report.json	loso	human	prob_aug_recon_fc	eval	7.0000	0.2500	1.1390	fault_detection/test_id/imu_bias	0.5004	logit	0.5471	0.5471	0.4520	0.5046	0.5034	0.4798	0.5031	0.5000	0.5085
v2_fc_loso_BT17	reports/v2_fc_loso_BT17/reliability_report.json	loso	human	prob_aug_recon_fc	eval	7.0000	0.2500	1.1390	fault_detection/test_id/insole_missing	0.8581	residual	0.8911	0.4688	0.4145	0.8911	0.8696	0.3872	0.8700	0.4999	0.3164
v2_fc_loso_BT17	reports/v2_fc_loso_BT17/reliability_report.json	loso	human	prob_aug_recon_fc	eval	7.0000	0.2500	1.1390	fault_detection/test_id/packet_loss	0.8470	staleness	0.9449	0.4983	0.5001	0.5011	0.5051	0.4949	0.9449	0.4909	0.4996
v2_fc_loso_BT17	reports/v2_fc_loso_BT17/reliability_report.json	loso	human	prob_aug_recon_fc	eval	7.0000	0.2500	1.1390	fault_detection/test_id/packet_loss_burst	0.7330	staleness	0.9238	0.4979	0.4999	0.5027	0.5065	0.4816	0.9238	0.0472	0.5031
v2_fc_loso_BT17	reports/v2_fc_loso_BT17/reliability_report.json	loso	human	prob_aug_recon_fc	eval	7.0000	0.2500	1.1390	fault_detection/test_id/packet_loss_partial	0.8649	coherence	1.0000	0.4985	0.5001	0.5016	0.5039	0.5072	0.9465	1.0000	0.4999
v2_fc_loso_BT17	reports/v2_fc_loso_BT17/reliability_report.json	loso	human	prob_aug_recon_fc	eval	7.0000	0.2500	1.1390	fault_detection/test_id/sensor_delay	0.8174	coherence	0.9687	0.4458	0.5321	0.5658	0.5572	0.4799	0.4970	0.9687	0.5055
v2_fc_loso_BT17	reports/v2_fc_loso_BT17/reliability_report.json	loso	human	prob_aug_recon_fc	eval	7.0000	0.2500	1.1390	fault_detection/test_id/sensor_delay_jitter	0.8029	coherence	0.9445	0.4400	0.5323	0.5794	0.5711	0.4691	0.4970	0.9445	0.5098
v2_fc_loso_BT17	reports/v2_fc_loso_BT17/reliability_report.json	loso	human	prob_aug_recon_fc	eval	7.0000	0.2500	1.1390	fault_detection/test_id/stuck_imu	0.9290	coherence	1.0000	0.4589	0.5320	0.5954	0.5793	0.4993	0.9706	1.0000	0.4913
v2_fc_loso_BT17	reports/v2_fc_loso_BT17/reliability_report.json	loso	human	prob_aug_recon_fc	eval	7.0000	0.2500	1.1390	fault_detection/test_ood/encoder_dropout	0.8459	staleness	0.9838	0.6811	0.3527	0.5296	0.5168	0.4270	0.9838	0.4996	0.4974
v2_fc_loso_BT17	reports/v2_fc_loso_BT17/reliability_report.json	loso	human	prob_aug_recon_fc	eval	7.0000	0.2500	1.1390	fault_detection/test_ood/imu_bias	0.5029	logit	0.5559	0.5559	0.4610	0.5100	0.5081	0.5074	0.5051	0.4997	0.5006
v2_fc_loso_BT17	reports/v2_fc_loso_BT17/reliability_report.json	loso	human	prob_aug_recon_fc	eval	7.0000	0.2500	1.1390	fault_detection/test_ood/insole_missing	0.8105	staleness	0.8636	0.4697	0.3609	0.7804	0.7451	0.3490	0.8636	0.4996	0.2558
v2_fc_loso_BT17	reports/v2_fc_loso_BT17/reliability_report.json	loso	human	prob_aug_recon_fc	eval	7.0000	0.2500	1.1390	fault_detection/test_ood/packet_loss	0.7886	staleness	0.9684	0.4978	0.5004	0.5012	0.5036	0.4942	0.9684	0.4448	0.5024
v2_fc_loso_BT17	reports/v2_fc_loso_BT17/reliability_report.json	loso	human	prob_aug_recon_fc	eval	7.0000	0.2500	1.1390	fault_detection/test_ood/packet_loss_burst	0.7589	staleness	0.9173	0.4999	0.5001	0.5010	0.5049	0.4971	0.9173	0.0412	0.5019
v2_fc_loso_BT17	reports/v2_fc_loso_BT17/reliability_report.json	loso	human	prob_aug_recon_fc	eval	7.0000	0.2500	1.1390	fault_detection/test_ood/packet_loss_partial	0.7876	coherence	1.0000	0.4983	0.5004	0.5035	0.5065	0.5228	0.9707	1.0000	0.5003
v2_fc_loso_BT17	reports/v2_fc_loso_BT17/reliability_report.json	loso	human	prob_aug_recon_fc	eval	7.0000	0.2500	1.1390	fault_detection/test_ood/sensor_delay	0.6983	coherence	0.9924	0.4613	0.5198	0.5310	0.5301	0.4846	0.4951	0.9924	0.5031
v2_fc_loso_BT17	reports/v2_fc_loso_BT17/reliability_report.json	loso	human	prob_aug_recon_fc	eval	7.0000	0.2500	1.1390	fault_detection/test_ood/sensor_delay_jitter	0.7013	coherence	0.9856	0.4562	0.5257	0.5390	0.5376	0.4914	0.4939	0.9856	0.5070
v2_fc_loso_BT17	reports/v2_fc_loso_BT17/reliability_report.json	loso	human	prob_aug_recon_fc	eval	7.0000	0.2500	1.1390	fault_detection/test_ood/stuck_imu	0.8268	staleness	1.0000	0.4656	0.5193	0.4670	0.4661	0.4800	1.0000	1.0000	0.4997
v2_fc_loso_BT17	reports/v2_fc_loso_BT17/reliability_report.json	loso	human	prob_aug_recon_fc	eval	7.0000	0.2500	1.1390	fault_detection/train/encoder_dropout	0.9047	staleness	0.9354	0.6027	0.4065	0.8124	0.7917	0.5032	0.9354	0.5000	0.4609
v2_fc_loso_BT17	reports/v2_fc_loso_BT17/reliability_report.json	loso	human	prob_aug_recon_fc	eval	7.0000	0.2500	1.1390	fault_detection/train/imu_bias	0.5030	logit	0.5371	0.5371	0.4577	0.5066	0.5056	0.4952	0.5010	0.5000	0.5187
v2_fc_loso_BT17	reports/v2_fc_loso_BT17/reliability_report.json	loso	human	prob_aug_recon_fc	eval	7.0000	0.2500	1.1390	fault_detection/train/insole_missing	0.8223	residual	0.8128	0.5031	0.4209	0.8128	0.7836	0.4175	0.8071	0.5000	0.3647
v2_fc_loso_BT17	reports/v2_fc_loso_BT17/reliability_report.json	loso	human	prob_aug_recon_fc	eval	7.0000	0.2500	1.1390	fault_detection/train/packet_loss	0.8223	staleness	0.9111	0.4997	0.4999	0.5007	0.5028	0.5009	0.9111	0.4742	0.5000
v2_fc_loso_BT17	reports/v2_fc_loso_BT17/reliability_report.json	loso	human	prob_aug_recon_fc	eval	7.0000	0.2500	1.1390	fault_detection/train/packet_loss_burst	0.7620	staleness	0.8858	0.4986	0.5000	0.5034	0.5069	0.4979	0.8858	0.0794	0.5025
v2_fc_loso_BT17	reports/v2_fc_loso_BT17/reliability_report.json	loso	human	prob_aug_recon_fc	eval	7.0000	0.2500	1.1390	fault_detection/train/packet_loss_partial	0.8392	coherence	0.9988	0.4996	0.5000	0.5011	0.5028	0.4979	0.9130	0.9988	0.4999
v2_fc_loso_BT17	reports/v2_fc_loso_BT17/reliability_report.json	loso	human	prob_aug_recon_fc	eval	7.0000	0.2500	1.1390	fault_detection/train/sensor_delay	0.7335	coherence	0.9388	0.4491	0.5217	0.5473	0.5402	0.4759	0.4989	0.9388	0.5152
v2_fc_loso_BT17	reports/v2_fc_loso_BT17/reliability_report.json	loso	human	prob_aug_recon_fc	eval	7.0000	0.2500	1.1390	fault_detection/train/sensor_delay_jitter	0.7333	coherence	0.9222	0.4449	0.5240	0.5610	0.5529	0.4781	0.4991	0.9222	0.5172
v2_fc_loso_BT17	reports/v2_fc_loso_BT17/reliability_report.json	loso	human	prob_aug_recon_fc	eval	7.0000	0.2500	1.1390	fault_detection/train/stuck_imu	0.9214	coherence	1.0000	0.4520	0.5378	0.6034	0.5911	0.4816	0.9644	1.0000	0.4872
v2_fc_loso_BT17	reports/v2_fc_loso_BT17/reliability_report.json	loso	human	prob_aug_recon_fc	eval	7.0000	0.2500	1.1390	fault_detection/val/encoder_dropout	0.9453	staleness	0.9405	0.6346	0.4147	0.8001	0.7747	0.4969	0.9405	0.5002	0.4753
v2_fc_loso_BT17	reports/v2_fc_loso_BT17/reliability_report.json	loso	human	prob_aug_recon_fc	eval	7.0000	0.2500	1.1390	fault_detection/val/imu_bias	0.5106	logit	0.5531	0.5531	0.4553	0.5119	0.5103	0.4854	0.5024	0.4997	0.5224
v2_fc_loso_BT17	reports/v2_fc_loso_BT17/reliability_report.json	loso	human	prob_aug_recon_fc	eval	7.0000	0.2500	1.1390	fault_detection/val/insole_missing	0.8538	residual	0.8838	0.4942	0.4458	0.8838	0.8515	0.4173	0.8503	0.5002	0.3259
v2_fc_loso_BT17	reports/v2_fc_loso_BT17/reliability_report.json	loso	human	prob_aug_recon_fc	eval	7.0000	0.2500	1.1390	fault_detection/val/packet_loss	0.8704	staleness	0.9301	0.4999	0.4997	0.5019	0.5048	0.4969	0.9301	0.4759	0.5008
v2_fc_loso_BT17	reports/v2_fc_loso_BT17/reliability_report.json	loso	human	prob_aug_recon_fc	eval	7.0000	0.2500	1.1390	fault_detection/val/packet_loss_burst	0.7975	staleness	0.9158	0.4990	0.4993	0.5039	0.5081	0.4927	0.9158	0.0611	0.5014
v2_fc_loso_BT17	reports/v2_fc_loso_BT17/reliability_report.json	loso	human	prob_aug_recon_fc	eval	7.0000	0.2500	1.1390	fault_detection/val/packet_loss_partial	0.8977	coherence	1.0000	0.4994	0.4992	0.5027	0.5050	0.4919	0.9324	1.0000	0.5005
v2_fc_loso_BT17	reports/v2_fc_loso_BT17/reliability_report.json	loso	human	prob_aug_recon_fc	eval	7.0000	0.2500	1.1390	fault_detection/val/sensor_delay	0.8275	coherence	0.9388	0.4433	0.5158	0.5673	0.5590	0.4711	0.4964	0.9388	0.5132
v2_fc_loso_BT17	reports/v2_fc_loso_BT17/reliability_report.json	loso	human	prob_aug_recon_fc	eval	7.0000	0.2500	1.1390	fault_detection/val/sensor_delay_jitter	0.8210	coherence	0.9259	0.4402	0.5149	0.5744	0.5655	0.4596	0.4971	0.9259	0.5125
v2_fc_loso_BT17	reports/v2_fc_loso_BT17/reliability_report.json	loso	human	prob_aug_recon_fc	eval	7.0000	0.2500	1.1390	fault_detection/val/stuck_imu	0.9633	coherence	1.0000	0.4566	0.5232	0.6101	0.5993	0.4877	0.9604	1.0000	0.4924
v2_fc_loso_BT17	reports/v2_fc_loso_BT17/reliability_report.json	loso	human	prob_aug_recon_fc	eval	7.0000	0.2500	1.1390	ood_detection/clean	0.6566	residual	0.6751	0.5826	0.5985	0.6751	0.6650	0.6234	0.5314	0.5546	0.6577
v2_fc_main_seed13	reports/v2_fc_main_seed13/reliability_report.json	main	human	prob_aug_recon_fc	eval	13.0000	2.0000	1.0373	fault_detection/test_id/encoder_dropout	0.9532	staleness	0.9462	0.6336	0.4394	0.8796	0.8596	0.5204	0.9462	0.4999	0.4832
v2_fc_main_seed13	reports/v2_fc_main_seed13/reliability_report.json	main	human	prob_aug_recon_fc	eval	13.0000	2.0000	1.0373	fault_detection/test_id/imu_bias	0.5014	logit	0.5380	0.5380	0.4560	0.5043	0.5046	0.4806	0.5024	0.5000	0.5138
v2_fc_main_seed13	reports/v2_fc_main_seed13/reliability_report.json	main	human	prob_aug_recon_fc	eval	13.0000	2.0000	1.0373	fault_detection/test_id/insole_missing	0.9380	residual	0.9527	0.4712	0.4311	0.9527	0.9357	0.4299	0.8595	0.4999	0.3188
v2_fc_main_seed13	reports/v2_fc_main_seed13/reliability_report.json	main	human	prob_aug_recon_fc	eval	13.0000	2.0000	1.0373	fault_detection/test_id/packet_loss	0.8715	staleness	0.9380	0.4993	0.4998	0.5007	0.5101	0.4950	0.9380	0.4846	0.4998
v2_fc_main_seed13	reports/v2_fc_main_seed13/reliability_report.json	main	human	prob_aug_recon_fc	eval	13.0000	2.0000	1.0373	fault_detection/test_id/packet_loss_burst	0.7208	staleness	0.9202	0.4982	0.5015	0.5033	0.5170	0.4985	0.9202	0.0508	0.5018
v2_fc_main_seed13	reports/v2_fc_main_seed13/reliability_report.json	main	human	prob_aug_recon_fc	eval	13.0000	2.0000	1.0373	fault_detection/test_id/packet_loss_partial	0.9144	coherence	1.0000	0.4995	0.5006	0.5010	0.5102	0.4919	0.9394	1.0000	0.5001
v2_fc_main_seed13	reports/v2_fc_main_seed13/reliability_report.json	main	human	prob_aug_recon_fc	eval	13.0000	2.0000	1.0373	fault_detection/test_id/sensor_delay	0.8775	coherence	0.9531	0.4329	0.5794	0.6155	0.5994	0.5206	0.4969	0.9531	0.5091
v2_fc_main_seed13	reports/v2_fc_main_seed13/reliability_report.json	main	human	prob_aug_recon_fc	eval	13.0000	2.0000	1.0373	fault_detection/test_id/sensor_delay_jitter	0.8599	coherence	0.9237	0.4378	0.5790	0.6196	0.6045	0.5308	0.4975	0.9237	0.5146
v2_fc_main_seed13	reports/v2_fc_main_seed13/reliability_report.json	main	human	prob_aug_recon_fc	eval	13.0000	2.0000	1.0373	fault_detection/test_id/stuck_imu	0.9601	coherence	1.0000	0.4686	0.5487	0.6697	0.6517	0.5348	0.9652	1.0000	0.4919
v2_fc_main_seed13	reports/v2_fc_main_seed13/reliability_report.json	main	human	prob_aug_recon_fc	eval	13.0000	2.0000	1.0373	fault_detection/test_ood/encoder_dropout	0.8879	staleness	0.9816	0.6006	0.3676	0.6617	0.6408	0.4074	0.9816	0.5006	0.4893
v2_fc_main_seed13	reports/v2_fc_main_seed13/reliability_report.json	main	human	prob_aug_recon_fc	eval	13.0000	2.0000	1.0373	fault_detection/test_ood/imu_bias	0.5022	logit	0.5345	0.5345	0.4595	0.5036	0.5038	0.4920	0.5028	0.4999	0.5005
v2_fc_main_seed13	reports/v2_fc_main_seed13/reliability_report.json	main	human	prob_aug_recon_fc	eval	13.0000	2.0000	1.0373	fault_detection/test_ood/insole_missing	0.8618	residual	0.8560	0.4553	0.3760	0.8560	0.8245	0.3512	0.8435	0.5006	0.2936
v2_fc_main_seed13	reports/v2_fc_main_seed13/reliability_report.json	main	human	prob_aug_recon_fc	eval	13.0000	2.0000	1.0373	fault_detection/test_ood/packet_loss	0.7829	staleness	0.9630	0.4986	0.4996	0.5007	0.5098	0.4910	0.9630	0.4587	0.4999
v2_fc_main_seed13	reports/v2_fc_main_seed13/reliability_report.json	main	human	prob_aug_recon_fc	eval	13.0000	2.0000	1.0373	fault_detection/test_ood/packet_loss_burst	0.7550	staleness	0.9242	0.4982	0.5002	0.5010	0.5127	0.4916	0.9242	0.0451	0.4992
v2_fc_main_seed13	reports/v2_fc_main_seed13/reliability_report.json	main	human	prob_aug_recon_fc	eval	13.0000	2.0000	1.0373	fault_detection/test_ood/packet_loss_partial	0.8088	coherence	0.9999	0.4995	0.5002	0.5017	0.5085	0.5198	0.9624	0.9999	0.5009
v2_fc_main_seed13	reports/v2_fc_main_seed13/reliability_report.json	main	human	prob_aug_recon_fc	eval	13.0000	2.0000	1.0373	fault_detection/test_ood/sensor_delay	0.7681	coherence	0.9890	0.4778	0.5186	0.5471	0.5420	0.5258	0.4983	0.9890	0.5040
v2_fc_main_seed13	reports/v2_fc_main_seed13/reliability_report.json	main	human	prob_aug_recon_fc	eval	13.0000	2.0000	1.0373	fault_detection/test_ood/sensor_delay_jitter	0.7546	coherence	0.9526	0.4811	0.5205	0.5494	0.5429	0.5016	0.4983	0.9526	0.5060
v2_fc_main_seed13	reports/v2_fc_main_seed13/reliability_report.json	main	human	prob_aug_recon_fc	eval	13.0000	2.0000	1.0373	fault_detection/test_ood/stuck_imu	0.8437	coherence	1.0000	0.4845	0.5162	0.4845	0.4810	0.5166	0.9971	1.0000	0.4994
v2_fc_main_seed13	reports/v2_fc_main_seed13/reliability_report.json	main	human	prob_aug_recon_fc	eval	13.0000	2.0000	1.0373	fault_detection/train/encoder_dropout	0.9520	staleness	0.9385	0.5675	0.4770	0.8961	0.8766	0.5405	0.9385	0.5000	0.4608
v2_fc_main_seed13	reports/v2_fc_main_seed13/reliability_report.json	main	human	prob_aug_recon_fc	eval	13.0000	2.0000	1.0373	fault_detection/train/imu_bias	0.5009	logit	0.5404	0.5404	0.4530	0.5036	0.5033	0.4803	0.5007	0.5000	0.5189
v2_fc_main_seed13	reports/v2_fc_main_seed13/reliability_report.json	main	human	prob_aug_recon_fc	eval	13.0000	2.0000	1.0373	fault_detection/train/insole_missing	0.9158	residual	0.9162	0.4618	0.4356	0.9162	0.8907	0.4307	0.8032	0.5000	0.3677
v2_fc_main_seed13	reports/v2_fc_main_seed13/reliability_report.json	main	human	prob_aug_recon_fc	eval	13.0000	2.0000	1.0373	fault_detection/train/packet_loss	0.8520	staleness	0.9120	0.4996	0.5001	0.5007	0.5099	0.5003	0.9120	0.4748	0.5002
v2_fc_main_seed13	reports/v2_fc_main_seed13/reliability_report.json	main	human	prob_aug_recon_fc	eval	13.0000	2.0000	1.0373	fault_detection/train/packet_loss_burst	0.7720	staleness	0.8849	0.4982	0.5012	0.5038	0.5174	0.4965	0.8849	0.0802	0.5035
v2_fc_main_seed13	reports/v2_fc_main_seed13/reliability_report.json	main	human	prob_aug_recon_fc	eval	13.0000	2.0000	1.0373	fault_detection/train/packet_loss_partial	0.8782	coherence	0.9988	0.4995	0.5002	0.5014	0.5099	0.5016	0.9146	0.9988	0.5002
v2_fc_main_seed13	reports/v2_fc_main_seed13/reliability_report.json	main	human	prob_aug_recon_fc	eval	13.0000	2.0000	1.0373	fault_detection/train/sensor_delay	0.8039	coherence	0.9374	0.4224	0.5806	0.6002	0.5846	0.5166	0.4987	0.9374	0.5153
v2_fc_main_seed13	reports/v2_fc_main_seed13/reliability_report.json	main	human	prob_aug_recon_fc	eval	13.0000	2.0000	1.0373	fault_detection/train/sensor_delay_jitter	0.7990	coherence	0.9218	0.4268	0.5819	0.6069	0.5916	0.5134	0.4986	0.9218	0.5162
v2_fc_main_seed13	reports/v2_fc_main_seed13/reliability_report.json	main	human	prob_aug_recon_fc	eval	13.0000	2.0000	1.0373	fault_detection/train/stuck_imu	0.9573	coherence	1.0000	0.4574	0.5541	0.6666	0.6490	0.5230	0.9666	1.0000	0.4869
v2_fc_main_seed13	reports/v2_fc_main_seed13/reliability_report.json	main	human	prob_aug_recon_fc	eval	13.0000	2.0000	1.0373	fault_detection/val/encoder_dropout	0.9205	staleness	0.9349	0.5878	0.5146	0.8483	0.8288	0.5562	0.9349	0.5000	0.4799
v2_fc_main_seed13	reports/v2_fc_main_seed13/reliability_report.json	main	human	prob_aug_recon_fc	eval	13.0000	2.0000	1.0373	fault_detection/val/imu_bias	0.5005	logit	0.5430	0.5430	0.4511	0.5011	0.5016	0.4824	0.5015	0.5001	0.5140
v2_fc_main_seed13	reports/v2_fc_main_seed13/reliability_report.json	main	human	prob_aug_recon_fc	eval	13.0000	2.0000	1.0373	fault_detection/val/insole_missing	0.8919	residual	0.8921	0.5248	0.3647	0.8921	0.8692	0.4232	0.8637	0.5000	0.3127
v2_fc_main_seed13	reports/v2_fc_main_seed13/reliability_report.json	main	human	prob_aug_recon_fc	eval	13.0000	2.0000	1.0373	fault_detection/val/packet_loss	0.7648	staleness	0.9208	0.4996	0.5002	0.5007	0.5111	0.5074	0.9208	0.4845	0.5000
v2_fc_main_seed13	reports/v2_fc_main_seed13/reliability_report.json	main	human	prob_aug_recon_fc	eval	13.0000	2.0000	1.0373	fault_detection/val/packet_loss_burst	0.6615	staleness	0.8999	0.4995	0.5000	0.5027	0.5162	0.5083	0.8999	0.0856	0.5039
v2_fc_main_seed13	reports/v2_fc_main_seed13/reliability_report.json	main	human	prob_aug_recon_fc	eval	13.0000	2.0000	1.0373	fault_detection/val/packet_loss_partial	0.8738	coherence	0.9995	0.4994	0.5000	0.5015	0.5102	0.4979	0.9230	0.9995	0.5005
v2_fc_main_seed13	reports/v2_fc_main_seed13/reliability_report.json	main	human	prob_aug_recon_fc	eval	13.0000	2.0000	1.0373	fault_detection/val/sensor_delay	0.8380	coherence	0.9529	0.4357	0.5731	0.5957	0.5825	0.5120	0.5009	0.9529	0.5136
v2_fc_main_seed13	reports/v2_fc_main_seed13/reliability_report.json	main	human	prob_aug_recon_fc	eval	13.0000	2.0000	1.0373	fault_detection/val/sensor_delay_jitter	0.8303	coherence	0.9425	0.4369	0.5745	0.6049	0.5912	0.5180	0.5006	0.9425	0.5124
v2_fc_main_seed13	reports/v2_fc_main_seed13/reliability_report.json	main	human	prob_aug_recon_fc	eval	13.0000	2.0000	1.0373	fault_detection/val/stuck_imu	0.9295	coherence	1.0000	0.4660	0.5529	0.6560	0.6405	0.5205	0.9546	1.0000	0.4877
v2_fc_main_seed13	reports/v2_fc_main_seed13/reliability_report.json	main	human	prob_aug_recon_fc	eval	13.0000	2.0000	1.0373	ood_detection/clean	0.7312	epistemic	0.7378	0.5527	0.7368	0.7188	0.6986	0.7378	0.5564	0.5623	0.6662
v2_fc_main_seed23	reports/v2_fc_main_seed23/reliability_report.json	main	human	prob_aug_recon_fc	eval	23.0000	2.0000	1.0414	fault_detection/test_id/encoder_dropout	0.9569	staleness	0.9458	0.6300	0.5193	0.8940	0.8792	0.5846	0.9458	0.4999	0.4825
v2_fc_main_seed23	reports/v2_fc_main_seed23/reliability_report.json	main	human	prob_aug_recon_fc	eval	23.0000	2.0000	1.0414	fault_detection/test_id/imu_bias	0.5007	logit	0.5329	0.5329	0.4560	0.5017	0.5017	0.4890	0.5022	0.4999	0.5139
v2_fc_main_seed23	reports/v2_fc_main_seed23/reliability_report.json	main	human	prob_aug_recon_fc	eval	23.0000	2.0000	1.0414	fault_detection/test_id/insole_missing	0.9317	residual	0.9546	0.5352	0.4421	0.9546	0.9381	0.4661	0.8586	0.4999	0.3168
v2_fc_main_seed23	reports/v2_fc_main_seed23/reliability_report.json	main	human	prob_aug_recon_fc	eval	23.0000	2.0000	1.0414	fault_detection/test_id/packet_loss	0.8847	staleness	0.9383	0.4995	0.4998	0.5006	0.5083	0.4944	0.9383	0.4761	0.5001
v2_fc_main_seed23	reports/v2_fc_main_seed23/reliability_report.json	main	human	prob_aug_recon_fc	eval	23.0000	2.0000	1.0414	fault_detection/test_id/packet_loss_burst	0.7509	staleness	0.9212	0.4988	0.5017	0.5041	0.5149	0.5001	0.9212	0.0594	0.5032
v2_fc_main_seed23	reports/v2_fc_main_seed23/reliability_report.json	main	human	prob_aug_recon_fc	eval	23.0000	2.0000	1.0414	fault_detection/test_id/packet_loss_partial	0.9206	coherence	1.0000	0.4994	0.5002	0.5017	0.5088	0.4979	0.9388	1.0000	0.5003
v2_fc_main_seed23	reports/v2_fc_main_seed23/reliability_report.json	main	human	prob_aug_recon_fc	eval	23.0000	2.0000	1.0414	fault_detection/test_id/sensor_delay	0.8875	coherence	0.9531	0.4490	0.5634	0.6210	0.6077	0.5139	0.4969	0.9531	0.5090
v2_fc_main_seed23	reports/v2_fc_main_seed23/reliability_report.json	main	human	prob_aug_recon_fc	eval	23.0000	2.0000	1.0414	fault_detection/test_id/sensor_delay_jitter	0.8824	coherence	0.9403	0.4500	0.5686	0.6281	0.6146	0.5270	0.4960	0.9403	0.5077
v2_fc_main_seed23	reports/v2_fc_main_seed23/reliability_report.json	main	human	prob_aug_recon_fc	eval	23.0000	2.0000	1.0414	fault_detection/test_id/stuck_imu	0.9600	coherence	1.0000	0.4816	0.5395	0.6570	0.6427	0.5221	0.9649	1.0000	0.4927
v2_fc_main_seed23	reports/v2_fc_main_seed23/reliability_report.json	main	human	prob_aug_recon_fc	eval	23.0000	2.0000	1.0414	fault_detection/test_ood/encoder_dropout	0.8923	staleness	0.9812	0.5739	0.4447	0.6944	0.6789	0.4910	0.9812	0.5007	0.4889
v2_fc_main_seed23	reports/v2_fc_main_seed23/reliability_report.json	main	human	prob_aug_recon_fc	eval	23.0000	2.0000	1.0414	fault_detection/test_ood/imu_bias	0.5031	logit	0.5387	0.5387	0.4628	0.5103	0.5095	0.4795	0.5028	0.5001	0.5005
v2_fc_main_seed23	reports/v2_fc_main_seed23/reliability_report.json	main	human	prob_aug_recon_fc	eval	23.0000	2.0000	1.0414	fault_detection/test_ood/insole_missing	0.8348	staleness	0.8427	0.4971	0.4135	0.8172	0.7909	0.3830	0.8427	0.5007	0.2910
v2_fc_main_seed23	reports/v2_fc_main_seed23/reliability_report.json	main	human	prob_aug_recon_fc	eval	23.0000	2.0000	1.0414	fault_detection/test_ood/packet_loss	0.7862	staleness	0.9643	0.5000	0.4997	0.5005	0.5070	0.4960	0.9643	0.4604	0.5009
v2_fc_main_seed23	reports/v2_fc_main_seed23/reliability_report.json	main	human	prob_aug_recon_fc	eval	23.0000	2.0000	1.0414	fault_detection/test_ood/packet_loss_burst	0.7550	staleness	0.9141	0.4997	0.5009	0.5019	0.5089	0.4879	0.9141	0.0481	0.5021
v2_fc_main_seed23	reports/v2_fc_main_seed23/reliability_report.json	main	human	prob_aug_recon_fc	eval	23.0000	2.0000	1.0414	fault_detection/test_ood/packet_loss_partial	0.8139	coherence	1.0000	0.5000	0.4996	0.5019	0.5076	0.4872	0.9608	1.0000	0.4999
v2_fc_main_seed23	reports/v2_fc_main_seed23/reliability_report.json	main	human	prob_aug_recon_fc	eval	23.0000	2.0000	1.0414	fault_detection/test_ood/sensor_delay	0.7791	coherence	0.9890	0.4805	0.5125	0.5479	0.5410	0.5004	0.4984	0.9890	0.5041
v2_fc_main_seed23	reports/v2_fc_main_seed23/reliability_report.json	main	human	prob_aug_recon_fc	eval	23.0000	2.0000	1.0414	fault_detection/test_ood/sensor_delay_jitter	0.7745	coherence	0.9726	0.4813	0.5105	0.5519	0.5455	0.5098	0.4995	0.9726	0.5032
v2_fc_main_seed23	reports/v2_fc_main_seed23/reliability_report.json	main	human	prob_aug_recon_fc	eval	23.0000	2.0000	1.0414	fault_detection/test_ood/stuck_imu	0.8388	coherence	1.0000	0.4880	0.5062	0.4758	0.4737	0.5261	0.9972	1.0000	0.4994
v2_fc_main_seed23	reports/v2_fc_main_seed23/reliability_report.json	main	human	prob_aug_recon_fc	eval	23.0000	2.0000	1.0414	fault_detection/train/encoder_dropout	0.9593	staleness	0.9379	0.5927	0.5386	0.9075	0.8937	0.6008	0.9379	0.5000	0.4604
v2_fc_main_seed23	reports/v2_fc_main_seed23/reliability_report.json	main	human	prob_aug_recon_fc	eval	23.0000	2.0000	1.0414	fault_detection/train/imu_bias	0.5005	logit	0.5299	0.5299	0.4593	0.5016	0.5019	0.4783	0.5011	0.4999	0.5186
v2_fc_main_seed23	reports/v2_fc_main_seed23/reliability_report.json	main	human	prob_aug_recon_fc	eval	23.0000	2.0000	1.0414	fault_detection/train/insole_missing	0.9066	residual	0.9176	0.5223	0.4382	0.9176	0.8946	0.4532	0.8025	0.5000	0.3659
v2_fc_main_seed23	reports/v2_fc_main_seed23/reliability_report.json	main	human	prob_aug_recon_fc	eval	23.0000	2.0000	1.0414	fault_detection/train/packet_loss	0.8566	staleness	0.9125	0.4997	0.5000	0.5007	0.5080	0.4968	0.9125	0.4737	0.5001
v2_fc_main_seed23	reports/v2_fc_main_seed23/reliability_report.json	main	human	prob_aug_recon_fc	eval	23.0000	2.0000	1.0414	fault_detection/train/packet_loss_burst	0.7636	staleness	0.8831	0.4990	0.5007	0.5028	0.5139	0.5015	0.8831	0.0817	0.5026
v2_fc_main_seed23	reports/v2_fc_main_seed23/reliability_report.json	main	human	prob_aug_recon_fc	eval	23.0000	2.0000	1.0414	fault_detection/train/packet_loss_partial	0.8813	coherence	0.9989	0.4996	0.5001	0.5012	0.5076	0.5024	0.9141	0.9989	0.5001
v2_fc_main_seed23	reports/v2_fc_main_seed23/reliability_report.json	main	human	prob_aug_recon_fc	eval	23.0000	2.0000	1.0414	fault_detection/train/sensor_delay	0.8117	coherence	0.9374	0.4448	0.5711	0.6067	0.5942	0.5081	0.4987	0.9374	0.5151
v2_fc_main_seed23	reports/v2_fc_main_seed23/reliability_report.json	main	human	prob_aug_recon_fc	eval	23.0000	2.0000	1.0414	fault_detection/train/sensor_delay_jitter	0.8040	coherence	0.9215	0.4479	0.5709	0.6119	0.5992	0.5119	0.4990	0.9215	0.5163
v2_fc_main_seed23	reports/v2_fc_main_seed23/reliability_report.json	main	human	prob_aug_recon_fc	eval	23.0000	2.0000	1.0414	fault_detection/train/stuck_imu	0.9565	coherence	1.0000	0.4727	0.5469	0.6537	0.6393	0.5100	0.9663	1.0000	0.4873
v2_fc_main_seed23	reports/v2_fc_main_seed23/reliability_report.json	main	human	prob_aug_recon_fc	eval	23.0000	2.0000	1.0414	fault_detection/val/encoder_dropout	0.9297	staleness	0.9344	0.6266	0.5423	0.8542	0.8406	0.5940	0.9344	0.5000	0.4796
v2_fc_main_seed23	reports/v2_fc_main_seed23/reliability_report.json	main	human	prob_aug_recon_fc	eval	23.0000	2.0000	1.0414	fault_detection/val/imu_bias	0.5004	logit	0.5341	0.5341	0.4574	0.4978	0.4984	0.4846	0.5016	0.5000	0.5137
v2_fc_main_seed23	reports/v2_fc_main_seed23/reliability_report.json	main	human	prob_aug_recon_fc	eval	23.0000	2.0000	1.0414	fault_detection/val/insole_missing	0.8941	residual	0.9113	0.5730	0.3939	0.9113	0.8908	0.4558	0.8629	0.5000	0.3108
v2_fc_main_seed23	reports/v2_fc_main_seed23/reliability_report.json	main	human	prob_aug_recon_fc	eval	23.0000	2.0000	1.0414	fault_detection/val/packet_loss	0.7710	staleness	0.9187	0.4996	0.5001	0.5012	0.5092	0.4958	0.9187	0.4751	0.5009
v2_fc_main_seed23	reports/v2_fc_main_seed23/reliability_report.json	main	human	prob_aug_recon_fc	eval	23.0000	2.0000	1.0414	fault_detection/val/packet_loss_burst	0.6552	staleness	0.8983	0.4988	0.5006	0.5025	0.5148	0.4928	0.8983	0.0770	0.5060
v2_fc_main_seed23	reports/v2_fc_main_seed23/reliability_report.json	main	human	prob_aug_recon_fc	eval	23.0000	2.0000	1.0414	fault_detection/val/packet_loss_partial	0.8807	coherence	0.9997	0.4992	0.5002	0.5014	0.5085	0.4988	0.9227	0.9997	0.5006
v2_fc_main_seed23	reports/v2_fc_main_seed23/reliability_report.json	main	human	prob_aug_recon_fc	eval	23.0000	2.0000	1.0414	fault_detection/val/sensor_delay	0.8469	coherence	0.9529	0.4571	0.5635	0.6018	0.5911	0.5111	0.5009	0.9529	0.5137
v2_fc_main_seed23	reports/v2_fc_main_seed23/reliability_report.json	main	human	prob_aug_recon_fc	eval	23.0000	2.0000	1.0414	fault_detection/val/sensor_delay_jitter	0.8263	coherence	0.9297	0.4599	0.5619	0.6074	0.5961	0.5161	0.5005	0.9297	0.5155
v2_fc_main_seed23	reports/v2_fc_main_seed23/reliability_report.json	main	human	prob_aug_recon_fc	eval	23.0000	2.0000	1.0414	fault_detection/val/stuck_imu	0.9330	coherence	1.0000	0.4749	0.5469	0.6484	0.6351	0.5191	0.9544	1.0000	0.4882
v2_fc_main_seed23	reports/v2_fc_main_seed23/reliability_report.json	main	human	prob_aug_recon_fc	eval	23.0000	2.0000	1.0414	ood_detection/clean	0.7134	residual	0.7151	0.5483	0.6884	0.7151	0.7026	0.7009	0.5565	0.5623	0.6659
v2_fc_main_seed7	reports/v2_fc_main_seed7/reliability_report.json	main	human	prob_aug_recon_fc	eval	7.0000	2.0000	1.0520	fault_detection/test_id/encoder_dropout	0.9437	staleness	0.9459	0.6505	0.4627	0.8422	0.8278	0.5206	0.9459	0.4999	0.4824
v2_fc_main_seed7	reports/v2_fc_main_seed7/reliability_report.json	main	human	prob_aug_recon_fc	eval	7.0000	2.0000	1.0520	fault_detection/test_id/imu_bias	0.5031	logit	0.5315	0.5315	0.4558	0.5069	0.5064	0.4803	0.5021	0.4999	0.5141
v2_fc_main_seed7	reports/v2_fc_main_seed7/reliability_report.json	main	human	prob_aug_recon_fc	eval	7.0000	2.0000	1.0520	fault_detection/test_id/insole_missing	0.9136	residual	0.9287	0.4267	0.5364	0.9287	0.9145	0.4492	0.8586	0.4999	0.3199
v2_fc_main_seed7	reports/v2_fc_main_seed7/reliability_report.json	main	human	prob_aug_recon_fc	eval	7.0000	2.0000	1.0520	fault_detection/test_id/packet_loss	0.8700	staleness	0.9374	0.4994	0.4997	0.5005	0.5072	0.4897	0.9374	0.4774	0.5000
v2_fc_main_seed7	reports/v2_fc_main_seed7/reliability_report.json	main	human	prob_aug_recon_fc	eval	7.0000	2.0000	1.0520	fault_detection/test_id/packet_loss_burst	0.7574	staleness	0.9238	0.4975	0.5011	0.5033	0.5136	0.5035	0.9238	0.0545	0.5017
v2_fc_main_seed7	reports/v2_fc_main_seed7/reliability_report.json	main	human	prob_aug_recon_fc	eval	7.0000	2.0000	1.0520	fault_detection/test_id/packet_loss_partial	0.9097	coherence	1.0000	0.4994	0.5000	0.5013	0.5073	0.4958	0.9390	1.0000	0.4997
v2_fc_main_seed7	reports/v2_fc_main_seed7/reliability_report.json	main	human	prob_aug_recon_fc	eval	7.0000	2.0000	1.0520	fault_detection/test_id/sensor_delay	0.8697	coherence	0.9531	0.4331	0.5680	0.5978	0.5884	0.5116	0.4971	0.9531	0.5089
v2_fc_main_seed7	reports/v2_fc_main_seed7/reliability_report.json	main	human	prob_aug_recon_fc	eval	7.0000	2.0000	1.0520	fault_detection/test_id/sensor_delay_jitter	0.8587	coherence	0.9405	0.4325	0.5714	0.6048	0.5959	0.5016	0.4971	0.9405	0.5096
v2_fc_main_seed7	reports/v2_fc_main_seed7/reliability_report.json	main	human	prob_aug_recon_fc	eval	7.0000	2.0000	1.0520	fault_detection/test_id/stuck_imu	0.9594	coherence	1.0000	0.4864	0.5431	0.6516	0.6416	0.5316	0.9650	1.0000	0.4921
v2_fc_main_seed7	reports/v2_fc_main_seed7/reliability_report.json	main	human	prob_aug_recon_fc	eval	7.0000	2.0000	1.0520	fault_detection/test_ood/encoder_dropout	0.8819	staleness	0.9813	0.6467	0.3857	0.6191	0.6108	0.4073	0.9813	0.5004	0.4885
v2_fc_main_seed7	reports/v2_fc_main_seed7/reliability_report.json	main	human	prob_aug_recon_fc	eval	7.0000	2.0000	1.0520	fault_detection/test_ood/imu_bias	0.5059	logit	0.5304	0.5304	0.4658	0.5091	0.5082	0.4640	0.5028	0.4996	0.5007
v2_fc_main_seed7	reports/v2_fc_main_seed7/reliability_report.json	main	human	prob_aug_recon_fc	eval	7.0000	2.0000	1.0520	fault_detection/test_ood/insole_missing	0.8201	staleness	0.8427	0.4514	0.4760	0.8000	0.7762	0.4180	0.8427	0.5004	0.2951
v2_fc_main_seed7	reports/v2_fc_main_seed7/reliability_report.json	main	human	prob_aug_recon_fc	eval	7.0000	2.0000	1.0520	fault_detection/test_ood/packet_loss	0.7964	staleness	0.9584	0.4996	0.5005	0.5002	0.5067	0.4875	0.9584	0.4503	0.5007
v2_fc_main_seed7	reports/v2_fc_main_seed7/reliability_report.json	main	human	prob_aug_recon_fc	eval	7.0000	2.0000	1.0520	fault_detection/test_ood/packet_loss_burst	0.7554	staleness	0.9228	0.4991	0.4995	0.5027	0.5099	0.5198	0.9228	0.0672	0.5003
v2_fc_main_seed7	reports/v2_fc_main_seed7/reliability_report.json	main	human	prob_aug_recon_fc	eval	7.0000	2.0000	1.0520	fault_detection/test_ood/packet_loss_partial	0.8153	coherence	0.9999	0.4994	0.5000	0.5004	0.5058	0.5030	0.9601	0.9999	0.5005
v2_fc_main_seed7	reports/v2_fc_main_seed7/reliability_report.json	main	human	prob_aug_recon_fc	eval	7.0000	2.0000	1.0520	fault_detection/test_ood/sensor_delay	0.7733	coherence	0.9890	0.4817	0.5143	0.5390	0.5336	0.5293	0.4983	0.9890	0.5049
v2_fc_main_seed7	reports/v2_fc_main_seed7/reliability_report.json	main	human	prob_aug_recon_fc	eval	7.0000	2.0000	1.0520	fault_detection/test_ood/sensor_delay_jitter	0.7684	coherence	0.9644	0.4806	0.5145	0.5473	0.5417	0.4835	0.4981	0.9644	0.5022
v2_fc_main_seed7	reports/v2_fc_main_seed7/reliability_report.json	main	human	prob_aug_recon_fc	eval	7.0000	2.0000	1.0520	fault_detection/test_ood/stuck_imu	0.8481	coherence	1.0000	0.4805	0.5095	0.4728	0.4703	0.4985	0.9972	1.0000	0.4997
v2_fc_main_seed7	reports/v2_fc_main_seed7/reliability_report.json	main	human	prob_aug_recon_fc	eval	7.0000	2.0000	1.0520	fault_detection/train/encoder_dropout	0.9411	staleness	0.9379	0.5986	0.4977	0.8700	0.8569	0.5442	0.9379	0.5000	0.4596
v2_fc_main_seed7	reports/v2_fc_main_seed7/reliability_report.json	main	human	prob_aug_recon_fc	eval	7.0000	2.0000	1.0520	fault_detection/train/imu_bias	0.5033	logit	0.5278	0.5278	0.4570	0.5067	0.5063	0.4826	0.5009	0.5000	0.5189
v2_fc_main_seed7	reports/v2_fc_main_seed7/reliability_report.json	main	human	prob_aug_recon_fc	eval	7.0000	2.0000	1.0520	fault_detection/train/insole_missing	0.8808	residual	0.8805	0.4440	0.5080	0.8805	0.8595	0.4377	0.8025	0.5000	0.3692
v2_fc_main_seed7	reports/v2_fc_main_seed7/reliability_report.json	main	human	prob_aug_recon_fc	eval	7.0000	2.0000	1.0520	fault_detection/train/packet_loss	0.8514	staleness	0.9123	0.4997	0.5001	0.5005	0.5068	0.5005	0.9123	0.4759	0.5002
v2_fc_main_seed7	reports/v2_fc_main_seed7/reliability_report.json	main	human	prob_aug_recon_fc	eval	7.0000	2.0000	1.0520	fault_detection/train/packet_loss_burst	0.7670	staleness	0.8851	0.4986	0.5010	0.5032	0.5129	0.5018	0.8851	0.0781	0.5024
v2_fc_main_seed7	reports/v2_fc_main_seed7/reliability_report.json	main	human	prob_aug_recon_fc	eval	7.0000	2.0000	1.0520	fault_detection/train/packet_loss_partial	0.8759	coherence	0.9987	0.4997	0.5000	0.5011	0.5067	0.5005	0.9139	0.9987	0.5000
v2_fc_main_seed7	reports/v2_fc_main_seed7/reliability_report.json	main	human	prob_aug_recon_fc	eval	7.0000	2.0000	1.0520	fault_detection/train/sensor_delay	0.7989	coherence	0.9374	0.4321	0.5705	0.5890	0.5800	0.5025	0.4987	0.9374	0.5153
v2_fc_main_seed7	reports/v2_fc_main_seed7/reliability_report.json	main	human	prob_aug_recon_fc	eval	7.0000	2.0000	1.0520	fault_detection/train/sensor_delay_jitter	0.7910	coherence	0.9177	0.4356	0.5725	0.5944	0.5855	0.5072	0.4990	0.9177	0.5155
v2_fc_main_seed7	reports/v2_fc_main_seed7/reliability_report.json	main	human	prob_aug_recon_fc	eval	7.0000	2.0000	1.0520	fault_detection/train/stuck_imu	0.9553	coherence	1.0000	0.4839	0.5435	0.6528	0.6425	0.5180	0.9663	1.0000	0.4871
v2_fc_main_seed7	reports/v2_fc_main_seed7/reliability_report.json	main	human	prob_aug_recon_fc	eval	7.0000	2.0000	1.0520	fault_detection/val/encoder_dropout	0.9111	staleness	0.9345	0.6219	0.5265	0.8200	0.8071	0.5637	0.9345	0.5000	0.4791
v2_fc_main_seed7	reports/v2_fc_main_seed7/reliability_report.json	main	human	prob_aug_recon_fc	eval	7.0000	2.0000	1.0520	fault_detection/val/imu_bias	0.5021	logit	0.5330	0.5330	0.4592	0.5036	0.5034	0.4819	0.5016	0.5000	0.5140
v2_fc_main_seed7	reports/v2_fc_main_seed7/reliability_report.json	main	human	prob_aug_recon_fc	eval	7.0000	2.0000	1.0520	fault_detection/val/insole_missing	0.8586	residual	0.8760	0.4773	0.4588	0.8760	0.8574	0.4261	0.8627	0.5000	0.3141
v2_fc_main_seed7	reports/v2_fc_main_seed7/reliability_report.json	main	human	prob_aug_recon_fc	eval	7.0000	2.0000	1.0520	fault_detection/val/packet_loss	0.7729	staleness	0.9209	0.4995	0.5002	0.5010	0.5081	0.4997	0.9209	0.4757	0.4999
v2_fc_main_seed7	reports/v2_fc_main_seed7/reliability_report.json	main	human	prob_aug_recon_fc	eval	7.0000	2.0000	1.0520	fault_detection/val/packet_loss_burst	0.6533	staleness	0.8992	0.4984	0.5006	0.5022	0.5135	0.4865	0.8992	0.0750	0.5047
v2_fc_main_seed7	reports/v2_fc_main_seed7/reliability_report.json	main	human	prob_aug_recon_fc	eval	7.0000	2.0000	1.0520	fault_detection/val/packet_loss_partial	0.8778	coherence	0.9998	0.4997	0.4999	0.5015	0.5081	0.4922	0.9225	0.9998	0.4999
v2_fc_main_seed7	reports/v2_fc_main_seed7/reliability_report.json	main	human	prob_aug_recon_fc	eval	7.0000	2.0000	1.0520	fault_detection/val/sensor_delay	0.8357	coherence	0.9529	0.4357	0.5613	0.5860	0.5777	0.5059	0.5010	0.9529	0.5135
v2_fc_main_seed7	reports/v2_fc_main_seed7/reliability_report.json	main	human	prob_aug_recon_fc	eval	7.0000	2.0000	1.0520	fault_detection/val/sensor_delay_jitter	0.8157	coherence	0.9277	0.4420	0.5591	0.5877	0.5799	0.5221	0.5013	0.9277	0.5114
v2_fc_main_seed7	reports/v2_fc_main_seed7/reliability_report.json	main	human	prob_aug_recon_fc	eval	7.0000	2.0000	1.0520	fault_detection/val/stuck_imu	0.9311	coherence	1.0000	0.4879	0.5406	0.6473	0.6369	0.5291	0.9544	1.0000	0.4880
v2_fc_main_seed7	reports/v2_fc_main_seed7/reliability_report.json	main	human	prob_aug_recon_fc	eval	7.0000	2.0000	1.0520	ood_detection/clean	0.7162	aleatoric	0.7186	0.5083	0.7186	0.6852	0.6754	0.7165	0.5563	0.5624	0.6660
v2_fc_stress_seed13	reports/v2_fc_stress_seed13/reliability_report.json	stress	human	prob_aug_recon_fc	eval	13.0000	2.0000	1.0373	fault_detection/test_id/packet_loss@0.05	0.5368	staleness	0.7660	0.4997	0.4999	0.5003	0.5039	0.5017	0.7660	0.5253	0.4999
v2_fc_stress_seed13	reports/v2_fc_stress_seed13/reliability_report.json	stress	human	prob_aug_recon_fc	eval	13.0000	2.0000	1.0373	fault_detection/test_id/packet_loss@0.15	0.8721	staleness	0.9374	0.4995	0.5002	0.5007	0.5110	0.5003	0.9374	0.4817	0.4998
v2_fc_stress_seed13	reports/v2_fc_stress_seed13/reliability_report.json	stress	human	prob_aug_recon_fc	eval	13.0000	2.0000	1.0373	fault_detection/test_id/packet_loss@0.30	0.9621	staleness	0.9712	0.4991	0.4998	0.5009	0.5203	0.4964	0.9712	0.3381	0.5012
v2_fc_stress_seed13	reports/v2_fc_stress_seed13/reliability_report.json	stress	human	prob_aug_recon_fc	eval	13.0000	2.0000	1.0373	fault_detection/test_id/packet_loss_burst@0.05	0.4455	staleness	0.7549	0.4998	0.5000	0.5008	0.5065	0.4912	0.7549	0.3739	0.4999
v2_fc_stress_seed13	reports/v2_fc_stress_seed13/reliability_report.json	stress	human	prob_aug_recon_fc	eval	13.0000	2.0000	1.0373	fault_detection/test_id/packet_loss_burst@0.15	0.7375	staleness	0.9198	0.4977	0.5015	0.5039	0.5179	0.4970	0.9198	0.0511	0.5026
v2_fc_stress_seed13	reports/v2_fc_stress_seed13/reliability_report.json	stress	human	prob_aug_recon_fc	eval	13.0000	2.0000	1.0373	fault_detection/test_id/packet_loss_partial@0.15	0.9143	coherence	1.0000	0.4996	0.5001	0.5013	0.5104	0.5042	0.9391	1.0000	0.4998
v2_fc_stress_seed13	reports/v2_fc_stress_seed13/reliability_report.json	stress	human	prob_aug_recon_fc	eval	13.0000	2.0000	1.0373	fault_detection/test_id/sensor_delay@10	0.8775	coherence	0.9531	0.4329	0.5794	0.6155	0.5994	0.5155	0.4969	0.9531	0.5091
v2_fc_stress_seed13	reports/v2_fc_stress_seed13/reliability_report.json	stress	human	prob_aug_recon_fc	eval	13.0000	2.0000	1.0373	fault_detection/test_id/sensor_delay@20	0.9004	coherence	0.9498	0.3985	0.6513	0.7001	0.6812	0.5807	0.4936	0.9498	0.5401
v2_fc_stress_seed13	reports/v2_fc_stress_seed13/reliability_report.json	stress	human	prob_aug_recon_fc	eval	13.0000	2.0000	1.0373	fault_detection/test_id/sensor_delay@5	0.8629	coherence	0.9569	0.4650	0.5352	0.5485	0.5386	0.4897	0.4985	0.9569	0.5011
v2_fc_stress_seed13	reports/v2_fc_stress_seed13/reliability_report.json	stress	human	prob_aug_recon_fc	eval	13.0000	2.0000	1.0373	fault_detection/test_id/sensor_delay_jitter@10	0.8684	coherence	0.9374	0.4379	0.5788	0.6218	0.6063	0.5267	0.4970	0.9374	0.5107
v2_fc_stress_seed13	reports/v2_fc_stress_seed13/reliability_report.json	stress	human	prob_aug_recon_fc	eval	13.0000	2.0000	1.0373	fault_detection/test_id/sensor_delay_jitter@20	0.9056	coherence	0.9740	0.4007	0.6493	0.7013	0.6834	0.5759	0.4933	0.9740	0.5452
v2_fc_stress_seed13	reports/v2_fc_stress_seed13/reliability_report.json	stress	human	prob_aug_recon_fc	eval	13.0000	2.0000	1.0373	fault_detection/test_ood/packet_loss@0.05	0.5781	staleness	0.7031	0.4993	0.5002	0.5001	0.5047	0.4750	0.7031	0.5003	0.5003
v2_fc_stress_seed13	reports/v2_fc_stress_seed13/reliability_report.json	stress	human	prob_aug_recon_fc	eval	13.0000	2.0000	1.0373	fault_detection/test_ood/packet_loss@0.15	0.7903	staleness	0.9597	0.4993	0.4996	0.5009	0.5090	0.5079	0.9597	0.4521	0.4999
v2_fc_stress_seed13	reports/v2_fc_stress_seed13/reliability_report.json	stress	human	prob_aug_recon_fc	eval	13.0000	2.0000	1.0373	fault_detection/test_ood/packet_loss@0.30	0.9143	staleness	0.9999	0.4992	0.5004	0.5011	0.5169	0.5124	0.9999	0.3201	0.5005
v2_fc_stress_seed13	reports/v2_fc_stress_seed13/reliability_report.json	stress	human	prob_aug_recon_fc	eval	13.0000	2.0000	1.0373	fault_detection/test_ood/packet_loss_burst@0.05	0.5655	staleness	0.7025	0.5000	0.5010	0.5008	0.5050	0.5015	0.7025	0.3432	0.5007
v2_fc_stress_seed13	reports/v2_fc_stress_seed13/reliability_report.json	stress	human	prob_aug_recon_fc	eval	13.0000	2.0000	1.0373	fault_detection/test_ood/packet_loss_burst@0.15	0.7637	staleness	0.9265	0.4982	0.5025	0.5006	0.5119	0.4992	0.9265	0.0502	0.5008
v2_fc_stress_seed13	reports/v2_fc_stress_seed13/reliability_report.json	stress	human	prob_aug_recon_fc	eval	13.0000	2.0000	1.0373	fault_detection/test_ood/packet_loss_partial@0.15	0.8085	coherence	1.0000	0.4993	0.5002	0.5013	0.5082	0.5010	0.9610	1.0000	0.4997
v2_fc_stress_seed13	reports/v2_fc_stress_seed13/reliability_report.json	stress	human	prob_aug_recon_fc	eval	13.0000	2.0000	1.0373	fault_detection/test_ood/sensor_delay@10	0.7681	coherence	0.9890	0.4778	0.5186	0.5471	0.5420	0.4972	0.4983	0.9890	0.5040
v2_fc_stress_seed13	reports/v2_fc_stress_seed13/reliability_report.json	stress	human	prob_aug_recon_fc	eval	13.0000	2.0000	1.0373	fault_detection/test_ood/sensor_delay@20	0.7830	coherence	0.9766	0.4686	0.5420	0.5998	0.5899	0.5218	0.4984	0.9766	0.5224
v2_fc_stress_seed13	reports/v2_fc_stress_seed13/reliability_report.json	stress	human	prob_aug_recon_fc	eval	13.0000	2.0000	1.0373	fault_detection/test_ood/sensor_delay@5	0.7428	coherence	0.9749	0.4863	0.5063	0.5190	0.5152	0.5131	0.4990	0.9749	0.5011
v2_fc_stress_seed13	reports/v2_fc_stress_seed13/reliability_report.json	stress	human	prob_aug_recon_fc	eval	13.0000	2.0000	1.0373	fault_detection/test_ood/sensor_delay_jitter@10	0.7570	coherence	0.9621	0.4783	0.5191	0.5516	0.5464	0.4911	0.4985	0.9621	0.5057
v2_fc_stress_seed13	reports/v2_fc_stress_seed13/reliability_report.json	stress	human	prob_aug_recon_fc	eval	13.0000	2.0000	1.0373	fault_detection/test_ood/sensor_delay_jitter@20	0.7876	coherence	0.9710	0.4688	0.5407	0.5975	0.5904	0.5239	0.4987	0.9710	0.5201
v2_fc_stress_seed13	reports/v2_fc_stress_seed13/reliability_report.json	stress	human	prob_aug_recon_fc	eval	13.0000	2.0000	1.0373	fault_detection/train/packet_loss@0.05	0.5632	staleness	0.7049	0.4998	0.5000	0.5002	0.5032	0.4998	0.7049	0.5148	0.5000
v2_fc_stress_seed13	reports/v2_fc_stress_seed13/reliability_report.json	stress	human	prob_aug_recon_fc	eval	13.0000	2.0000	1.0373	fault_detection/train/packet_loss@0.15	0.8522	staleness	0.9123	0.4996	0.5001	0.5006	0.5097	0.5050	0.9123	0.4773	0.5003
v2_fc_stress_seed13	reports/v2_fc_stress_seed13/reliability_report.json	stress	human	prob_aug_recon_fc	eval	13.0000	2.0000	1.0373	fault_detection/train/packet_loss@0.30	0.9671	staleness	0.9837	0.4991	0.5002	0.5015	0.5212	0.5013	0.9837	0.3447	0.5005
v2_fc_stress_seed13	reports/v2_fc_stress_seed13/reliability_report.json	stress	human	prob_aug_recon_fc	eval	13.0000	2.0000	1.0373	fault_detection/train/packet_loss_burst@0.05	0.5065	staleness	0.6953	0.4997	0.5001	0.5006	0.5050	0.4930	0.6953	0.3826	0.5000
v2_fc_stress_seed13	reports/v2_fc_stress_seed13/reliability_report.json	stress	human	prob_aug_recon_fc	eval	13.0000	2.0000	1.0373	fault_detection/train/packet_loss_burst@0.15	0.7612	staleness	0.8808	0.4982	0.5010	0.5032	0.5163	0.4984	0.8808	0.0812	0.5029
v2_fc_stress_seed13	reports/v2_fc_stress_seed13/reliability_report.json	stress	human	prob_aug_recon_fc	eval	13.0000	2.0000	1.0373	fault_detection/train/packet_loss_partial@0.15	0.8783	coherence	0.9988	0.4996	0.5001	0.5013	0.5097	0.4982	0.9147	0.9988	0.5001
v2_fc_stress_seed13	reports/v2_fc_stress_seed13/reliability_report.json	stress	human	prob_aug_recon_fc	eval	13.0000	2.0000	1.0373	fault_detection/train/sensor_delay@10	0.8039	coherence	0.9374	0.4224	0.5806	0.6002	0.5846	0.5135	0.4987	0.9374	0.5153
v2_fc_stress_seed13	reports/v2_fc_stress_seed13/reliability_report.json	stress	human	prob_aug_recon_fc	eval	13.0000	2.0000	1.0373	fault_detection/train/sensor_delay@20	0.8574	coherence	0.9664	0.3905	0.6464	0.6701	0.6519	0.5610	0.4974	0.9664	0.5522
v2_fc_stress_seed13	reports/v2_fc_stress_seed13/reliability_report.json	stress	human	prob_aug_recon_fc	eval	13.0000	2.0000	1.0373	fault_detection/train/sensor_delay@5	0.7742	coherence	0.9356	0.4568	0.5367	0.5439	0.5331	0.4933	0.4994	0.9356	0.5041
v2_fc_stress_seed13	reports/v2_fc_stress_seed13/reliability_report.json	stress	human	prob_aug_recon_fc	eval	13.0000	2.0000	1.0373	fault_detection/train/sensor_delay_jitter@10	0.7983	coherence	0.9225	0.4270	0.5814	0.6074	0.5919	0.5168	0.4987	0.9225	0.5166
v2_fc_stress_seed13	reports/v2_fc_stress_seed13/reliability_report.json	stress	human	prob_aug_recon_fc	eval	13.0000	2.0000	1.0373	fault_detection/train/sensor_delay_jitter@20	0.8494	coherence	0.9537	0.3939	0.6406	0.6727	0.6545	0.5581	0.4976	0.9537	0.5573
v2_fc_stress_seed13	reports/v2_fc_stress_seed13/reliability_report.json	stress	human	prob_aug_recon_fc	eval	13.0000	2.0000	1.0373	fault_detection/val/packet_loss@0.05	0.5369	staleness	0.7261	0.5000	0.4999	0.5002	0.5041	0.4988	0.7261	0.5198	0.5001
v2_fc_stress_seed13	reports/v2_fc_stress_seed13/reliability_report.json	stress	human	prob_aug_recon_fc	eval	13.0000	2.0000	1.0373	fault_detection/val/packet_loss@0.15	0.7625	staleness	0.9204	0.4997	0.5002	0.5007	0.5104	0.4977	0.9204	0.4735	0.5012
v2_fc_stress_seed13	reports/v2_fc_stress_seed13/reliability_report.json	stress	human	prob_aug_recon_fc	eval	13.0000	2.0000	1.0373	fault_detection/val/packet_loss@0.30	0.9342	staleness	0.9670	0.4991	0.4999	0.5017	0.5219	0.4937	0.9670	0.3486	0.5000
v2_fc_stress_seed13	reports/v2_fc_stress_seed13/reliability_report.json	stress	human	prob_aug_recon_fc	eval	13.0000	2.0000	1.0373	fault_detection/val/packet_loss_burst@0.05	0.4586	staleness	0.7230	0.5001	0.5004	0.5007	0.5057	0.4965	0.7230	0.3800	0.5010
v2_fc_stress_seed13	reports/v2_fc_stress_seed13/reliability_report.json	stress	human	prob_aug_recon_fc	eval	13.0000	2.0000	1.0373	fault_detection/val/packet_loss_burst@0.15	0.6789	staleness	0.9013	0.4984	0.5012	0.5033	0.5173	0.4935	0.9013	0.0748	0.5053
v2_fc_stress_seed13	reports/v2_fc_stress_seed13/reliability_report.json	stress	human	prob_aug_recon_fc	eval	13.0000	2.0000	1.0373	fault_detection/val/packet_loss_partial@0.15	0.8742	coherence	0.9998	0.4996	0.5001	0.5014	0.5103	0.5012	0.9230	0.9998	0.5004
v2_fc_stress_seed13	reports/v2_fc_stress_seed13/reliability_report.json	stress	human	prob_aug_recon_fc	eval	13.0000	2.0000	1.0373	fault_detection/val/sensor_delay@10	0.8380	coherence	0.9529	0.4357	0.5731	0.5957	0.5825	0.5191	0.5009	0.9529	0.5136
v2_fc_stress_seed13	reports/v2_fc_stress_seed13/reliability_report.json	stress	human	prob_aug_recon_fc	eval	13.0000	2.0000	1.0373	fault_detection/val/sensor_delay@20	0.8675	coherence	0.9678	0.4074	0.6259	0.6666	0.6487	0.5592	0.5012	0.9678	0.5405
v2_fc_stress_seed13	reports/v2_fc_stress_seed13/reliability_report.json	stress	human	prob_aug_recon_fc	eval	13.0000	2.0000	1.0373	fault_detection/val/sensor_delay@5	0.8095	coherence	0.9411	0.4665	0.5352	0.5418	0.5325	0.5010	0.5005	0.9411	0.5063
v2_fc_stress_seed13	reports/v2_fc_stress_seed13/reliability_report.json	stress	human	prob_aug_recon_fc	eval	13.0000	2.0000	1.0373	fault_detection/val/sensor_delay_jitter@10	0.8197	coherence	0.9299	0.4404	0.5720	0.6072	0.5934	0.5200	0.5010	0.9299	0.5145
v2_fc_stress_seed13	reports/v2_fc_stress_seed13/reliability_report.json	stress	human	prob_aug_recon_fc	eval	13.0000	2.0000	1.0373	fault_detection/val/sensor_delay_jitter@20	0.8734	coherence	0.9744	0.4072	0.6249	0.6699	0.6529	0.5648	0.5011	0.9744	0.5418
v2_fc_stress_seed13	reports/v2_fc_stress_seed13/reliability_report.json	stress	human	prob_aug_recon_fc	eval	13.0000	2.0000	1.0373	ood_detection/clean	0.7289	aleatoric	0.7368	0.5527	0.7368	0.7188	0.6986	0.7279	0.5564	0.5623	0.6662
v2_fc_stress_seed23	reports/v2_fc_stress_seed23/reliability_report.json	stress	human	prob_aug_recon_fc	eval	23.0000	2.0000	1.0414	fault_detection/test_id/packet_loss@0.05	0.5398	staleness	0.7639	0.4998	0.4998	0.5001	0.5031	0.5119	0.7639	0.5239	0.5001
v2_fc_stress_seed23	reports/v2_fc_stress_seed23/reliability_report.json	stress	human	prob_aug_recon_fc	eval	23.0000	2.0000	1.0414	fault_detection/test_id/packet_loss@0.15	0.8808	staleness	0.9380	0.4993	0.5001	0.5007	0.5082	0.4957	0.9380	0.4749	0.5002
v2_fc_stress_seed23	reports/v2_fc_stress_seed23/reliability_report.json	stress	human	prob_aug_recon_fc	eval	23.0000	2.0000	1.0414	fault_detection/test_id/packet_loss@0.30	0.9625	staleness	0.9712	0.4994	0.5001	0.5014	0.5164	0.5017	0.9712	0.3410	0.5005
v2_fc_stress_seed23	reports/v2_fc_stress_seed23/reliability_report.json	stress	human	prob_aug_recon_fc	eval	23.0000	2.0000	1.0414	fault_detection/test_id/packet_loss_burst@0.05	0.4336	staleness	0.7567	0.4998	0.4997	0.4998	0.5039	0.5082	0.7567	0.3748	0.5002
v2_fc_stress_seed23	reports/v2_fc_stress_seed23/reliability_report.json	stress	human	prob_aug_recon_fc	eval	23.0000	2.0000	1.0414	fault_detection/test_id/packet_loss_burst@0.15	0.7199	staleness	0.9178	0.4988	0.5009	0.5035	0.5143	0.5069	0.9178	0.0531	0.5027
v2_fc_stress_seed23	reports/v2_fc_stress_seed23/reliability_report.json	stress	human	prob_aug_recon_fc	eval	23.0000	2.0000	1.0414	fault_detection/test_id/packet_loss_partial@0.15	0.9208	coherence	1.0000	0.4997	0.5002	0.5014	0.5081	0.5077	0.9390	1.0000	0.5003
v2_fc_stress_seed23	reports/v2_fc_stress_seed23/reliability_report.json	stress	human	prob_aug_recon_fc	eval	23.0000	2.0000	1.0414	fault_detection/test_id/sensor_delay@10	0.8875	coherence	0.9531	0.4490	0.5634	0.6210	0.6077	0.5118	0.4969	0.9531	0.5090
v2_fc_stress_seed23	reports/v2_fc_stress_seed23/reliability_report.json	stress	human	prob_aug_recon_fc	eval	23.0000	2.0000	1.0414	fault_detection/test_id/sensor_delay@20	0.9087	coherence	0.9498	0.4222	0.6244	0.7022	0.6869	0.5572	0.4937	0.9498	0.5397
v2_fc_stress_seed23	reports/v2_fc_stress_seed23/reliability_report.json	stress	human	prob_aug_recon_fc	eval	23.0000	2.0000	1.0414	fault_detection/test_id/sensor_delay@5	0.8728	coherence	0.9569	0.4713	0.5275	0.5535	0.5437	0.4871	0.4985	0.9569	0.5012
v2_fc_stress_seed23	reports/v2_fc_stress_seed23/reliability_report.json	stress	human	prob_aug_recon_fc	eval	23.0000	2.0000	1.0414	fault_detection/test_id/sensor_delay_jitter@10	0.8710	coherence	0.9252	0.4534	0.5661	0.6252	0.6118	0.5229	0.4962	0.9252	0.5133
v2_fc_stress_seed23	reports/v2_fc_stress_seed23/reliability_report.json	stress	human	prob_aug_recon_fc	eval	23.0000	2.0000	1.0414	fault_detection/test_id/sensor_delay_jitter@20	0.9136	coherence	0.9708	0.4241	0.6249	0.6969	0.6833	0.5530	0.4929	0.9708	0.5434
v2_fc_stress_seed23	reports/v2_fc_stress_seed23/reliability_report.json	stress	human	prob_aug_recon_fc	eval	23.0000	2.0000	1.0414	fault_detection/test_ood/packet_loss@0.05	0.5755	staleness	0.6992	0.4996	0.4994	0.5003	0.5038	0.5144	0.6992	0.5041	0.4996
v2_fc_stress_seed23	reports/v2_fc_stress_seed23/reliability_report.json	stress	human	prob_aug_recon_fc	eval	23.0000	2.0000	1.0414	fault_detection/test_ood/packet_loss@0.15	0.7928	staleness	0.9565	0.4994	0.4997	0.5003	0.5076	0.4992	0.9565	0.4636	0.4996
v2_fc_stress_seed23	reports/v2_fc_stress_seed23/reliability_report.json	stress	human	prob_aug_recon_fc	eval	23.0000	2.0000	1.0414	fault_detection/test_ood/packet_loss@0.30	0.9089	staleness	0.9999	0.4994	0.5000	0.5005	0.5122	0.5230	0.9999	0.3169	0.5006
v2_fc_stress_seed23	reports/v2_fc_stress_seed23/reliability_report.json	stress	human	prob_aug_recon_fc	eval	23.0000	2.0000	1.0414	fault_detection/test_ood/packet_loss_burst@0.05	0.5509	staleness	0.7014	0.4994	0.4998	0.5003	0.5043	0.5073	0.7014	0.3598	0.5006
v2_fc_stress_seed23	reports/v2_fc_stress_seed23/reliability_report.json	stress	human	prob_aug_recon_fc	eval	23.0000	2.0000	1.0414	fault_detection/test_ood/packet_loss_burst@0.15	0.7564	staleness	0.9191	0.5001	0.4993	0.5017	0.5079	0.5173	0.9191	0.0588	0.4992
v2_fc_stress_seed23	reports/v2_fc_stress_seed23/reliability_report.json	stress	human	prob_aug_recon_fc	eval	23.0000	2.0000	1.0414	fault_detection/test_ood/packet_loss_partial@0.15	0.8138	coherence	1.0000	0.4995	0.5000	0.5010	0.5070	0.5076	0.9600	1.0000	0.4999
v2_fc_stress_seed23	reports/v2_fc_stress_seed23/reliability_report.json	stress	human	prob_aug_recon_fc	eval	23.0000	2.0000	1.0414	fault_detection/test_ood/sensor_delay@10	0.7791	coherence	0.9890	0.4805	0.5125	0.5479	0.5410	0.4961	0.4984	0.9890	0.5041
v2_fc_stress_seed23	reports/v2_fc_stress_seed23/reliability_report.json	stress	human	prob_aug_recon_fc	eval	23.0000	2.0000	1.0414	fault_detection/test_ood/sensor_delay@20	0.7962	coherence	0.9765	0.4739	0.5172	0.5991	0.5920	0.5107	0.4979	0.9765	0.5222
v2_fc_stress_seed23	reports/v2_fc_stress_seed23/reliability_report.json	stress	human	prob_aug_recon_fc	eval	23.0000	2.0000	1.0414	fault_detection/test_ood/sensor_delay@5	0.7584	coherence	0.9749	0.4892	0.5068	0.5176	0.5147	0.5043	0.4988	0.9749	0.5005
v2_fc_stress_seed23	reports/v2_fc_stress_seed23/reliability_report.json	stress	human	prob_aug_recon_fc	eval	23.0000	2.0000	1.0414	fault_detection/test_ood/sensor_delay_jitter@10	0.7713	coherence	0.9584	0.4823	0.5117	0.5496	0.5441	0.5011	0.4979	0.9584	0.5057
v2_fc_stress_seed23	reports/v2_fc_stress_seed23/reliability_report.json	stress	human	prob_aug_recon_fc	eval	23.0000	2.0000	1.0414	fault_detection/test_ood/sensor_delay_jitter@20	0.8014	coherence	0.9800	0.4757	0.5203	0.5999	0.5926	0.5076	0.4983	0.9800	0.5250
v2_fc_stress_seed23	reports/v2_fc_stress_seed23/reliability_report.json	stress	human	prob_aug_recon_fc	eval	23.0000	2.0000	1.0414	fault_detection/train/packet_loss@0.05	0.5618	staleness	0.7039	0.4999	0.5000	0.5001	0.5025	0.4974	0.7039	0.5152	0.5000
v2_fc_stress_seed23	reports/v2_fc_stress_seed23/reliability_report.json	stress	human	prob_aug_recon_fc	eval	23.0000	2.0000	1.0414	fault_detection/train/packet_loss@0.15	0.8549	staleness	0.9120	0.4997	0.5001	0.5007	0.5081	0.5012	0.9120	0.4736	0.5001
v2_fc_stress_seed23	reports/v2_fc_stress_seed23/reliability_report.json	stress	human	prob_aug_recon_fc	eval	23.0000	2.0000	1.0414	fault_detection/train/packet_loss@0.30	0.9672	staleness	0.9836	0.4993	0.5001	0.5014	0.5172	0.5012	0.9836	0.3439	0.5005
v2_fc_stress_seed23	reports/v2_fc_stress_seed23/reliability_report.json	stress	human	prob_aug_recon_fc	eval	23.0000	2.0000	1.0414	fault_detection/train/packet_loss_burst@0.05	0.5068	staleness	0.6971	0.4997	0.5002	0.5004	0.5039	0.4994	0.6971	0.3822	0.5001
v2_fc_stress_seed23	reports/v2_fc_stress_seed23/reliability_report.json	stress	human	prob_aug_recon_fc	eval	23.0000	2.0000	1.0414	fault_detection/train/packet_loss_burst@0.15	0.7722	staleness	0.8855	0.4989	0.5007	0.5036	0.5146	0.4994	0.8855	0.0783	0.5023
v2_fc_stress_seed23	reports/v2_fc_stress_seed23/reliability_report.json	stress	human	prob_aug_recon_fc	eval	23.0000	2.0000	1.0414	fault_detection/train/packet_loss_partial@0.15	0.8813	coherence	0.9989	0.4996	0.5002	0.5013	0.5077	0.5014	0.9140	0.9989	0.5001
v2_fc_stress_seed23	reports/v2_fc_stress_seed23/reliability_report.json	stress	human	prob_aug_recon_fc	eval	23.0000	2.0000	1.0414	fault_detection/train/sensor_delay@10	0.8117	coherence	0.9374	0.4448	0.5711	0.6067	0.5942	0.5033	0.4987	0.9374	0.5151
v2_fc_stress_seed23	reports/v2_fc_stress_seed23/reliability_report.json	stress	human	prob_aug_recon_fc	eval	23.0000	2.0000	1.0414	fault_detection/train/sensor_delay@20	0.8637	coherence	0.9664	0.4187	0.6330	0.6756	0.6606	0.5463	0.4974	0.9664	0.5519
v2_fc_stress_seed23	reports/v2_fc_stress_seed23/reliability_report.json	stress	human	prob_aug_recon_fc	eval	23.0000	2.0000	1.0414	fault_detection/train/sensor_delay@5	0.7795	coherence	0.9355	0.4677	0.5322	0.5499	0.5401	0.4973	0.4994	0.9355	0.5040
v2_fc_stress_seed23	reports/v2_fc_stress_seed23/reliability_report.json	stress	human	prob_aug_recon_fc	eval	23.0000	2.0000	1.0414	fault_detection/train/sensor_delay_jitter@10	0.8072	coherence	0.9250	0.4482	0.5721	0.6117	0.5993	0.5151	0.4989	0.9250	0.5166
v2_fc_stress_seed23	reports/v2_fc_stress_seed23/reliability_report.json	stress	human	prob_aug_recon_fc	eval	23.0000	2.0000	1.0414	fault_detection/train/sensor_delay_jitter@20	0.8551	coherence	0.9533	0.4190	0.6308	0.6794	0.6643	0.5499	0.4976	0.9533	0.5593
v2_fc_stress_seed23	reports/v2_fc_stress_seed23/reliability_report.json	stress	human	prob_aug_recon_fc	eval	23.0000	2.0000	1.0414	fault_detection/val/packet_loss@0.05	0.5316	staleness	0.7262	0.4997	0.5001	0.5001	0.5033	0.5076	0.7262	0.5180	0.5001
v2_fc_stress_seed23	reports/v2_fc_stress_seed23/reliability_report.json	stress	human	prob_aug_recon_fc	eval	23.0000	2.0000	1.0414	fault_detection/val/packet_loss@0.15	0.7710	staleness	0.9191	0.4994	0.4998	0.5009	0.5092	0.5070	0.9191	0.4788	0.4998
v2_fc_stress_seed23	reports/v2_fc_stress_seed23/reliability_report.json	stress	human	prob_aug_recon_fc	eval	23.0000	2.0000	1.0414	fault_detection/val/packet_loss@0.30	0.9378	staleness	0.9666	0.4991	0.4999	0.5016	0.5182	0.4961	0.9666	0.3516	0.5008
v2_fc_stress_seed23	reports/v2_fc_stress_seed23/reliability_report.json	stress	human	prob_aug_recon_fc	eval	23.0000	2.0000	1.0414	fault_detection/val/packet_loss_burst@0.05	0.4540	staleness	0.7185	0.4998	0.5001	0.5006	0.5052	0.5040	0.7185	0.3785	0.5007
v2_fc_stress_seed23	reports/v2_fc_stress_seed23/reliability_report.json	stress	human	prob_aug_recon_fc	eval	23.0000	2.0000	1.0414	fault_detection/val/packet_loss_burst@0.15	0.6464	staleness	0.9008	0.4987	0.5004	0.5027	0.5139	0.4999	0.9008	0.0771	0.5030
v2_fc_stress_seed23	reports/v2_fc_stress_seed23/reliability_report.json	stress	human	prob_aug_recon_fc	eval	23.0000	2.0000	1.0414	fault_detection/val/packet_loss_partial@0.15	0.8804	coherence	0.9994	0.4998	0.5004	0.5011	0.5081	0.4996	0.9222	0.9994	0.5002
v2_fc_stress_seed23	reports/v2_fc_stress_seed23/reliability_report.json	stress	human	prob_aug_recon_fc	eval	23.0000	2.0000	1.0414	fault_detection/val/sensor_delay@10	0.8469	coherence	0.9529	0.4571	0.5635	0.6018	0.5911	0.5160	0.5009	0.9529	0.5137
v2_fc_stress_seed23	reports/v2_fc_stress_seed23/reliability_report.json	stress	human	prob_aug_recon_fc	eval	23.0000	2.0000	1.0414	fault_detection/val/sensor_delay@20	0.8720	coherence	0.9677	0.4350	0.6130	0.6722	0.6579	0.5454	0.5011	0.9677	0.5400
v2_fc_stress_seed23	reports/v2_fc_stress_seed23/reliability_report.json	stress	human	prob_aug_recon_fc	eval	23.0000	2.0000	1.0414	fault_detection/val/sensor_delay@5	0.8134	coherence	0.9410	0.4755	0.5302	0.5472	0.5380	0.4910	0.5006	0.9410	0.5060
v2_fc_stress_seed23	reports/v2_fc_stress_seed23/reliability_report.json	stress	human	prob_aug_recon_fc	eval	23.0000	2.0000	1.0414	fault_detection/val/sensor_delay_jitter@10	0.8368	coherence	0.9441	0.4578	0.5632	0.6078	0.5973	0.5096	0.5013	0.9441	0.5134
v2_fc_stress_seed23	reports/v2_fc_stress_seed23/reliability_report.json	stress	human	prob_aug_recon_fc	eval	23.0000	2.0000	1.0414	fault_detection/val/sensor_delay_jitter@20	0.8724	coherence	0.9685	0.4366	0.6076	0.6716	0.6578	0.5604	0.5008	0.9685	0.5427
v2_fc_stress_seed23	reports/v2_fc_stress_seed23/reliability_report.json	stress	human	prob_aug_recon_fc	eval	23.0000	2.0000	1.0414	ood_detection/clean	0.7152	residual	0.7151	0.5483	0.6884	0.7151	0.7026	0.7072	0.5565	0.5623	0.6659
v2_fc_stress_seed7	reports/v2_fc_stress_seed7/reliability_report.json	stress	human	prob_aug_recon_fc	eval	7.0000	2.0000	1.0520	fault_detection/test_id/packet_loss@0.05	0.5363	staleness	0.7659	0.5000	0.4999	0.5002	0.5030	0.5050	0.7659	0.5235	0.5002
v2_fc_stress_seed7	reports/v2_fc_stress_seed7/reliability_report.json	stress	human	prob_aug_recon_fc	eval	7.0000	2.0000	1.0520	fault_detection/test_id/packet_loss@0.15	0.8669	staleness	0.9380	0.4994	0.5003	0.5005	0.5073	0.5121	0.9380	0.4781	0.5000
v2_fc_stress_seed7	reports/v2_fc_stress_seed7/reliability_report.json	stress	human	prob_aug_recon_fc	eval	7.0000	2.0000	1.0520	fault_detection/test_id/packet_loss@0.30	0.9593	staleness	0.9711	0.4989	0.5000	0.5010	0.5144	0.5016	0.9711	0.3355	0.4997
v2_fc_stress_seed7	reports/v2_fc_stress_seed7/reliability_report.json	stress	human	prob_aug_recon_fc	eval	7.0000	2.0000	1.0520	fault_detection/test_id/packet_loss_burst@0.05	0.4429	staleness	0.7564	0.4992	0.4999	0.5000	0.5034	0.5115	0.7564	0.3722	0.5004
v2_fc_stress_seed7	reports/v2_fc_stress_seed7/reliability_report.json	stress	human	prob_aug_recon_fc	eval	7.0000	2.0000	1.0520	fault_detection/test_id/packet_loss_burst@0.15	0.7431	staleness	0.9230	0.4983	0.5013	0.5036	0.5143	0.4990	0.9230	0.0435	0.5012
v2_fc_stress_seed7	reports/v2_fc_stress_seed7/reliability_report.json	stress	human	prob_aug_recon_fc	eval	7.0000	2.0000	1.0520	fault_detection/test_id/packet_loss_partial@0.15	0.9098	coherence	1.0000	0.4994	0.5000	0.5014	0.5070	0.5001	0.9391	1.0000	0.5003
v2_fc_stress_seed7	reports/v2_fc_stress_seed7/reliability_report.json	stress	human	prob_aug_recon_fc	eval	7.0000	2.0000	1.0520	fault_detection/test_id/sensor_delay@10	0.8697	coherence	0.9531	0.4331	0.5680	0.5978	0.5884	0.5086	0.4971	0.9531	0.5089
v2_fc_stress_seed7	reports/v2_fc_stress_seed7/reliability_report.json	stress	human	prob_aug_recon_fc	eval	7.0000	2.0000	1.0520	fault_detection/test_id/sensor_delay@20	0.8887	coherence	0.9498	0.3853	0.6405	0.6728	0.6609	0.5537	0.4939	0.9498	0.5403
v2_fc_stress_seed7	reports/v2_fc_stress_seed7/reliability_report.json	stress	human	prob_aug_recon_fc	eval	7.0000	2.0000	1.0520	fault_detection/test_id/sensor_delay@5	0.8556	coherence	0.9569	0.4661	0.5294	0.5417	0.5354	0.5045	0.4985	0.9569	0.5011
v2_fc_stress_seed7	reports/v2_fc_stress_seed7/reliability_report.json	stress	human	prob_aug_recon_fc	eval	7.0000	2.0000	1.0520	fault_detection/test_id/sensor_delay_jitter@10	0.8594	coherence	0.9395	0.4357	0.5672	0.5997	0.5906	0.5207	0.4972	0.9395	0.5108
v2_fc_stress_seed7	reports/v2_fc_stress_seed7/reliability_report.json	stress	human	prob_aug_recon_fc	eval	7.0000	2.0000	1.0520	fault_detection/test_id/sensor_delay_jitter@20	0.8949	coherence	0.9682	0.3893	0.6370	0.6743	0.6634	0.5418	0.4942	0.9682	0.5445
v2_fc_stress_seed7	reports/v2_fc_stress_seed7/reliability_report.json	stress	human	prob_aug_recon_fc	eval	7.0000	2.0000	1.0520	fault_detection/test_ood/packet_loss@0.05	0.5855	staleness	0.6956	0.4996	0.5002	0.5003	0.5031	0.5238	0.6956	0.5114	0.5000
v2_fc_stress_seed7	reports/v2_fc_stress_seed7/reliability_report.json	stress	human	prob_aug_recon_fc	eval	7.0000	2.0000	1.0520	fault_detection/test_ood/packet_loss@0.15	0.7881	staleness	0.9575	0.4992	0.5004	0.5000	0.5061	0.4937	0.9575	0.4544	0.5002
v2_fc_stress_seed7	reports/v2_fc_stress_seed7/reliability_report.json	stress	human	prob_aug_recon_fc	eval	7.0000	2.0000	1.0520	fault_detection/test_ood/packet_loss@0.30	0.9181	staleness	1.0000	0.4990	0.4995	0.5018	0.5124	0.4938	1.0000	0.3086	0.5011
v2_fc_stress_seed7	reports/v2_fc_stress_seed7/reliability_report.json	stress	human	prob_aug_recon_fc	eval	7.0000	2.0000	1.0520	fault_detection/test_ood/packet_loss_burst@0.05	0.5648	staleness	0.6951	0.5004	0.4998	0.5008	0.5032	0.4873	0.6951	0.3641	0.5012
v2_fc_stress_seed7	reports/v2_fc_stress_seed7/reliability_report.json	stress	human	prob_aug_recon_fc	eval	7.0000	2.0000	1.0520	fault_detection/test_ood/packet_loss_burst@0.15	0.7582	staleness	0.9286	0.4987	0.5008	0.4985	0.5066	0.5095	0.9286	0.0439	0.5012
v2_fc_stress_seed7	reports/v2_fc_stress_seed7/reliability_report.json	stress	human	prob_aug_recon_fc	eval	7.0000	2.0000	1.0520	fault_detection/test_ood/packet_loss_partial@0.15	0.8163	coherence	1.0000	0.4992	0.5001	0.5011	0.5068	0.4913	0.9608	1.0000	0.5008
v2_fc_stress_seed7	reports/v2_fc_stress_seed7/reliability_report.json	stress	human	prob_aug_recon_fc	eval	7.0000	2.0000	1.0520	fault_detection/test_ood/sensor_delay@10	0.7733	coherence	0.9890	0.4817	0.5143	0.5390	0.5336	0.5020	0.4983	0.9890	0.5049
v2_fc_stress_seed7	reports/v2_fc_stress_seed7/reliability_report.json	stress	human	prob_aug_recon_fc	eval	7.0000	2.0000	1.0520	fault_detection/test_ood/sensor_delay@20	0.7858	coherence	0.9765	0.4722	0.5305	0.5814	0.5757	0.5189	0.4982	0.9765	0.5231
v2_fc_stress_seed7	reports/v2_fc_stress_seed7/reliability_report.json	stress	human	prob_aug_recon_fc	eval	7.0000	2.0000	1.0520	fault_detection/test_ood/sensor_delay@5	0.7534	coherence	0.9749	0.4894	0.5063	0.5147	0.5120	0.4948	0.4986	0.9749	0.5013
v2_fc_stress_seed7	reports/v2_fc_stress_seed7/reliability_report.json	stress	human	prob_aug_recon_fc	eval	7.0000	2.0000	1.0520	fault_detection/test_ood/sensor_delay_jitter@10	0.7574	coherence	0.9620	0.4820	0.5152	0.5374	0.5334	0.4847	0.4985	0.9620	0.5068
v2_fc_stress_seed7	reports/v2_fc_stress_seed7/reliability_report.json	stress	human	prob_aug_recon_fc	eval	7.0000	2.0000	1.0520	fault_detection/test_ood/sensor_delay_jitter@20	0.7929	coherence	0.9799	0.4723	0.5313	0.5829	0.5767	0.5408	0.4986	0.9799	0.5221
v2_fc_stress_seed7	reports/v2_fc_stress_seed7/reliability_report.json	stress	human	prob_aug_recon_fc	eval	7.0000	2.0000	1.0520	fault_detection/train/packet_loss@0.05	0.5601	staleness	0.7026	0.4999	0.5000	0.5002	0.5022	0.4991	0.7026	0.5144	0.5000
v2_fc_stress_seed7	reports/v2_fc_stress_seed7/reliability_report.json	stress	human	prob_aug_recon_fc	eval	7.0000	2.0000	1.0520	fault_detection/train/packet_loss@0.15	0.8516	staleness	0.9120	0.4997	0.5001	0.5005	0.5070	0.4991	0.9120	0.4755	0.5001
v2_fc_stress_seed7	reports/v2_fc_stress_seed7/reliability_report.json	stress	human	prob_aug_recon_fc	eval	7.0000	2.0000	1.0520	fault_detection/train/packet_loss@0.30	0.9651	staleness	0.9836	0.4993	0.5001	0.5015	0.5154	0.4995	0.9836	0.3467	0.5002
v2_fc_stress_seed7	reports/v2_fc_stress_seed7/reliability_report.json	stress	human	prob_aug_recon_fc	eval	7.0000	2.0000	1.0520	fault_detection/train/packet_loss_burst@0.05	0.5049	staleness	0.6964	0.4997	0.5001	0.5004	0.5036	0.5013	0.6964	0.3796	0.5003
v2_fc_stress_seed7	reports/v2_fc_stress_seed7/reliability_report.json	stress	human	prob_aug_recon_fc	eval	7.0000	2.0000	1.0520	fault_detection/train/packet_loss_burst@0.15	0.7615	staleness	0.8841	0.4987	0.5011	0.5033	0.5130	0.4964	0.8841	0.0815	0.5026
v2_fc_stress_seed7	reports/v2_fc_stress_seed7/reliability_report.json	stress	human	prob_aug_recon_fc	eval	7.0000	2.0000	1.0520	fault_detection/train/packet_loss_partial@0.15	0.8760	coherence	0.9989	0.4996	0.5000	0.5011	0.5068	0.5015	0.9141	0.9989	0.5002
v2_fc_stress_seed7	reports/v2_fc_stress_seed7/reliability_report.json	stress	human	prob_aug_recon_fc	eval	7.0000	2.0000	1.0520	fault_detection/train/sensor_delay@10	0.7989	coherence	0.9374	0.4321	0.5705	0.5890	0.5800	0.5024	0.4987	0.9374	0.5153
v2_fc_stress_seed7	reports/v2_fc_stress_seed7/reliability_report.json	stress	human	prob_aug_recon_fc	eval	7.0000	2.0000	1.0520	fault_detection/train/sensor_delay@20	0.8499	coherence	0.9664	0.3934	0.6415	0.6501	0.6396	0.5411	0.4974	0.9664	0.5522
v2_fc_stress_seed7	reports/v2_fc_stress_seed7/reliability_report.json	stress	human	prob_aug_recon_fc	eval	7.0000	2.0000	1.0520	fault_detection/train/sensor_delay@5	0.7707	coherence	0.9355	0.4644	0.5305	0.5384	0.5316	0.4948	0.4994	0.9355	0.5041
v2_fc_stress_seed7	reports/v2_fc_stress_seed7/reliability_report.json	stress	human	prob_aug_recon_fc	eval	7.0000	2.0000	1.0520	fault_detection/train/sensor_delay_jitter@10	0.7938	coherence	0.9225	0.4346	0.5740	0.5949	0.5861	0.5082	0.4986	0.9225	0.5173
v2_fc_stress_seed7	reports/v2_fc_stress_seed7/reliability_report.json	stress	human	prob_aug_recon_fc	eval	7.0000	2.0000	1.0520	fault_detection/train/sensor_delay_jitter@20	0.8400	coherence	0.9551	0.3953	0.6381	0.6555	0.6443	0.5435	0.4977	0.9551	0.5572
v2_fc_stress_seed7	reports/v2_fc_stress_seed7/reliability_report.json	stress	human	prob_aug_recon_fc	eval	7.0000	2.0000	1.0520	fault_detection/val/packet_loss@0.05	0.5375	staleness	0.7292	0.4998	0.5000	0.5000	0.5032	0.5034	0.7292	0.5228	0.5000
v2_fc_stress_seed7	reports/v2_fc_stress_seed7/reliability_report.json	stress	human	prob_aug_recon_fc	eval	7.0000	2.0000	1.0520	fault_detection/val/packet_loss@0.15	0.7760	staleness	0.9215	0.4992	0.5002	0.5004	0.5076	0.4997	0.9215	0.4745	0.5003
v2_fc_stress_seed7	reports/v2_fc_stress_seed7/reliability_report.json	stress	human	prob_aug_recon_fc	eval	7.0000	2.0000	1.0520	fault_detection/val/packet_loss@0.30	0.9346	staleness	0.9666	0.4988	0.5001	0.5014	0.5159	0.4994	0.9666	0.3451	0.5007
v2_fc_stress_seed7	reports/v2_fc_stress_seed7/reliability_report.json	stress	human	prob_aug_recon_fc	eval	7.0000	2.0000	1.0520	fault_detection/val/packet_loss_burst@0.05	0.4530	staleness	0.7261	0.4998	0.5001	0.5001	0.5040	0.4867	0.7261	0.3697	0.4998
v2_fc_stress_seed7	reports/v2_fc_stress_seed7/reliability_report.json	stress	human	prob_aug_recon_fc	eval	7.0000	2.0000	1.0520	fault_detection/val/packet_loss_burst@0.15	0.6744	staleness	0.8989	0.4985	0.5011	0.5025	0.5136	0.4957	0.8989	0.0743	0.5008
v2_fc_stress_seed7	reports/v2_fc_stress_seed7/reliability_report.json	stress	human	prob_aug_recon_fc	eval	7.0000	2.0000	1.0520	fault_detection/val/packet_loss_partial@0.15	0.8778	coherence	0.9998	0.4997	0.5000	0.5016	0.5077	0.5051	0.9223	0.9998	0.5001
v2_fc_stress_seed7	reports/v2_fc_stress_seed7/reliability_report.json	stress	human	prob_aug_recon_fc	eval	7.0000	2.0000	1.0520	fault_detection/val/sensor_delay@10	0.8357	coherence	0.9529	0.4357	0.5613	0.5860	0.5777	0.5031	0.5010	0.9529	0.5135
v2_fc_stress_seed7	reports/v2_fc_stress_seed7/reliability_report.json	stress	human	prob_aug_recon_fc	eval	7.0000	2.0000	1.0520	fault_detection/val/sensor_delay@20	0.8633	coherence	0.9677	0.3957	0.6183	0.6489	0.6380	0.5390	0.5011	0.9677	0.5403
v2_fc_stress_seed7	reports/v2_fc_stress_seed7/reliability_report.json	stress	human	prob_aug_recon_fc	eval	7.0000	2.0000	1.0520	fault_detection/val/sensor_delay@5	0.8093	coherence	0.9410	0.4668	0.5276	0.5373	0.5313	0.4927	0.5005	0.9410	0.5060
v2_fc_stress_seed7	reports/v2_fc_stress_seed7/reliability_report.json	stress	human	prob_aug_recon_fc	eval	7.0000	2.0000	1.0520	fault_detection/val/sensor_delay_jitter@10	0.8268	coherence	0.9366	0.4372	0.5639	0.5914	0.5827	0.5087	0.5012	0.9366	0.5156
v2_fc_stress_seed7	reports/v2_fc_stress_seed7/reliability_report.json	stress	human	prob_aug_recon_fc	eval	7.0000	2.0000	1.0520	fault_detection/val/sensor_delay_jitter@20	0.8659	coherence	0.9714	0.3953	0.6168	0.6543	0.6439	0.5333	0.5010	0.9714	0.5457
v2_fc_stress_seed7	reports/v2_fc_stress_seed7/reliability_report.json	stress	human	prob_aug_recon_fc	eval	7.0000	2.0000	1.0520	ood_detection/clean	0.7209	aleatoric	0.7186	0.5083	0.7186	0.6852	0.6754	0.7158	0.5563	0.5624	0.6660
